<?xml version="1.0"?>
<VTKFile type="PolyData" version="0.1" byte_order="LittleEndian">
  <PolyData>
    <Piece NumberOfPoints="5000" NumberOfVerts="5000">
      <PointData>
        <DataArray type="Float32" Name="diameter" format="ascii">
          6.170127e-05 9.209763e-05 6.983463e-05 4.033999e-05 7.466667e-05 1.012029e-04 5.871675e-05 3.016728e-05 6.444151e-05 5.651957e-05 4.114632e-05 5.820511e-05 5.441257e-05 1.015255e-04 1.336191e-05 4.393933e-05 5.595234e-05 3.250278e-05 8.090863e-05 4.947093e-05 7.687298e-05 7.449852e-05 4.425644e-05 4.532524e-05 3.706687e-05 5.521902e-05 4.100351e-05 5.302378e-05 5.043489e-05 2.513424e-05 3.680148e-05 8.100825e-05 6.053130e-05 6.138672e-05 9.783830e-05 6.607369e-05 7.924830e-05 6.228098e-05 4.667370e-05 8.382450e-05 6.300080e-05 6.928976e-05 7.527562e-05 1.269172e-04 6.047007e-05 1.766272e-05 2.986563e-05 2.327320e-05 3.321788e-05 1.115182e-04 7.731080e-05 5.400168e-05 1.648458e-05 4.733792e-05 2.112890e-05 3.374109e-05 4.831844e-05 7.466619e-05 9.542311e-05 5.465349e-05 9.276169e-05 9.479989e-05 7.453196e-05 2.564164e-05 1.041357e-04 8.261599e-06 5.345387e-05 3.256156e-05 1.917500e-05 1.133612e-04 8.482806e-05 1.138204e-05 1.285355e-04 7.394130e-05 5.265287e-05 3.418121e-05 1.051292e-04 6.158082e-05 1.900757e-05 9.322185e-05 8.388426e-05 1.184330e-04 8.919924e-05 4.679075e-05 4.134456e-05 8.849349e-05 5.767003e-05 6.338055e-05 4.977428e-05 6.247022e-05 8.754090e-05 5.787372e-06 5.349206e-05 5.588978e-05 1.900844e-05 7.616801e-05 4.992245e-05 4.376869e-05 3.002087e-05 1.876035e-05 2.872960e-05 3.262599e-05 4.605317e-05 7.714269e-05 6.733787e-05 3.952731e-05 9.811467e-05 2.884379e-05 4.214101e-05 4.532702e-05 2.779388e-05 1.154390e-04 7.882690e-05 1.379699e-05 1.430435e-04 5.941949e-05 8.280568e-05 6.900569e-05 4.243158e-05 2.786675e-05 6.516140e-05 6.123694e-05 2.350276e-05 6.272854e-05 1.681519e-05 5.125719e-05 4.298912e-05 7.166333e-05 5.455627e-05 6.726693e-05 1.480661e-05 6.463363e-05 5.134587e-05 2.432954e-05 5.361047e-05 1.069229e-04 1.340394e-05 9.713100e-05 2.248934e-05 9.501470e-05 4.610891e-05 3.786436e-05 1.018359e-04 1.042446e-05 7.084484e-05 5.831414e-05 6.575353e-05 6.140830e-05 3.448804e-05 2.937558e-05 4.002441e-05 9.038726e-05 3.444166e-05 7.478928e-05 5.903210e-05 3.438214e-05 3.452057e-05 2.346866e-05 1.435553e-05 2.368265e-05 3.768349e-05 3.779304e-05 1.007706e-04 2.160804e-05 4.811708e-05 5.473615e-05 3.345751e-05 1.210194e-05 3.093916e-05 3.979723e-05 6.220897e-06 6.022511e-05 5.000000e-06 3.236938e-05 1.658162e-05 4.495360e-05 7.680461e-05 6.418992e-05 2.834556e-05 3.334361e-05 2.660978e-05 8.865615e-05 5.739579e-05 3.662824e-05 1.319524e-05 4.607867e-05 1.046174e-04 3.726664e-05 2.699102e-05 5.896448e-05 5.740949e-05 7.009802e-05 1.840217e-05 5.337498e-05 1.477560e-05 4.082367e-05 7.205831e-05 3.267042e-05 3.207469e-05 2.881666e-05 6.866306e-05 6.061269e-05 8.892830e-05 4.945111e-05 1.072125e-04 4.155633e-05 5.873436e-05 8.582578e-05 8.333694e-06 8.687239e-05 9.317541e-05 5.384768e-05 2.699642e-05 5.213673e-05 4.723822e-05 7.588610e-05 1.211270e-05 4.587105e-05 3.284890e-05 8.511348e-05 6.833143e-05 1.456839e-05 5.295141e-05 7.618076e-05 7.191988e-06 6.001000e-05 3.561603e-05 7.217795e-05 5.659815e-05 9.013773e-05 5.858973e-05 9.672961e-05 1.010139e-04 1.394157e-04 4.374884e-05 7.116259e-06 8.267853e-05 3.364847e-05 8.202447e-05 5.532045e-05 1.024293e-04 6.381107e-05 1.734784e-05 7.400126e-05 3.417091e-05 5.699921e-06 1.970076e-05 6.994302e-05 3.867579e-05 8.757382e-05 5.480566e-05 2.878560e-05 3.994164e-05 5.185014e-05 8.382483e-06 3.296193e-05 6.908713e-05 7.215914e-05 1.142187e-05 2.860126e-05 3.747443e-05 1.087898e-04 2.965079e-05 6.892881e-05 7.837275e-05 6.174490e-05 7.943258e-05 4.823466e-05 6.249552e-05 1.133151e-04 6.174730e-05 7.067832e-05 6.779610e-05 1.814267e-05 7.747267e-05 3.239847e-05 5.463161e-05 1.661363e-05 3.466608e-05 3.605387e-05 6.139869e-05 3.591283e-05 1.721811e-05 6.337903e-05 6.070552e-05 7.109229e-05 1.198628e-04 7.926253e-05 3.382698e-05 2.827603e-05 3.089708e-05 2.060255e-05 7.321573e-05 6.107349e-05 5.097931e-05 6.642519e-05 6.735798e-05 2.488454e-05 8.017795e-05 1.319166e-04 5.260001e-05 2.724623e-05 1.319250e-05 2.453910e-05 5.483197e-05 1.745367e-05 1.782902e-05 9.748179e-05 3.629477e-05 5.546079e-05 1.634363e-05 9.236905e-06 5.867760e-05 4.477094e-05 5.419310e-05 6.284707e-05 6.587151e-05 4.857398e-05 6.457629e-05 2.308433e-05 8.234908e-05 1.329604e-05 7.125444e-05 3.439605e-05 7.171242e-06 4.558971e-05 1.371341e-04 2.717992e-05 1.092763e-05 4.893862e-05 4.454970e-05 8.367506e-05 5.916958e-05 5.630457e-05 5.006829e-05 5.000000e-06 1.001481e-04 7.819722e-05 1.654380e-05 1.774811e-05 6.203892e-05 3.274400e-05 9.591390e-05 2.170732e-05 4.166811e-05 4.671926e-05 6.331267e-05 3.077681e-05 4.029029e-05 5.415008e-05 8.159377e-05 5.423231e-05 7.994581e-05 2.987788e-05 4.110148e-05 3.318478e-05 9.183899e-05 6.219892e-05 3.109485e-05 6.245594e-05 6.386528e-05 4.062983e-05 6.227868e-05 7.083712e-05 2.466619e-05 5.408976e-05 4.099428e-05 5.203002e-05 6.096422e-05 1.066038e-04 6.642602e-05 7.326118e-05 6.320922e-05 7.043558e-05 6.556707e-05 2.344853e-05 1.023673e-04 5.797414e-05 2.980863e-05 1.194608e-04 5.854648e-05 3.271157e-05 6.835906e-05 9.950364e-05 1.024246e-04 4.815022e-05 1.504919e-05 3.306069e-05 3.323749e-05 4.014803e-05 4.675337e-05 4.088195e-05 4.608301e-05 1.870114e-05 6.111051e-05 4.549911e-05 6.021850e-05 4.715504e-05 4.634087e-05 3.877136e-05 1.427803e-04 8.177308e-05 4.695486e-05 4.496854e-05 6.605913e-05 4.304941e-05 3.411613e-05 5.103170e-05 6.066097e-05 3.404517e-05 7.713982e-05 4.952206e-05 2.792597e-05 4.284176e-05 1.330299e-05 5.177237e-05 5.929490e-05 5.318155e-05 1.828179e-05 6.211218e-05 1.092337e-04 4.720416e-05 5.384438e-05 6.266009e-05 5.362571e-05 5.905282e-05 2.089811e-05 7.831639e-05 5.613698e-05 3.186897e-05 3.448981e-05 9.735077e-05 1.717356e-05 8.182188e-05 8.611921e-05 7.223992e-05 3.395820e-05 4.538277e-05 1.702793e-05 8.500191e-06 1.316716e-04 5.621371e-05 4.048153e-05 4.625167e-05 4.884019e-05 3.366020e-05 5.764500e-05 5.132060e-05 4.931420e-05 7.618871e-05 4.233506e-05 4.277340e-05 8.305270e-05 5.680841e-05 5.932453e-05 6.184429e-05 1.190807e-04 7.781090e-05 6.803139e-05 2.225528e-05 3.512619e-05 1.009237e-04 5.484043e-05 3.398570e-05 1.295070e-04 2.647280e-05 2.713015e-05 4.197778e-05 7.987648e-05 9.283589e-05 7.755205e-05 4.895536e-05 4.995949e-05 3.936025e-05 3.399035e-05 5.988896e-05 5.280988e-05 3.749910e-05 7.360371e-05 3.221792e-05 5.668702e-05 5.845739e-05 1.456966e-05 4.638256e-05 1.384432e-05 4.818903e-05 1.028725e-04 4.444137e-05 6.297263e-05 6.825830e-05 5.668847e-05 3.836235e-05 4.794765e-05 2.788146e-05 3.219089e-05 7.982404e-05 4.975887e-05 2.143861e-05 6.567317e-05 6.067002e-05 2.780135e-05 2.708662e-05 6.584072e-05 7.370731e-05 5.154939e-05 5.846467e-05 5.000000e-06 3.851812e-05 2.574892e-05 1.459993e-05 3.475235e-05 3.634779e-05 4.542426e-05 5.700205e-05 5.582433e-05 5.000000e-06 3.865538e-05 1.028784e-05 7.808025e-05 8.076425e-05 6.518914e-05 7.961124e-05 3.731372e-05 3.780021e-05 8.555393e-05 7.988131e-05 8.239782e-05 7.286450e-05 9.566716e-05 1.283355e-05 6.177813e-05 1.082849e-04 7.782691e-05 3.026551e-05 3.763638e-05 1.500000e-04 9.601765e-05 8.993984e-05 1.009858e-04 4.321400e-05 8.038709e-05 6.380808e-05 1.709145e-05 8.786511e-06 1.083248e-04 2.790366e-05 5.317602e-05 6.173566e-05 7.422393e-05 6.896628e-05 8.400012e-05 1.139305e-04 2.532782e-05 9.935086e-05 6.244579e-05 4.143293e-05 6.750249e-05 3.515638e-05 1.417843e-04 4.158499e-05 2.680970e-05 3.003208e-05 7.935852e-05 1.706835e-05 4.462883e-05 6.756334e-05 2.456116e-05 5.390483e-05 6.250539e-05 2.271111e-05 2.662040e-05 1.335676e-05 8.055655e-05 1.052305e-04 4.784954e-05 4.331523e-05 8.006871e-05 8.543046e-05 6.624518e-05 2.638712e-05 2.787992e-05 6.091775e-05 5.920101e-05 6.729885e-05 2.719765e-05 3.566264e-05 5.584410e-05 6.106430e-05 8.428973e-05 8.192738e-05 4.870368e-05 5.651480e-05 4.106633e-05 1.145673e-04 5.569922e-05 1.318267e-05 6.450737e-05 7.648687e-05 2.644234e-05 2.661957e-05 3.767370e-05 4.737029e-05 5.497424e-05 5.960967e-05 7.704819e-05 5.539086e-05 1.460742e-04 1.134451e-04 2.659930e-05 9.866677e-05 5.514292e-05 1.474256e-05 6.904903e-05 2.883744e-05 7.826995e-05 3.275343e-05 3.564896e-05 6.813477e-05 3.412951e-05 1.076246e-05 6.757151e-05 1.073929e-04 4.780628e-05 6.719733e-05 1.455811e-05 4.288962e-05 1.051248e-04 9.238599e-05 5.509559e-05 8.061344e-05 6.949867e-05 2.970228e-05 2.274859e-05 3.980979e-05 2.403105e-05 6.001800e-05 3.459791e-05 3.290397e-05 3.944944e-05 6.238210e-05 1.374097e-04 1.827707e-05 8.672178e-05 2.369065e-05 2.623667e-05 7.064782e-05 5.120972e-05 5.334906e-05 1.982178e-05 3.354488e-05 8.901668e-05 4.947431e-05 1.357471e-04 5.694680e-05 4.326489e-05 5.000000e-06 5.381552e-05 1.030953e-04 4.344518e-05 4.486609e-05 7.986244e-05 4.701132e-05 1.894980e-05 3.291334e-05 8.047002e-05 5.034102e-05 4.277000e-05 4.728547e-05 4.651445e-05 6.552852e-05 1.231034e-05 4.683109e-05 4.778412e-05 2.671130e-05 8.109181e-05 3.184585e-05 1.148104e-05 3.312296e-05 2.386794e-05 2.310077e-05 9.782184e-05 2.306357e-05 3.984589e-05 4.722642e-05 7.489760e-05 6.746939e-05 3.867881e-05 4.829907e-05 7.711151e-05 4.234043e-05 5.539140e-05 1.577960e-05 5.429891e-05 7.093722e-05 4.675961e-05 2.936477e-05 3.882570e-05 5.590027e-05 5.464994e-05 2.511731e-05 7.270565e-05 1.080774e-04 3.780217e-05 9.109417e-05 3.018859e-05 8.524079e-05 9.890729e-05 1.531466e-05 1.299924e-05 9.985455e-05 5.957827e-05 2.630502e-05 2.645347e-05 4.098373e-05 7.111541e-05 6.063660e-05 1.273144e-05 3.331057e-05 3.884182e-05 1.693213e-05 5.017728e-05 4.835831e-05 2.236330e-05 3.487951e-05 2.246154e-05 6.386284e-05 5.465224e-05 6.577373e-05 6.939179e-05 9.757209e-05 3.897747e-05 8.611559e-05 2.029544e-05 3.537199e-05 7.128121e-05 3.410916e-05 9.400983e-06 9.067524e-05 3.094596e-05 6.449877e-05 4.339810e-05 5.667331e-05 1.428518e-05 1.474857e-05 2.522453e-05 5.628200e-05 1.762192e-05 5.057193e-05 2.753960e-05 4.073221e-05 2.324425e-05 4.830157e-05 6.689066e-05 5.255180e-05 3.065586e-05 1.137653e-04 7.530823e-05 7.307169e-05 1.977362e-05 4.855942e-05 1.313314e-05 6.701914e-05 6.918301e-05 3.398250e-05 2.658462e-05 7.882474e-05 1.077401e-04 6.011727e-05 1.150270e-04 4.129643e-05 4.827680e-05 1.792094e-05 3.299734e-05 7.481197e-05 6.613509e-05 3.277383e-05 4.050614e-05 4.146858e-05 1.126107e-04 1.652563e-05 3.341671e-05 5.128711e-05 3.623710e-05 2.909809e-05 3.014099e-05 6.978919e-05 6.822326e-05 5.849405e-05 2.582978e-05 9.317477e-06 4.701512e-05 8.950837e-05 9.174487e-05 1.257164e-04 8.216980e-05 3.779936e-05 1.520765e-05 9.207130e-05 9.420477e-05 2.567400e-05 2.754514e-05 7.576084e-06 3.414413e-05 6.820391e-05 1.303962e-05 3.348582e-05 1.045801e-04 2.283445e-05 7.123846e-05 1.150115e-04 4.428803e-05 1.074328e-05 5.002661e-05 2.018543e-05 1.849515e-05 8.362943e-05 5.679385e-05 6.234719e-05 3.969360e-05 1.233289e-05 2.865931e-05 4.825354e-05 9.695862e-05 3.263542e-05 4.776449e-05 7.170616e-05 6.683028e-05 6.581430e-05 7.958111e-05 2.332554e-05 1.118241e-04 6.338570e-05 4.109843e-05 7.615714e-05 2.999917e-05 2.186716e-05 7.243721e-05 1.826324e-05 4.456685e-05 5.000000e-06 8.476766e-05 4.160718e-05 6.020344e-05 3.072814e-05 4.071596e-05 2.568221e-05 3.316129e-05 3.685205e-05 2.506275e-05 7.195566e-05 4.157851e-05 7.238448e-05 1.077555e-05 3.153991e-05 1.601323e-05 2.303134e-05 4.009959e-05 5.910391e-05 2.197147e-05 6.535334e-05 4.363608e-05 7.429687e-05 3.624399e-05 6.489933e-05 9.831929e-05 1.767592e-05 7.740245e-05 2.932821e-05 7.873740e-05 3.323063e-05 5.654905e-05 6.163512e-05 2.640858e-05 5.157509e-05 2.217508e-05 5.116183e-05 4.867966e-05 3.226174e-05 1.002671e-04 7.925563e-05 7.508310e-05 4.004468e-05 6.632990e-05 8.390068e-05 5.462218e-05 5.496392e-05 6.087993e-05 1.000447e-04 4.391335e-05 4.327949e-05 7.366260e-05 8.077962e-05 3.163976e-05 7.337287e-05 1.443759e-05 1.989396e-05 6.708752e-05 3.183930e-05 2.836805e-05 5.094831e-05 9.826828e-05 8.470964e-06 6.945840e-05 6.819664e-05 3.337378e-05 4.256107e-05 6.268464e-05 1.063940e-04 4.855575e-05 4.496623e-05 5.196783e-05 6.043063e-05 9.136813e-05 2.695805e-05 4.743643e-05 7.175394e-05 2.879360e-05 4.466560e-05 5.959784e-05 8.842721e-05 6.379843e-05 9.865245e-06 7.348601e-05 1.074846e-04 2.655312e-05 3.828217e-05 5.401125e-05 6.620383e-05 6.614838e-05 6.340013e-05 6.714740e-05 6.359990e-05 3.834745e-05 4.934625e-05 1.658216e-05 6.079200e-05 1.644345e-05 7.630723e-05 9.939500e-05 7.075596e-05 5.120082e-05 1.207963e-05 8.560641e-05 3.152493e-05 4.029003e-05 2.220399e-05 7.205438e-05 1.108415e-05 3.855957e-05 2.017691e-05 4.464847e-05 3.297067e-05 5.001830e-05 8.993349e-05 1.151616e-05 7.022646e-05 7.002999e-05 8.741622e-05 8.795548e-05 2.617928e-05 7.993138e-05 9.108847e-05 8.910656e-05 5.657741e-05 1.224268e-04 8.771267e-05 4.817002e-05 5.487466e-05 4.524287e-05 6.775151e-06 9.825343e-05 6.423165e-06 3.453003e-05 4.017082e-05 7.802274e-05 2.955648e-05 3.353287e-05 6.469012e-05 7.682209e-05 5.314777e-05 5.606758e-05 4.459301e-05 8.885656e-05 3.551013e-05 6.750398e-05 8.598196e-05 3.176279e-05 1.105572e-04 1.010471e-04 4.773647e-05 2.671891e-05 5.706943e-06 4.267936e-05 5.121068e-05 1.425511e-05 2.598737e-05 9.083988e-05 6.224463e-05 5.243437e-05 4.454364e-05 4.905679e-05 5.490185e-05 4.121288e-05 5.024222e-05 5.682960e-05 3.441189e-05 3.718311e-05 6.168024e-05 3.681513e-05 3.238397e-05 2.597799e-05 6.021775e-05 2.299513e-05 2.040415e-05 3.954164e-05 4.695549e-05 1.127214e-04 8.507134e-05 5.789626e-05 1.777287e-05 4.417833e-05 3.546670e-05 1.976125e-05 6.931943e-05 1.112260e-04 1.987505e-05 4.554626e-05 3.582658e-05 2.039783e-05 1.034174e-04 9.827164e-05 4.731250e-05 3.968165e-05 4.702233e-05 4.355449e-05 7.541032e-05 4.688261e-05 7.763838e-05 3.865819e-05 3.721839e-05 2.095093e-05 6.212325e-05 4.281196e-05 7.117137e-05 1.314859e-05 3.226261e-05 5.027694e-05 4.116907e-05 7.931385e-05 3.933110e-05 2.291992e-05 8.640841e-05 6.482119e-05 4.983061e-05 7.106234e-05 5.588163e-05 3.509307e-05 1.105807e-04 7.587647e-05 3.923140e-05 8.246111e-05 5.110074e-05 4.541398e-05 5.370068e-05 9.826613e-05 3.788672e-05 4.451362e-05 4.163326e-05 2.452740e-05 4.342338e-05 5.524460e-05 6.062416e-05 5.966775e-05 9.541178e-05 5.622350e-05 6.540791e-05 3.645950e-05 7.617089e-05 4.682277e-05 5.959968e-05 6.198009e-05 3.718943e-05 7.344632e-05 3.171987e-05 6.551418e-05 7.710135e-05 5.520106e-05 6.542171e-05 5.058027e-05 7.121234e-05 8.830310e-06 1.046600e-04 1.024390e-05 3.643802e-05 4.034969e-05 4.537356e-05 4.251626e-05 4.345812e-05 4.237274e-05 5.317977e-05 6.079497e-05 4.022792e-05 1.455819e-05 1.113570e-04 5.803546e-05 4.218716e-05 2.951005e-05 3.250627e-05 2.246089e-05 1.507455e-05 6.208591e-05 4.472568e-05 4.316534e-05 6.009923e-05 6.212008e-05 6.805270e-05 4.588091e-05 6.897120e-05 7.021090e-05 3.170144e-05 6.988949e-05 8.720234e-05 7.178165e-06 5.504806e-05 2.242210e-05 4.896816e-05 4.430314e-05 5.676549e-05 5.436136e-05 6.946186e-05 9.874308e-05 2.526788e-05 1.030499e-04 3.831553e-05 6.373868e-05 3.762233e-05 4.875959e-05 9.019836e-05 8.818164e-05 6.615648e-05 5.682248e-05 8.730173e-05 3.026111e-05 6.535555e-05 2.541618e-05 1.177527e-05 5.869739e-05 7.477801e-05 5.041977e-05 7.558393e-05 2.691031e-05 5.159756e-05 2.553381e-05 2.783249e-05 6.568338e-05 1.044833e-04 8.283393e-06 8.072551e-05 2.976502e-05 4.806570e-05 4.347213e-05 3.754148e-05 2.906951e-05 3.080911e-05 5.247729e-05 5.908250e-05 3.936006e-05 4.439176e-05 8.198583e-05 3.828573e-05 5.245817e-05 6.384347e-05 5.692504e-05 1.695154e-05 5.322595e-05 4.306916e-05 6.427229e-05 5.167270e-05 6.120196e-05 3.491126e-05 2.928914e-05 4.539127e-05 4.498756e-05 1.641321e-05 1.607587e-05 5.481733e-05 2.904623e-05 1.016495e-04 3.976493e-05 5.919109e-05 1.034990e-04 7.634848e-05 5.828682e-05 5.642977e-05 8.249807e-05 7.833049e-05 1.545060e-05 7.893458e-05 3.396247e-05 2.474738e-05 3.137032e-05 8.083827e-05 4.875506e-05 1.433495e-05 2.822706e-05 7.141414e-05 7.170397e-05 1.736703e-05 8.250975e-05 9.464772e-05 3.862107e-05 6.977118e-05 6.465908e-05 8.944998e-05 8.526800e-05 6.476884e-05 3.849061e-05 2.551042e-05 9.209547e-05 5.000000e-06 3.348546e-05 1.489669e-05 6.669976e-05 7.157373e-05 2.970081e-05 1.235961e-05 7.186717e-05 4.499284e-05 1.915453e-05 3.126243e-05 6.220896e-05 9.432278e-05 4.073255e-05 1.257369e-05 7.335835e-05 4.979406e-05 5.372139e-05 7.593055e-05 7.478186e-05 6.768479e-05 9.798810e-06 5.965339e-05 2.810725e-05 5.192897e-05 4.743865e-05 8.451100e-05 8.035514e-06 4.480858e-05 8.703222e-05 8.780974e-06 4.903707e-05 5.878761e-05 2.046215e-05 9.588675e-05 7.688531e-05 1.059382e-04 3.188614e-05 2.723130e-05 1.566955e-05 3.949381e-05 6.781785e-05 2.137911e-05 6.277199e-05 2.712780e-05 2.774619e-05 7.304397e-06 2.823566e-05 4.026044e-05 5.141753e-05 4.786829e-05 3.944815e-05 5.127674e-05 8.866150e-05 7.207490e-05 1.718116e-05 4.076927e-05 3.740062e-05 5.448996e-05 3.971543e-05 5.365574e-05 9.222922e-05 8.726848e-05 7.795651e-05 7.355851e-05 5.022571e-05 7.355657e-05 7.304089e-05 8.099236e-05 5.487119e-05 4.759711e-05 4.357695e-05 2.979924e-05 2.746129e-05 5.290136e-05 8.308926e-05 4.453841e-05 6.516340e-05 7.579305e-06 3.119399e-05 9.532549e-05 7.713796e-05 2.065535e-05 5.481417e-05 6.144686e-05 2.286471e-05 2.636531e-05 6.646929e-05 5.295793e-05 5.324091e-05 3.671909e-05 4.388885e-05 4.345395e-05 5.267595e-05 5.057812e-05 4.257670e-05 1.761392e-05 2.833378e-05 2.226788e-05 7.349101e-05 1.247245e-05 4.029210e-05 8.458265e-05 8.454292e-05 8.391294e-05 4.582054e-05 4.791455e-05 6.865319e-05 5.278456e-05 4.909759e-05 1.042769e-04 7.331034e-05 1.249911e-04 3.536884e-05 7.821550e-05 5.861968e-05 3.543648e-05 2.776272e-05 6.306497e-05 7.791677e-06 6.570142e-05 5.960946e-05 2.349228e-05 9.645252e-05 1.889153e-05 3.914976e-05 8.682807e-05 9.132911e-05 9.341587e-05 4.687262e-05 9.093953e-05 1.725986e-05 8.340724e-05 1.478200e-05 2.531504e-05 6.219992e-05 9.179250e-05 8.963644e-05 2.452875e-05 4.466932e-05 3.957028e-05 2.261590e-05 1.382086e-04 6.776374e-05 4.907083e-05 2.038906e-05 5.164770e-05 6.554370e-05 5.332359e-05 5.899604e-05 3.898437e-05 5.145787e-05 1.039329e-04 2.966121e-05 7.892643e-05 6.327532e-05 5.960358e-05 2.689198e-05 7.438625e-05 3.839747e-05 6.016593e-05 6.583503e-05 3.919879e-05 1.003980e-04 4.032990e-05 7.707661e-05 6.679525e-05 5.210293e-05 3.018750e-05 8.327088e-05 3.861738e-05 1.340204e-04 7.961758e-05 8.528015e-05 9.251395e-05 3.409407e-05 3.659427e-05 7.538933e-05 4.617027e-05 3.578870e-05 7.125312e-05 5.713785e-05 4.161544e-05 9.981354e-05 8.306376e-05 3.178505e-05 6.609894e-05 5.533147e-05 5.485280e-05 9.516371e-06 5.247584e-05 2.625298e-05 6.126112e-05 4.211474e-05 2.398772e-05 6.352944e-06 5.473423e-05 7.622254e-05 4.369525e-05 8.930199e-05 9.324642e-05 7.282646e-06 5.314034e-05 3.108280e-05 6.410978e-05 2.715173e-05 6.231698e-05 7.814776e-05 8.164255e-05 5.029399e-06 6.164968e-05 7.507859e-05 1.306516e-04 9.699677e-05 2.101271e-05 6.421560e-05 5.333717e-05 5.776147e-06 6.689738e-05 3.551776e-05 8.118487e-05 1.212070e-04 5.609898e-05 2.831730e-05 1.004613e-04 1.295764e-05 5.521387e-05 8.703434e-05 2.090060e-05 5.432962e-05 3.711702e-05 1.541723e-05 2.389212e-05 1.462112e-04 4.633082e-05 5.203811e-05 9.889984e-05 5.133014e-05 1.017809e-04 2.965919e-05 6.762215e-05 7.281744e-05 7.341518e-05 1.067412e-04 3.589293e-05 2.659885e-05 3.328738e-05 7.371377e-05 6.172634e-05 1.923507e-05 8.670424e-05 4.503272e-05 7.894156e-05 1.913553e-05 4.597691e-05 8.840435e-05 4.804647e-05 4.772957e-05 6.458770e-05 9.071139e-05 6.975801e-06 8.612675e-05 1.866949e-05 8.353800e-05 3.321243e-05 5.441334e-05 4.549388e-05 9.471562e-05 2.413230e-05 1.533793e-05 8.283374e-05 8.028713e-05 8.000698e-05 8.218760e-05 1.630027e-05 5.701346e-05 1.663599e-05 7.537842e-05 3.893293e-05 4.702499e-05 6.647511e-05 2.937752e-05 1.131888e-05 7.714466e-05 5.711475e-05 3.019331e-05 3.084853e-05 4.510406e-05 9.059770e-05 3.243726e-05 9.769043e-05 4.194914e-05 2.473141e-05 4.605169e-05 1.085593e-04 2.113699e-05 9.924451e-05 5.537627e-06 5.308384e-05 1.967666e-05 1.823668e-05 7.199886e-05 1.784903e-05 7.271737e-05 3.542324e-05 5.234762e-05 3.955360e-05 6.050438e-05 6.415331e-05 6.974283e-05 2.967760e-05 5.263252e-05 6.343143e-05 6.231054e-05 3.370668e-05 6.441848e-05 2.577506e-05 6.191625e-05 4.500672e-05 8.545730e-05 7.895966e-05 5.079688e-05 3.471235e-05 6.339230e-05 1.089405e-04 4.176116e-05 1.844359e-05 3.995046e-05 3.511523e-05 6.296849e-05 2.481035e-05 6.953590e-05 7.328928e-05 8.646371e-05 5.627092e-05 4.343353e-05 8.284098e-05 4.176447e-05 7.060378e-05 8.665515e-05 5.000000e-06 2.348687e-05 4.043875e-05 6.764321e-05 3.926016e-05 5.252248e-05 3.097579e-05 2.996168e-05 7.016963e-05 8.128626e-05 1.845211e-05 1.983855e-05 5.024517e-05 5.014722e-05 3.786265e-05 8.440614e-05 3.993041e-05 5.298758e-05 3.954070e-05 3.026800e-05 8.869688e-05 1.123340e-05 4.561104e-05 8.421338e-05 8.640220e-05 8.723872e-05 5.486747e-05 2.857068e-05 5.319795e-05 3.412260e-05 8.413081e-05 7.654184e-05 1.158605e-05 5.961860e-05 2.039700e-05 5.328573e-05 6.609982e-05 6.363540e-05 4.802633e-05 4.506785e-05 7.323359e-05 2.307482e-05 9.205665e-05 3.271032e-05 5.980048e-05 4.349532e-05 2.964553e-05 3.661410e-05 2.877932e-05 7.800398e-05 2.735768e-05 4.908429e-05 5.591425e-05 7.491461e-05 3.268767e-05 2.751085e-05 3.688824e-05 1.433959e-05 3.223794e-05 3.666756e-05 1.902687e-05 8.000548e-05 4.935166e-05 1.200216e-04 3.992487e-05 6.276935e-05 8.246634e-05 1.888893e-05 1.227469e-04 7.795100e-06 2.273987e-05 7.517739e-05 2.393452e-05 4.697209e-05 8.302445e-05 1.177420e-05 4.555318e-05 7.646916e-05 8.289568e-05 7.266529e-05 4.983621e-05 2.621849e-05 4.637585e-05 6.286571e-05 3.800279e-05 2.858593e-05 2.671355e-05 5.343864e-05 5.684839e-05 6.097034e-05 4.682238e-05 6.155403e-05 2.998826e-05 6.365988e-05 2.854715e-05 8.624074e-05 8.366580e-05 1.565524e-05 6.742688e-05 3.533336e-05 4.592609e-05 6.821066e-05 1.077748e-05 3.521595e-05 5.017922e-05 6.993669e-05 7.406104e-05 2.977868e-05 5.692060e-05 5.870688e-05 1.108968e-04 4.874195e-05 9.760705e-05 2.287711e-05 6.282915e-05 1.204025e-04 5.707606e-05 9.163992e-05 7.660656e-05 5.282035e-05 2.169167e-05 9.107456e-05 3.019751e-05 6.117168e-05 9.094422e-05 1.082894e-04 6.444493e-05 9.740250e-05 4.176624e-05 7.029699e-05 3.525004e-05 5.274990e-05 9.616482e-05 1.406269e-05 4.739087e-05 5.665601e-05 1.530800e-05 1.264406e-04 7.431887e-05 7.158794e-05 1.116058e-04 4.955194e-05 3.789759e-05 2.142278e-05 2.213869e-05 4.162379e-05 5.000000e-06 5.792167e-05 4.499632e-05 2.159296e-05 1.200315e-05 2.210811e-05 4.226540e-05 2.680221e-05 9.046425e-05 6.291819e-05 3.220212e-05 3.907880e-05 7.318200e-05 3.233074e-05 4.281454e-05 1.280702e-05 1.839579e-05 2.119599e-05 3.599770e-05 2.433616e-05 1.336233e-04 5.033078e-05 4.199396e-05 6.915446e-05 7.045951e-05 5.972126e-05 5.199053e-05 4.778293e-05 9.316669e-05 5.002651e-05 4.764352e-05 8.718871e-05 5.563145e-05 2.540565e-05 4.077460e-05 1.044124e-04 4.216067e-05 2.277699e-05 4.715944e-05 3.297355e-05 4.609225e-05 1.026491e-04 4.106934e-05 1.945236e-05 5.666982e-05 5.005648e-05 1.818419e-05 5.704321e-05 1.740116e-05 1.003883e-04 9.043867e-05 1.538079e-05 5.143627e-05 8.583537e-05 4.109537e-05 4.957784e-05 2.567523e-05 3.581273e-05 2.321564e-05 4.473239e-05 9.253852e-05 2.615734e-05 6.330069e-05 6.963511e-05 2.753295e-05 8.992158e-05 6.461546e-05 8.377065e-05 8.410871e-05 9.385663e-05 4.998869e-05 2.429736e-05 6.106608e-05 3.999879e-05 4.320944e-05 8.891874e-05 5.667545e-05 5.729996e-05 8.253183e-06 5.797954e-05 5.915730e-05 4.471401e-05 6.527019e-05 3.220715e-05 4.143177e-05 2.466255e-05 7.389520e-05 8.810630e-05 3.136541e-05 3.027204e-05 3.574415e-05 3.861685e-05 8.535040e-05 3.191448e-05 4.103621e-05 3.547012e-05 2.646632e-05 1.690279e-05 6.686793e-05 6.228361e-05 1.004776e-04 6.673289e-05 4.143978e-05 3.434750e-05 1.880017e-05 7.440051e-05 6.640577e-05 1.030668e-04 3.788501e-05 6.875356e-05 1.609266e-05 3.421590e-05 3.441752e-05 3.868488e-05 5.910459e-05 3.839981e-05 4.464047e-05 6.959313e-05 1.074764e-04 6.262633e-05 3.505111e-05 3.585233e-05 6.750063e-05 5.696782e-05 3.864232e-05 4.412304e-05 2.515931e-05 1.544210e-05 7.011771e-06 4.197026e-05 6.745807e-05 6.689830e-05 6.474854e-05 2.865965e-05 6.076738e-05 6.279720e-05 2.568002e-05 9.836946e-05 7.206715e-05 1.619055e-05 8.220575e-05 2.803583e-05 3.799912e-05 7.672652e-05 5.204760e-05 4.646554e-05 5.265189e-05 4.937312e-05 6.138334e-05 7.310209e-05 3.001327e-05 7.823823e-05 6.306183e-05 5.940250e-05 1.467322e-05 3.637647e-05 9.769823e-05 9.732363e-05 3.002827e-05 5.455759e-05 7.173062e-05 6.716794e-05 3.461647e-05 7.914272e-05 3.785821e-05 2.569654e-05 9.527856e-05 4.440751e-05 8.255408e-05 1.022421e-04 4.298166e-05 6.358796e-05 3.612394e-05 4.379439e-05 1.130016e-05 5.111566e-05 3.564089e-05 2.817847e-05 1.198865e-04 2.668654e-05 5.014968e-05 4.599664e-05 6.543311e-05 7.888515e-05 9.347900e-05 4.604995e-05 3.498583e-05 8.553956e-05 6.342504e-05 8.248779e-05 1.056504e-04 7.534564e-05 5.942139e-05 5.293951e-05 2.617153e-05 5.181648e-05 1.144132e-04 4.214106e-05 8.951735e-05 4.385445e-05 1.751534e-05 5.258487e-05 6.011304e-05 8.708206e-06 8.867140e-05 5.389537e-05 5.752749e-05 6.761358e-06 7.975676e-05 1.272981e-05 1.010452e-04 3.315584e-05 4.125281e-05 3.151644e-05 1.730366e-05 1.050007e-04 1.690172e-05 3.337485e-05 6.264247e-05 3.920368e-05 9.436774e-05 5.461708e-05 3.052998e-05 5.275689e-06 6.180586e-05 4.862867e-05 9.605922e-05 7.374830e-05 6.172124e-05 4.768963e-05 7.295872e-05 9.218819e-05 1.566324e-05 1.023826e-04 3.827080e-05 6.123931e-05 4.209801e-05 6.009763e-05 1.608178e-05 6.565792e-05 6.710429e-05 4.081618e-05 8.146613e-05 1.024805e-04 7.032882e-05 4.305234e-05 3.348941e-05 1.944813e-05 5.757692e-05 3.515551e-05 3.898576e-05 9.700612e-05 1.698166e-05 2.915706e-05 7.121608e-05 9.622955e-05 5.020284e-05 8.750307e-06 8.880892e-05 5.920931e-05 4.532822e-05 5.127551e-05 3.783467e-05 7.197678e-05 6.657203e-05 4.676761e-05 7.651373e-05 4.674668e-05 4.560210e-05 3.777425e-05 2.755993e-05 8.092767e-05 4.425431e-05 9.334871e-05 4.491378e-05 4.513327e-05 6.040772e-05 2.536283e-05 2.997813e-05 3.399533e-05 2.215857e-05 5.916622e-05 2.041454e-05 4.245173e-05 2.238768e-05 2.960516e-05 4.552175e-05 2.292214e-05 1.932547e-05 3.227887e-05 5.594917e-05 5.419360e-05 5.285320e-05 3.957197e-05 5.000000e-06 2.746814e-05 1.112474e-05 1.129372e-05 8.934460e-05 4.330384e-05 2.723190e-05 5.132919e-05 4.605764e-05 7.295593e-05 3.822774e-05 2.440025e-05 3.202946e-05 2.419243e-05 4.033466e-05 4.136305e-05 2.235419e-05 4.217439e-05 8.281694e-05 7.489774e-05 4.320009e-05 3.348375e-05 8.699687e-05 7.539366e-05 4.701082e-05 9.286057e-05 7.492825e-05 4.611116e-05 5.235318e-06 2.291396e-05 1.318374e-05 3.319778e-05 2.746093e-05 7.156083e-05 7.047654e-06 4.919897e-05 2.797428e-05 6.658575e-06 5.649401e-05 3.622534e-05 1.716602e-05 2.836255e-05 7.253762e-05 3.767376e-05 7.029154e-05 2.639295e-05 4.826440e-05 5.660279e-05 6.981580e-05 3.836248e-05 8.952366e-05 4.470667e-05 3.323531e-05 4.724171e-05 1.563572e-05 5.694935e-05 4.416734e-05 4.012630e-05 4.331176e-05 6.671983e-05 6.479419e-05 1.060157e-04 6.625604e-05 5.459715e-05 3.224210e-05 6.766013e-05 5.603545e-05 6.637914e-05 3.080422e-05 1.636363e-05 8.289164e-05 9.047303e-06 3.660077e-05 9.107173e-05 4.170734e-05 8.096375e-05 3.208335e-05 4.610822e-05 4.244542e-05 1.008896e-04 7.415165e-05 1.842706e-05 6.046521e-05 1.500000e-04 2.332331e-05 7.648483e-06 7.613116e-05 3.815022e-05 5.446219e-05 3.078594e-05 9.938426e-05 6.441359e-05 1.740987e-05 6.220694e-05 2.598457e-05 1.139941e-04 4.211113e-05 4.195674e-05 1.084720e-04 2.295067e-05 1.229331e-04 5.800460e-05 6.705902e-05 2.292008e-05 1.761674e-05 4.588780e-05 1.361007e-04 6.457977e-05 3.973655e-05 1.130692e-04 2.777280e-05 4.337064e-05 6.283868e-05 2.501904e-05 2.108995e-05 3.458753e-05 5.618979e-05 7.227288e-05 3.478535e-05 8.864483e-05 1.190312e-05 1.660186e-05 2.164135e-05 7.174757e-05 1.250369e-04 3.784906e-05 6.750004e-05 5.921308e-05 1.493712e-05 3.409061e-05 9.964324e-05 2.040433e-05 2.582451e-05 1.330922e-05 2.141392e-05 3.694309e-05 2.537364e-05 4.060964e-05 7.021129e-05 1.829932e-05 6.814569e-05 3.880082e-05 6.387191e-05 5.000000e-06 5.082931e-05 3.195611e-05 3.102396e-05 1.894275e-05 6.289011e-05 3.538865e-05 1.064463e-04 7.902402e-05 2.668140e-05 2.927000e-05 5.835246e-05 2.406891e-05 2.690016e-05 4.233721e-05 5.365378e-05 6.371804e-05 7.343376e-05 3.521911e-05 9.212325e-05 2.630953e-05 6.707878e-05 7.255451e-05 6.723627e-05 7.921048e-05 1.190065e-04 4.761884e-05 1.037872e-04 5.700020e-05 7.363217e-05 1.198345e-05 6.495962e-06 1.355232e-04 7.067082e-05 1.623284e-05 5.370248e-05 5.145858e-05 6.222699e-05 2.620498e-05 6.030864e-05 2.251979e-05 5.859011e-05 7.528384e-05 8.933357e-05 2.278222e-05 4.351848e-05 2.207145e-05 3.479097e-05 3.101856e-05 5.785613e-05 6.346703e-05 6.745827e-05 8.534033e-05 2.099892e-05 6.564536e-05 3.070540e-05 5.645622e-05 6.241996e-05 4.754609e-05 4.196818e-05 1.030180e-05 7.870036e-05 5.176824e-05 7.334267e-05 3.424209e-05 4.430130e-05 2.257015e-05 5.694428e-05 9.959081e-05 3.573177e-05 5.086971e-05 2.271340e-05 8.432791e-05 7.634851e-05 4.704631e-05 5.376713e-05 1.858359e-05 8.201388e-05 5.821480e-05 4.225344e-05 6.460807e-05 3.437330e-05 2.663108e-05 2.184192e-05 6.070865e-05 6.742469e-05 4.507987e-05 1.891782e-05 4.052760e-05 6.802328e-05 1.222677e-04 6.588113e-05 1.377948e-04 8.903348e-05 6.883722e-05 6.749801e-05 6.716314e-05 5.150096e-05 1.272583e-05 2.411421e-05 2.318169e-05 2.736897e-05 7.886032e-05 6.014471e-05 5.083697e-05 3.965244e-05 7.310382e-05 4.969740e-05 3.330479e-05 8.463189e-05 1.437796e-05 6.863373e-05 6.561868e-05 1.276661e-05 3.311420e-05 4.967526e-05 6.088027e-05 4.348819e-05 3.469094e-05 5.772095e-05 7.101815e-05 5.088422e-05 6.191019e-05 7.249347e-05 7.798686e-05 5.889234e-05 2.123439e-05 5.237876e-05 5.953718e-05 2.960681e-05 4.713189e-05 9.294024e-05 7.573976e-05 9.786187e-05 9.717879e-05 2.601602e-05 3.539759e-05 5.155107e-05 3.067565e-05 3.396917e-05 2.322871e-05 3.737865e-05 6.004765e-05 6.670516e-05 1.201363e-04 1.604915e-05 7.731975e-05 4.885994e-05 5.770739e-05 6.492378e-05 3.061436e-05 2.735812e-05 3.275030e-05 3.760686e-05 5.357780e-05 2.798784e-05 2.703859e-05 6.382547e-05 7.588698e-05 9.535052e-05 1.395864e-05 1.048998e-04 2.249663e-05 5.986954e-05 2.836442e-05 6.053925e-05 4.561309e-05 5.398591e-05 1.934935e-05 5.195343e-05 3.048139e-05 1.047733e-04 1.180517e-05 5.481528e-05 1.259824e-04 5.154346e-05 6.423070e-05 6.235340e-05 1.965645e-05 9.158621e-05 2.790146e-05 8.383368e-05 4.502244e-05 6.335017e-05 4.193679e-05 2.478894e-05 2.313351e-05 3.971238e-05 2.541635e-05 1.707219e-05 3.594906e-05 5.161976e-05 5.746707e-05 8.370783e-05 2.458205e-05 7.054188e-05 7.542186e-05 5.000000e-06 1.005269e-04 5.861605e-05 4.214741e-05 9.479866e-05 2.922540e-05 4.635131e-05 2.071295e-05 6.897641e-05 2.177857e-05 4.819503e-05 2.669570e-05 4.946091e-05 2.454766e-05 3.330532e-05 6.367260e-05 3.636308e-05 4.958866e-05 4.592935e-05 1.348845e-05 1.689290e-05 1.105430e-04 2.502131e-05 6.664600e-05 5.057401e-05 4.992350e-05 1.006115e-04 3.578314e-05 8.001501e-06 5.033031e-05 5.439533e-06 8.082100e-05 1.973622e-05 4.378892e-05 8.685118e-05 1.285458e-04 2.596383e-05 6.994441e-05 4.109404e-05 4.473233e-05 3.601328e-05 4.148119e-05 8.271396e-05 9.235756e-05 6.560703e-05 6.968233e-05 3.591516e-05 5.782397e-05 4.018847e-05 6.600506e-05 8.099254e-05 3.708879e-05 5.107822e-05 5.210387e-05 4.653090e-05 6.743358e-05 5.475735e-05 5.857135e-05 4.743871e-05 1.005288e-04 3.715967e-05 1.618323e-05 5.773877e-06 5.210873e-05 4.155225e-05 6.136125e-05 5.394901e-05 3.872782e-05 4.771413e-05 5.742604e-05 8.222240e-05 1.415212e-04 8.008238e-05 5.753074e-05 1.701466e-05 3.985205e-05 3.720825e-05 4.642186e-05 4.757480e-05 6.734105e-05 4.341861e-05 5.240220e-05 3.249465e-05 4.989315e-05 3.580598e-05 4.907954e-05 1.903847e-05 3.513058e-05 6.591334e-05 8.268243e-05 6.424527e-05 9.696868e-05 5.110789e-05 7.705764e-05 6.512060e-05 6.205469e-05 2.984369e-05 5.419073e-05 8.197864e-05 3.960704e-05 3.375724e-05 7.535012e-05 1.894023e-05 4.879239e-05 7.340664e-05 3.635902e-05 4.481756e-05 6.542922e-05 7.106921e-05 5.045037e-05 3.659087e-05 7.770327e-05 7.800540e-05 2.164248e-05 3.342669e-05 7.121731e-05 8.493350e-05 8.529347e-05 3.213152e-05 5.577931e-05 8.263888e-05 4.404095e-05 5.846157e-05 3.442740e-05 4.678395e-05 6.004441e-05 2.595396e-05 8.226417e-05 5.020859e-05 4.334567e-05 5.348681e-05 1.819528e-05 5.364260e-05 6.000653e-05 5.437613e-05 6.631702e-05 5.285371e-05 1.759007e-05 4.380587e-05 5.064738e-05 8.945291e-05 7.364703e-05 2.581098e-05 3.665325e-05 7.206127e-05 6.304875e-05 5.175548e-05 6.468953e-05 4.254597e-05 1.638659e-05 2.970709e-05 5.075875e-05 5.844214e-05 5.710367e-05 1.146502e-04 1.444830e-05 1.784456e-05 3.052058e-05 9.440883e-05 5.380656e-05 3.177602e-05 4.177555e-05 5.296650e-05 8.622149e-05 7.374321e-05 5.940465e-05 4.089784e-05 5.299967e-05 4.881968e-05 5.604918e-05 9.595208e-05 8.649719e-05 6.184267e-05 7.670596e-05 3.496439e-05 6.492493e-05 3.825134e-05 5.577165e-05 6.161293e-05 1.024539e-04 3.641365e-05 1.535347e-05 3.172710e-05 5.007337e-05 3.392718e-05 2.567615e-05 1.634217e-05 1.946625e-05 5.406198e-05 6.501890e-05 5.415518e-05 2.922612e-05 1.170932e-04 2.436861e-05 7.532074e-05 9.724533e-05 4.953260e-05 1.320035e-04 3.886247e-05 8.466147e-05 9.963290e-05 5.889434e-05 8.182882e-05 3.151419e-05 5.754426e-05 3.653229e-05 3.129960e-05 6.200619e-06 2.028594e-05 7.155561e-05 8.833301e-05 6.287749e-05 7.225280e-05 1.358843e-04 4.957309e-05 9.809577e-05 2.579032e-05 1.086261e-04 1.002787e-05 2.710288e-05 3.021654e-05 1.654850e-05 8.994397e-05 6.787476e-05 7.423621e-05 2.634047e-05 1.006585e-04 4.748042e-05 1.541068e-05 3.119130e-05 7.213682e-05 1.081436e-05 3.113221e-05 6.389592e-05 4.294386e-05 6.173381e-05 5.549012e-05 7.128241e-05 6.556878e-05 3.035015e-05 1.402581e-04 8.144644e-05 4.413127e-05 8.068384e-05 1.548252e-05 5.548107e-05 6.277257e-05 7.986544e-05 5.697399e-05 3.462105e-05 1.962178e-05 9.741637e-05 5.457747e-05 5.710577e-05 6.657092e-05 8.946370e-05 3.638941e-05 4.650308e-05 1.500000e-04 3.799369e-05 3.182757e-05 1.015684e-05 5.594595e-05 3.545414e-05 2.437532e-05 1.148432e-05 9.346778e-05 3.335032e-05 2.711938e-05 1.608827e-05 7.318266e-05 7.939363e-06 4.689916e-05 7.444005e-05 5.245870e-05 8.901735e-05 7.710212e-05 2.505833e-05 3.120823e-05 3.732013e-05 8.061779e-05 7.197694e-05 4.493669e-05 5.614562e-05 3.930204e-05 3.204776e-05 5.039977e-05 2.534240e-05 2.824118e-05 4.027116e-05 1.000862e-04 5.958997e-05 1.890045e-05 4.398332e-05 4.175221e-05 3.025165e-05 1.782866e-05 5.018912e-05 5.828678e-05 4.161080e-05 1.104095e-04 2.124356e-05 5.337143e-05 3.504923e-05 4.240691e-05 8.108681e-05 6.867599e-05 3.750532e-05 8.033908e-05 1.062562e-04 7.466184e-05 1.547370e-05 1.786852e-05 3.409329e-05 7.779094e-05 1.035778e-05 8.306410e-05 3.460439e-05 5.136701e-05 7.216250e-05 5.234893e-05 3.733661e-05 5.000000e-06 9.354299e-05 6.432163e-05 8.951130e-05 9.411871e-05 4.576561e-05 5.142123e-05 1.067826e-05 5.968452e-05 6.542216e-06 6.610689e-05 6.115121e-05 6.972221e-05 8.598652e-05 2.240280e-05 6.456114e-05 3.877444e-05 2.996450e-05 2.514773e-05 5.000000e-06 3.054919e-05 3.529043e-05 7.275034e-05 1.077708e-04 6.488598e-06 5.000000e-06 5.000000e-06 3.764084e-05 5.166273e-05 7.535513e-05 5.869995e-05 1.791566e-05 1.115174e-04 7.869804e-05 3.156977e-05 4.317064e-05 2.809091e-05 2.779513e-05 3.708734e-05 5.442743e-05 5.285793e-05 1.239203e-05 8.793945e-05 8.538730e-05 1.681655e-05 8.766426e-05 7.468506e-05 6.941071e-05 2.803812e-05 4.394790e-05 1.000225e-04 7.589391e-05 6.389126e-05 1.058479e-05 3.406587e-05 8.575058e-05 2.258255e-05 2.905047e-05 3.642747e-05 4.548473e-05 7.844523e-05 2.464703e-05 1.055798e-05 6.929699e-05 6.266798e-05 9.730977e-05 1.754482e-05 6.519853e-05 1.276789e-04 6.601972e-05 2.366183e-05 2.347657e-05 9.694225e-05 9.686669e-05 5.384714e-05 3.494579e-05 6.399565e-05 5.556041e-05 3.331879e-05 4.507473e-05 9.302286e-05 6.354188e-05 5.697409e-06 2.771775e-05 4.876377e-05 3.824431e-05 7.457821e-05 2.563420e-05 3.073294e-05 6.504869e-05 3.838266e-05 6.366076e-05 7.190433e-05 4.475088e-05 3.292974e-05 5.570528e-05 3.010957e-05 5.391528e-05 3.693514e-05 3.154854e-05 1.320474e-04 8.610614e-05 7.931138e-05 5.000000e-06 6.621812e-05 2.917042e-05 5.004162e-05 4.452149e-05 6.635509e-05 4.984797e-05 2.221669e-05 6.326572e-05 3.625026e-05 1.138917e-05 8.758723e-05 7.631201e-05 3.033914e-05 2.386916e-05 6.382081e-05 1.158601e-04 3.844122e-05 1.141997e-04 8.801794e-05 4.287551e-05 3.376339e-05 7.725838e-05 4.976441e-05 1.721648e-05 1.809335e-05 5.331629e-05 1.055619e-04 7.100232e-05 2.134069e-05 5.000000e-06 4.018663e-05 2.135936e-05 3.103831e-05 2.556706e-05 9.896052e-05 2.676805e-05 9.132763e-05 3.131701e-05 4.271662e-05 5.060241e-05 7.160073e-05 1.119048e-05 4.939733e-05 8.909074e-05 4.905854e-05 6.742551e-05 6.881830e-05 8.028920e-05 3.905101e-05 4.783399e-05 8.510617e-05 8.008620e-05 7.196550e-05 1.065715e-04 2.733531e-05 2.076711e-05 6.391027e-05 2.092107e-05 3.715252e-05 2.267700e-05 3.391723e-05 4.428686e-05 6.656347e-05 2.342715e-05 6.051883e-05 4.726705e-05 8.777608e-05 3.800345e-05 4.165097e-05 4.056762e-05 2.530949e-05 9.260845e-05 3.912488e-05 7.584429e-05 4.330747e-05 6.039389e-05 3.861275e-05 6.483490e-05 4.763086e-05 4.001991e-05 1.328946e-04 9.591707e-05 1.000296e-04 5.949373e-05 1.941020e-05 4.675266e-05 8.904910e-05 4.522958e-05 4.719409e-05 9.171627e-06 6.866958e-05 6.738291e-05 1.671686e-05 6.130209e-05 6.951838e-05 3.433249e-05 1.701358e-05 7.690405e-05 6.985178e-05 3.857567e-05 5.734489e-05 5.707706e-05 3.829431e-05 6.371120e-05 8.511265e-05 1.422572e-05 5.508070e-05 6.565283e-05 7.255252e-05 8.254866e-05 8.176493e-05 3.906626e-05 6.326907e-05 5.416901e-05 3.435716e-05 4.300764e-05 2.666130e-05 2.829934e-05 4.217106e-05 6.492360e-05 1.080261e-04 3.927898e-05 8.582087e-05 5.783156e-05 2.617647e-05 6.360307e-05 3.030523e-05 3.278955e-05 3.583399e-05 9.383768e-05 4.130435e-05 3.920683e-05 2.394345e-05 3.884195e-05 5.214353e-05 4.914559e-05 2.750588e-05 7.638670e-06 3.844595e-05 3.859124e-05 6.388142e-05 5.320184e-05 4.904144e-05 1.076230e-05 4.988372e-05 1.653579e-05 9.631242e-06 9.411762e-05 1.945190e-05 1.932755e-05 8.625649e-05 1.141308e-04 2.054205e-05 7.641754e-05 5.180277e-05 3.247623e-05 1.232960e-04 5.426144e-05 6.358660e-05 1.071100e-04 4.804846e-05 9.112918e-05 9.344044e-05 9.510753e-06 4.863722e-05 5.283973e-05 4.723421e-05 3.695164e-05 9.548601e-05 3.140061e-05 5.551790e-05 7.565108e-05 4.021892e-05 2.606007e-05 3.987145e-05 4.810598e-05 5.247194e-05 4.465551e-05 3.566791e-05 9.794745e-05 2.549016e-05 3.393869e-05 5.416723e-05 1.194537e-04 3.145355e-05 5.965156e-05 1.160329e-04 3.474733e-05 2.353912e-05 2.381525e-05 4.463640e-05 1.158370e-04 5.587465e-05 6.581408e-05 3.299586e-05 6.621161e-05 4.327662e-05 3.515630e-05 2.272354e-05 4.306903e-05 3.490371e-05 8.167386e-05 3.088880e-05 5.824814e-05 4.680875e-05 1.200878e-05 4.297400e-05 4.478423e-05 3.504708e-05 4.488719e-05 8.391323e-05 5.482725e-05 3.983386e-05 4.164657e-05 2.238946e-05 2.941711e-05 1.221550e-05 6.598864e-05 3.550771e-05 3.096816e-05 5.027377e-05 8.796047e-05 1.032400e-05 1.219146e-04 1.870499e-05 5.203984e-05 6.797977e-05 5.622190e-05 3.731981e-05 5.907609e-05 3.012722e-05 1.307630e-05 6.845631e-05 8.168750e-05 3.517317e-05 5.015896e-05 7.618981e-05 6.176699e-05 6.422531e-05 8.357230e-05 4.966924e-05 8.803340e-05 4.547232e-05 3.072759e-05 4.594800e-05 3.158934e-05 2.929509e-05 6.809153e-05 6.486174e-05 4.707553e-05 7.241281e-05 4.465735e-05 4.028677e-05 3.995320e-05 3.197969e-05 5.763631e-05 2.604363e-05 4.397807e-05 7.317122e-05 1.046709e-04 1.124863e-04 1.576962e-05 4.660368e-05 4.088561e-05 8.825477e-05 4.981100e-05 9.029829e-05 1.303919e-04 7.751894e-05 6.100793e-05 9.370148e-05 2.548520e-05 9.244784e-05 2.445044e-05 4.366628e-05 3.368319e-05 6.137897e-05 5.008192e-05 4.496312e-05 1.276365e-05 7.545492e-05 1.047963e-04 1.461683e-05 4.015593e-05 6.540269e-05 8.727241e-05 5.401794e-05 4.294126e-05 4.718361e-05 1.917352e-05 8.095812e-05 6.067873e-05 5.391667e-05 7.335804e-05 1.259724e-05 3.817321e-05 3.851239e-05 3.830849e-05 4.102456e-05 3.133761e-05 3.266654e-05 5.602186e-05 5.961638e-05 1.631886e-05 2.075104e-05 7.106648e-05 3.919480e-05 6.329139e-05 8.622780e-05 4.795226e-05 2.482930e-05 3.831397e-05 9.600695e-05 2.668656e-05 5.851971e-05 1.919857e-05 1.083477e-04 6.073394e-05 5.615448e-05 4.111353e-05 5.405321e-05 1.329540e-04 1.030892e-04 5.052332e-05 3.779299e-05 9.582880e-05 2.044120e-05 1.249622e-04 4.891475e-05 5.332285e-05 4.696463e-05 6.635529e-05 4.664867e-05 7.744672e-05 2.646914e-05 5.071014e-05 6.720934e-05 3.319643e-05 2.539047e-05 4.984663e-05 2.011223e-05 1.009583e-04 3.666315e-05 3.606758e-05 6.497494e-05 4.376042e-05 8.446213e-05 6.025104e-05 5.513957e-05 3.989016e-05 3.878571e-05 1.034389e-04 2.658595e-05 6.626260e-05 4.030742e-05 1.016700e-04 3.766219e-05 6.718194e-05 1.257787e-05 6.118756e-05 8.272544e-05 5.105548e-05 4.118180e-05 4.366618e-05 2.173373e-05 8.269560e-05 9.196796e-06 6.284736e-05 6.189950e-05 1.180843e-04 8.124117e-05 5.390809e-05 8.004178e-05 8.507365e-05 2.821175e-05 7.146136e-05 1.170904e-04 6.494917e-05 6.926105e-05 5.552188e-05 5.124537e-05 6.477877e-05 7.204896e-05 2.506267e-05 7.170222e-05 9.305899e-05 3.123819e-05 9.120566e-05 9.919361e-06 3.007801e-05 1.515698e-05 7.762317e-05 9.032030e-05 9.522025e-05 1.119416e-05 7.729800e-05 2.923486e-05 5.331028e-05 5.249729e-05 1.022241e-04 4.283109e-05 7.676927e-05 1.367980e-05 3.781754e-05 5.267498e-05 8.890246e-05 4.514516e-05 9.941262e-05 2.690872e-05 4.355618e-05 3.742924e-05 9.982360e-05 2.678445e-05 1.557679e-05 8.157539e-05 5.073493e-05 6.750470e-05 4.790409e-05 8.493724e-05 5.547631e-05 4.538219e-05 1.091766e-04 6.665524e-05 3.625172e-05 8.578981e-05 2.740202e-05 2.065112e-05 9.910694e-05 6.721421e-05 7.951570e-05 4.741780e-05 3.530938e-05 7.663639e-05 1.703068e-05 1.030750e-04 5.795399e-05 3.211970e-05 1.325936e-05 6.166715e-05 2.422961e-05 1.016934e-04 4.518454e-05 3.913209e-05 1.123255e-05 6.811978e-05 3.058154e-05 3.158433e-05 8.463219e-05 6.600017e-05 6.805604e-05 1.054007e-05 4.908260e-05 1.671675e-05 6.915213e-05 4.548165e-05 8.508195e-05 1.429089e-05 1.430946e-05 1.656368e-05 5.025974e-05 4.948396e-05 6.145474e-05 6.877707e-06 7.142916e-05 2.760096e-05 1.412912e-05 3.741680e-05 4.116985e-05 7.866073e-05 9.538156e-05 3.830400e-05 8.856936e-05 6.494078e-05 7.255244e-05 4.757945e-05 4.733907e-05 3.207084e-05 9.613464e-05 5.423546e-05 2.087007e-05 5.945936e-05 5.000000e-06 8.672404e-05 6.705608e-05 2.847833e-05 6.884854e-05 4.245246e-05 6.867402e-05 8.833511e-06 4.132634e-05 4.489865e-05 7.356347e-05 5.760932e-05 6.095730e-05 7.533741e-06 6.854513e-05 5.847440e-05 4.024848e-05 2.630595e-05 6.233272e-05 5.941439e-05 4.726918e-05 6.020720e-05 5.528555e-05 6.872675e-05 4.485891e-05 3.907230e-05 6.863689e-05 3.653646e-05 8.814046e-06 1.337995e-05 5.661365e-05 7.568298e-05 3.813608e-05 5.192462e-05 4.047159e-05 2.932949e-05 5.689775e-05 2.203146e-05 5.695961e-05 3.250370e-05 2.851041e-05 4.758386e-05 5.519846e-05 9.288964e-05 5.689473e-05 8.036556e-05 4.166142e-05 9.002691e-05 6.411581e-05 4.058307e-05 7.054384e-05 4.833813e-05 1.125584e-04 4.554751e-05 6.063718e-05 1.957107e-05 4.017855e-05 6.428902e-05 7.669008e-05 7.188203e-05 2.866173e-05 3.283655e-05 4.451340e-05 2.747971e-05 2.267381e-05 2.411417e-05 6.101931e-05 3.665378e-05 5.524428e-05 5.466365e-05 4.436556e-05 3.381487e-05 4.243006e-05 8.128156e-05 1.411487e-05 6.062599e-05 3.146134e-05 5.758148e-05 4.567242e-05 9.671583e-05 5.734052e-05 4.566460e-05 5.067928e-05 5.549259e-05 5.716504e-05 5.260811e-05 5.000000e-06 9.007063e-06 6.153204e-05 9.333882e-05 2.574798e-05 2.380517e-05 4.435176e-05 9.741981e-06 6.503666e-05 1.705715e-05 6.392396e-05 3.852891e-05 5.077818e-05 8.672455e-06 9.559409e-05 1.500000e-04 3.861604e-05 7.107282e-05 7.076744e-05 2.784349e-05 8.331177e-05 5.772462e-05 3.407965e-05 7.262635e-05 1.793629e-05 6.688838e-05 5.504310e-05 6.984412e-05 5.082937e-05 5.320881e-05 3.961575e-05 7.436433e-05 7.958285e-05 8.886406e-05 3.038538e-05 6.629041e-05 2.218047e-05 6.953412e-05 1.051056e-05 7.520188e-05 6.303691e-06 2.762185e-05 4.451488e-05 8.743632e-05 5.514944e-05 1.431386e-04 3.903032e-05 4.179122e-05 6.683675e-05 3.354146e-05 3.782903e-05 5.622716e-05 8.100861e-05 4.068313e-05 5.356337e-05 1.377639e-05 7.888086e-05 5.308973e-05 2.808492e-05 1.105484e-04 8.791166e-05 3.349079e-05 3.234457e-05 2.037549e-05 6.123171e-05 4.196669e-05 5.399743e-05 5.333135e-05 5.683938e-05 5.028094e-05 7.439552e-05 2.709206e-05 2.064944e-05 4.661965e-05 8.734826e-05 5.029709e-05 9.490058e-05 9.564523e-05 7.029042e-05 1.022693e-04 1.064836e-04 2.898015e-05 1.389901e-05 1.427766e-05 7.938900e-06 5.407071e-05 3.339744e-05 2.185628e-05 1.962001e-05 6.139190e-05 1.213343e-04 5.234044e-05 6.583220e-05 1.862701e-05 3.497878e-05 4.998747e-05 1.033680e-04 4.745792e-05 5.335805e-05 5.105495e-05 8.611546e-05 4.465190e-05 3.116478e-05 4.995287e-05 3.193339e-05 3.379209e-05 3.011957e-05 1.479199e-05 8.325452e-05 9.970785e-05 1.643840e-05 2.339671e-05 1.125814e-04 5.037916e-05 8.770582e-05 1.416778e-05 3.719400e-05 1.244938e-05 5.844536e-05 1.554960e-05 5.782051e-05 3.738611e-05 6.955168e-05 1.508506e-05 3.086328e-05 1.670847e-05 1.219713e-04 1.957825e-05 7.747275e-05 4.587541e-05 9.234096e-05 7.805509e-05 7.064317e-05 6.724513e-05 6.897889e-05 4.814408e-05 2.066018e-05 5.832618e-06 6.512798e-05 3.304665e-05 6.376822e-05 5.708017e-05 7.022793e-05 7.581846e-05 4.692122e-05 5.701792e-05 5.246585e-05 7.263476e-05 9.297735e-05 7.271345e-05 8.262663e-05 4.141813e-05 7.405931e-05 7.827691e-05 4.475592e-05 2.673569e-05 3.082600e-05 1.113798e-05 1.927457e-05 8.318245e-05 3.821032e-05 5.718486e-05 5.292439e-05 1.012544e-04 2.343950e-05 5.992321e-05 7.878071e-05 8.141283e-05 7.114215e-05 1.219599e-05 1.165154e-04 5.305524e-05 1.180371e-04 1.953761e-05 2.752822e-05 3.264187e-05 4.130159e-05 2.026864e-05 6.160069e-05 3.622305e-05 3.034213e-05 4.209899e-05 9.067179e-05 5.209709e-05 6.757036e-05 7.062203e-05 5.959447e-05 2.706391e-05 6.003809e-05 3.563802e-05 1.767099e-05 6.244169e-05 8.149463e-05 3.344294e-05 2.219816e-05 5.012015e-05 4.791380e-05 5.131719e-05 6.625638e-05 2.107129e-05 2.755982e-05 8.632943e-05 5.436504e-05 5.615563e-05 5.507102e-05 3.129562e-05 1.077721e-04 4.622843e-05 1.571399e-05 5.459108e-05 2.443213e-05 7.202864e-05 3.689914e-05 1.942018e-05 3.219518e-05 5.277140e-05 8.027116e-05 3.908085e-05 8.007819e-05 3.236354e-05 7.657415e-05 3.783796e-05 6.024364e-05 2.836879e-05 1.100178e-04 5.081181e-05 1.006643e-05 1.132098e-04 1.403585e-05 3.855565e-05 9.452718e-05 2.149365e-05 9.267365e-06 2.387956e-05 1.052819e-04 1.242826e-05 1.149827e-04 7.375625e-05 2.648907e-05 6.354479e-05 7.711779e-05 9.744005e-05 3.286666e-05 2.555518e-05 4.759644e-05 4.445884e-05 8.252716e-06 5.192072e-05 3.543805e-05 2.960278e-05 4.521489e-05 4.677476e-05 9.415911e-05 7.251057e-05 5.844493e-05 4.011692e-05 8.122969e-05 6.594924e-05 4.861333e-05 6.504455e-05 3.333714e-05 8.199256e-05 5.088602e-05 6.489258e-05 7.610543e-05 4.218511e-05 9.417425e-05 4.162610e-05 2.291856e-05 6.881955e-05 5.258040e-05 2.137695e-05 1.773965e-05 4.066703e-05 6.284448e-05 3.597310e-05 4.852589e-05 4.867531e-05 2.546267e-05 4.144371e-05 2.527566e-05 3.588770e-05 2.431048e-05 7.083948e-05 3.943521e-05 6.720665e-05 1.936639e-05 1.046183e-04 1.877314e-05 4.336115e-05 5.399603e-05 3.820339e-05 3.875518e-05 8.135157e-05 1.153475e-05 5.515163e-05 5.098298e-05 1.379247e-05 1.925064e-05 4.961674e-05 3.209037e-05 2.161602e-05 1.646966e-05 3.667151e-05 4.168648e-05 1.137284e-04 7.322030e-05 8.933320e-05 4.895317e-05 4.111354e-05 5.513698e-05 5.415758e-05 1.986737e-05 1.128554e-04 5.091134e-05 6.754063e-05 5.484901e-05 6.932415e-05 2.114469e-05 7.856474e-05 3.846724e-05 4.582623e-05 4.210052e-05 7.650345e-05 8.149673e-05 7.935682e-05 4.969900e-05 6.897993e-06 1.408180e-05 6.843885e-05 2.777284e-05 9.823067e-05 2.922370e-05 5.848976e-05 4.232105e-05 2.600833e-05 8.555238e-05 7.577447e-05 1.615311e-05 7.014805e-05 8.376938e-05 2.963864e-05 3.583542e-05 5.954793e-05 7.239077e-05 1.018881e-05 5.500581e-05 4.578723e-05 2.441808e-05 4.984808e-05 6.936566e-05 5.221331e-05 6.858822e-05 5.906569e-05 4.057747e-05 1.666255e-05 2.878325e-05 1.037349e-05 8.447267e-05 7.054583e-06 1.222610e-05 4.091077e-05 3.545336e-05 5.277937e-05 2.146974e-05 2.052058e-05 4.480670e-05 4.512987e-05 4.256195e-05 6.519384e-05 6.241422e-05 5.718907e-05 5.508046e-05 7.078079e-06 5.691091e-05 5.280471e-05 7.875913e-05 2.723644e-05 1.180977e-04 1.298892e-05 1.127771e-04 8.179896e-05 3.574062e-05 7.768566e-05 4.280466e-05 3.705247e-05 9.394439e-05 6.261397e-05 7.298998e-05 2.380537e-05 3.032556e-05 7.590208e-05 1.046831e-04 5.062575e-05 8.499752e-05 4.191652e-05 6.379095e-05 4.148990e-05 1.615972e-05 9.121779e-05 6.966179e-05 8.794501e-05 7.383777e-05 5.662714e-05 7.724042e-05 4.810337e-05 3.881715e-05 3.576022e-05 4.074404e-05 2.411932e-05 1.584818e-05 1.118555e-04 4.965412e-05 6.724306e-05 6.007486e-05 2.255791e-05 3.009225e-05 6.340333e-05 7.905911e-05 8.672279e-05 1.321662e-05 4.174387e-05 5.262986e-05 8.201958e-05 5.498087e-06 4.891574e-05 5.844014e-05 7.068992e-05 4.791292e-05 4.177618e-05 5.882256e-05 4.772744e-05 2.494973e-05 2.361572e-05 4.722721e-05 5.179690e-05 3.119974e-05 7.181238e-05 1.191878e-05 3.650728e-05 2.312334e-05 2.281515e-05 9.225435e-05 2.380076e-05 5.880348e-05 4.272654e-05 7.060995e-05 3.219186e-05 8.836571e-05 3.902692e-05 2.168672e-05 3.232252e-05 2.345637e-05 1.118866e-04 3.088698e-05 1.203327e-04 7.785090e-05 5.401496e-05 2.453793e-05 1.137747e-04 6.570706e-05 6.028717e-05 1.116816e-04 3.780442e-05 6.415790e-05 4.630895e-05 2.896559e-05 6.024173e-05 6.908277e-05 5.378495e-05 4.436934e-05 5.376858e-05 8.202302e-05 6.996062e-05 5.219840e-05 8.642412e-05 6.363953e-05 1.229584e-05 7.135684e-05 3.772056e-05 9.690123e-05 1.743948e-05 7.147215e-05 6.194410e-05 8.829594e-05 9.077870e-05 6.490078e-05 2.726291e-05 9.379825e-05 1.962518e-05 8.781438e-05 3.402866e-05 6.360066e-05 5.859762e-05 4.067782e-05 4.520819e-05 4.505446e-05 7.872046e-05 5.000000e-06 8.896206e-05 5.431707e-05 6.547049e-05 3.088960e-05 3.892306e-05 2.595815e-05 5.221832e-05 9.055428e-05 1.914783e-05 1.164730e-05 7.742653e-05 4.121447e-05 3.992451e-05 3.725111e-05 3.659461e-05 1.017292e-04 9.106334e-06 2.687155e-05 3.850171e-05 5.270510e-05 3.677876e-05 7.247046e-05 5.163300e-05 6.517152e-05 2.861983e-05 4.274384e-05 1.863401e-05 1.120261e-05 4.037395e-05 8.662261e-05 4.020160e-05 4.320712e-05 2.447992e-05 2.793000e-05 1.493282e-05 8.320754e-05 4.842376e-05 3.872528e-05 3.594488e-05 3.492077e-05 4.471125e-05 1.072473e-04 6.290946e-05 8.091617e-05 5.665646e-05 7.213821e-05 4.554711e-05 4.662795e-05 2.400823e-05 2.965665e-05 7.403822e-05 2.987468e-05 5.223657e-05 2.379357e-05 2.873390e-05 6.623218e-05 5.255498e-05 2.909504e-05 3.461399e-05 5.948472e-05 1.237824e-04 2.063460e-05 1.945062e-05 5.925936e-05 3.502004e-05 2.692336e-05 2.614410e-05 4.626099e-05 1.084010e-04 3.106998e-05 5.492403e-05 8.746109e-06 7.278519e-05 1.989368e-05 5.455698e-05 9.099217e-05 1.439201e-05 5.660969e-05 2.310649e-05 3.868674e-05 1.010466e-04 5.583782e-05 1.656314e-05 6.547360e-05 4.531567e-05 2.864116e-05 1.035784e-04 8.638330e-05 6.519465e-05 3.644376e-05 4.884234e-05 4.807537e-05 3.625145e-05 6.287987e-05 3.434486e-05 6.811202e-05 7.398411e-05 5.000000e-06 4.522095e-05 1.002384e-04 5.803010e-05 3.442783e-05 4.549341e-05 4.217905e-05 1.153024e-04 6.947118e-05 1.187504e-04 7.153678e-05 4.542717e-05 7.177710e-05 7.073539e-05 4.727916e-05 5.791771e-05 7.666492e-06 3.325667e-05 5.150265e-05 8.647060e-05 4.792735e-05 7.406178e-05 5.166458e-05 7.187189e-05 5.449502e-05 3.706415e-05 9.219923e-05 4.697611e-05 9.350230e-05 1.004084e-04 4.901979e-05 3.812166e-05 7.144755e-05 3.903789e-05 3.427333e-05 6.844939e-05 4.508680e-05 9.974682e-05 2.297767e-05 1.768268e-05 3.176065e-05 6.748391e-05 7.602783e-05 6.945665e-05 3.857329e-05 6.181280e-05 5.340877e-05 3.932270e-05 4.325608e-05 2.923967e-05 6.573839e-05 4.879720e-05 5.471809e-05 3.114578e-05 4.606646e-05 2.308919e-05 5.432456e-05 5.919647e-05 2.849963e-05 6.072947e-05 3.100550e-05 5.843436e-05 4.896712e-05 3.163858e-05 1.098772e-04 2.559501e-05 4.101777e-05 6.194964e-05 2.002959e-05 2.252740e-05 5.675254e-05 5.829476e-05 2.147677e-05 2.225751e-05 4.589549e-05 5.149969e-05 6.618159e-05 8.277364e-05 7.297311e-05 4.901070e-05 3.946938e-05 4.781152e-05 5.856716e-05 1.143988e-04 3.763782e-05 1.007086e-04 1.415279e-05 5.574326e-05 2.192664e-05 5.000000e-06 7.365806e-05 9.642726e-05 1.168531e-05 7.725404e-05 4.141692e-05 1.706242e-05 3.189603e-05 5.421904e-05 6.626220e-05 7.032973e-05 9.317262e-05 8.872918e-05 1.548277e-05 9.830615e-05 6.306898e-05 1.136435e-05 5.692153e-05 3.411977e-05 1.720670e-05 4.988655e-05 6.052146e-05 6.474773e-05 2.360362e-05 3.903801e-05 4.595819e-05 2.633698e-05 7.021441e-05 3.034683e-05 8.349057e-05 7.635012e-05 9.808426e-05 5.114518e-05 5.674847e-05 4.383113e-05 9.713597e-05 3.231283e-05 3.697537e-05 6.320357e-05 5.485404e-05 7.778614e-05 4.693124e-05 5.236911e-05 9.216986e-05 5.775482e-05 4.026818e-05 6.174609e-05 1.306545e-05 1.027719e-04 9.113273e-06 6.094536e-05 5.030659e-05 1.831678e-05 3.988049e-05 4.871482e-05 1.220225e-05 9.353185e-05 3.956693e-05 1.010040e-04 1.286819e-04 1.233649e-05 4.388506e-05 1.391922e-05 3.494090e-05 1.012427e-04 5.216573e-06 2.831999e-05 5.584744e-05 3.245050e-05 3.230134e-05 8.509379e-05 1.061948e-04 7.542290e-05 2.802314e-05 5.806266e-05 4.118271e-05 4.243499e-05 6.561598e-05 5.751588e-05 2.731396e-05 5.310023e-05 7.203993e-05 8.574798e-05 3.083026e-05 4.047837e-05 2.059236e-05 3.511304e-05 1.508155e-05 2.466675e-05 9.127011e-05 1.119373e-04 2.909716e-05 3.931910e-05 5.000000e-06 2.063512e-05 3.827476e-05 4.229351e-05 3.005866e-05 3.976037e-05 6.906108e-05 5.398755e-05 1.557025e-05 6.020152e-05 1.529477e-05 2.160180e-05 8.280625e-05 7.495724e-05 4.298715e-05 3.654947e-05 5.600831e-05 8.935709e-05 9.803996e-05 6.437772e-05 2.370875e-05 6.397448e-05 4.058648e-05 1.153603e-04 7.602858e-05 4.879916e-05 5.982421e-05 4.301256e-05 2.410052e-05 1.075386e-05 7.137749e-05 6.365270e-05 3.802940e-05 2.539996e-05 2.948337e-05 3.535063e-05 8.711323e-05 5.387343e-05 4.414023e-05 9.027845e-06 1.292538e-05 5.137121e-05 3.228845e-05 3.121883e-05 7.637371e-05 5.628618e-05 5.122349e-05 6.911192e-05 3.208710e-05 6.863787e-05 3.582838e-05 7.504190e-05 1.208346e-04 4.399095e-05 3.515937e-05 3.500234e-05 5.191715e-05 4.017162e-05 2.650786e-05 9.125771e-05 3.969757e-05 1.928704e-05 7.527375e-05 3.765083e-05 6.640174e-05 4.766044e-05 6.618770e-05 2.168115e-05 6.127024e-05 5.019234e-05 4.917392e-05 7.567138e-05 1.373437e-05 9.425948e-05 7.927212e-05 1.053044e-05 6.963919e-05 7.816458e-05 2.727503e-05 5.762372e-05 5.617466e-05 1.059380e-05 8.208439e-06 1.371650e-05 2.198682e-05 7.180940e-05 3.361548e-05 2.398078e-05 4.290360e-05 6.461357e-05 2.451996e-05 4.557466e-05 8.720416e-05 6.490198e-05 4.104221e-05 7.611097e-05 5.903462e-05 8.178598e-05 3.226652e-05 6.877344e-05 6.883888e-05 2.939213e-05 4.545866e-05 9.528378e-05 7.428099e-05 6.018773e-05 7.456665e-05 4.804130e-05 4.621295e-05 5.863020e-05 8.790068e-05 4.973370e-05 7.603617e-05 3.876603e-05 1.057243e-04 4.490958e-05 7.740929e-05 4.970753e-05 9.271987e-06 6.161079e-05 7.068072e-05 1.948280e-05 4.145265e-05 8.603054e-05 5.971473e-05 5.227770e-05 7.094887e-05 8.024502e-06 2.438205e-05 1.209559e-05 5.407975e-05 6.511853e-05 8.852762e-05 6.669352e-05 6.167751e-05 4.858568e-05 1.171289e-04 1.079434e-05 2.034923e-05 3.694335e-05 2.769718e-05 4.084778e-05 2.855062e-05 1.286765e-05 1.393896e-04 4.012337e-05 7.522038e-05 2.532582e-05 2.844488e-05 9.652390e-05 5.293145e-05 5.296956e-05 2.827960e-05 2.756598e-05 1.271986e-05 9.603427e-05 3.854575e-05 5.743135e-05 1.974157e-05 4.738151e-05 3.663289e-05 2.732810e-05 8.082578e-05 7.295287e-05 1.382291e-04 4.763956e-05 8.208455e-05 7.129073e-05 9.303358e-06 4.080910e-05 5.467834e-05 1.872084e-05 6.449369e-05 3.341226e-05 1.203718e-05 5.510455e-05 5.219070e-05 3.313614e-05 6.498676e-05 8.350602e-05 2.525058e-05 3.183273e-05 3.542453e-05 1.449844e-05 5.334769e-05 6.831239e-05 1.395352e-04 1.014210e-04 4.331279e-05 9.417073e-05 9.321289e-05 6.947234e-05 1.822829e-05 8.026471e-05 3.814546e-05 4.492764e-05 5.239280e-05 5.369066e-05 1.204088e-04 5.623859e-05 4.992501e-05 3.803346e-05 1.077265e-04 5.000000e-06 7.616782e-05 2.432811e-05 2.744733e-05 1.351603e-05 4.492276e-05 8.154110e-05 1.156136e-04 3.074629e-05 3.038906e-05 5.586274e-05 4.017233e-05 5.484146e-05 7.567326e-05 5.824685e-05 2.240422e-05 2.433962e-05 9.317118e-05 8.204018e-05 3.414750e-05 1.459686e-05 8.665492e-05 6.860164e-05 3.301306e-05 1.451807e-05 6.370340e-05 8.814972e-05 1.630912e-05 9.506074e-05 8.221531e-06 8.587230e-05 4.335931e-05 9.820960e-06 6.940160e-05 7.857780e-05 3.837776e-05 8.345874e-06 2.220288e-05 5.371212e-05 1.860647e-05 5.139921e-05 5.763332e-05 6.977735e-05 2.085609e-05 5.494805e-05 6.247127e-05 1.083175e-04 5.828413e-05 4.146112e-05 5.266139e-05 4.922652e-05 7.713037e-05 4.373172e-05 9.839768e-05 4.073755e-05 5.174092e-05 2.708064e-05 5.186281e-05 5.000000e-06 4.833083e-05 2.053419e-05 5.715591e-05 5.786621e-05 1.108628e-04 3.226861e-05 4.557368e-05 1.541748e-05 3.225017e-05 6.816885e-05 4.221271e-05 8.099129e-06 7.548008e-05 4.134488e-05 1.003521e-04 6.311634e-05 8.205747e-05 5.366261e-05 4.080943e-05 3.766398e-05 2.607926e-05 3.907007e-05 6.906866e-05 2.097894e-05 3.472663e-05 1.050971e-04 3.370256e-05 6.216904e-05 3.785542e-05 7.532424e-05 6.159108e-05 1.749224e-05 2.972554e-05 5.056232e-05 5.128340e-05 3.144250e-05 5.441353e-05 5.324015e-05 2.316275e-05 2.825695e-05 2.352735e-05 5.185997e-05 4.406010e-05 1.125240e-04 4.626696e-05 9.318470e-05 5.606186e-05 4.227380e-05 5.863241e-05 6.453932e-05 1.198897e-04 1.338063e-04 1.625394e-05 6.374571e-05 8.511967e-05 3.315425e-05 5.004242e-05 7.129495e-05 8.353803e-05 1.064641e-04 4.535231e-05 2.761617e-05 1.077937e-04 2.140408e-05 3.332823e-05 7.530124e-05 5.364066e-05 4.603768e-05 7.623968e-05 8.605418e-05 2.666737e-05 3.013411e-05 2.485043e-05 6.637908e-05 6.933555e-05 3.795591e-05 4.918714e-05 7.405968e-05 1.755892e-05 4.401918e-05 4.025856e-05 9.869316e-05 3.488587e-05 7.973894e-05 4.070599e-05 2.723983e-05 1.153575e-04 4.735995e-05 3.542401e-05 5.659402e-05 3.866745e-05 5.982542e-05 5.862112e-05 5.908191e-05 3.732110e-05 4.413387e-05 6.183249e-05 7.447836e-05 7.750904e-05 5.666980e-05 6.171229e-05 4.745547e-05 5.070877e-05 6.910540e-05 3.249299e-05 4.858936e-05 5.000000e-06 4.269787e-05 4.283629e-05 7.839080e-05 6.816541e-05 5.042155e-05 5.039874e-05 9.467988e-05 8.937790e-05 8.784034e-06 5.757219e-05 7.249100e-05 6.727272e-05 6.767719e-05 1.316391e-04 9.076740e-05 2.411196e-05 3.023147e-05 9.870996e-05 8.498316e-05 9.395615e-05 7.459590e-05 6.561608e-05 2.583277e-05 4.931566e-05 1.862105e-05 5.238504e-05 3.538033e-05 7.209916e-05 4.289350e-05 2.904706e-05 7.335415e-05 9.487091e-05 4.140903e-05 8.266014e-05 7.907709e-05 5.522336e-05 2.879956e-05 3.503753e-05 4.015019e-05 4.341003e-05 4.327178e-05 6.580168e-05 4.526554e-05 6.913347e-05 1.100731e-04 5.961800e-05 4.110848e-05 6.297582e-05 1.151001e-04 8.558827e-05 2.259893e-05 2.695932e-05 7.575533e-05 1.920677e-05 7.988460e-05 5.282226e-05 3.165034e-05 7.476246e-05 3.573224e-05 4.606691e-05 3.661801e-05 9.176486e-05 7.363753e-05 5.480818e-05 9.579321e-05 3.456600e-05 3.249217e-05 6.884290e-05 7.377489e-05 3.230950e-05 5.094532e-05 5.680816e-05 2.211719e-05 7.845138e-05 4.454359e-05 5.603626e-05 4.238083e-05 4.628029e-05 3.345655e-05 8.469063e-05 1.775185e-05 3.206388e-05 5.536008e-05 8.039220e-05 2.199197e-05 5.368135e-06 8.910007e-05 8.605817e-05 4.816377e-05 4.431220e-05 2.347027e-05 3.092691e-05 9.210248e-05 6.024693e-05 4.949035e-05 1.867304e-05 7.958430e-05 4.314908e-05 8.419922e-05 2.147482e-05 9.384478e-05 5.227444e-05 2.133183e-05 3.415176e-05 6.907086e-05 2.350511e-05 3.066337e-05 7.161319e-05 5.290291e-05 7.160884e-05 4.587127e-05 1.292484e-04 6.588425e-05 4.049833e-05 4.590297e-05 5.882806e-05 7.578809e-05 5.269447e-05 7.243737e-05 2.717258e-05 1.841682e-05 4.106432e-05 4.850846e-05 6.397980e-05 3.530338e-05 3.329937e-05 5.673756e-05 4.847199e-05 5.441058e-05 4.111745e-05 1.086818e-04 2.450647e-05 8.017816e-05 1.191854e-04 5.683819e-05 3.107006e-05 2.761600e-05 2.429826e-05 8.694425e-05 7.687786e-05 6.901739e-05 7.270321e-05 4.432485e-05 9.479390e-05 4.320011e-05 1.560176e-05 8.334993e-05 2.653913e-05 7.269015e-06 3.205493e-05 4.363489e-05 6.790162e-05 9.007289e-05 5.904824e-05 6.303411e-05 5.113811e-05 7.510676e-05 2.120503e-05 8.565369e-05 4.389243e-05 1.827059e-05 8.230368e-05 1.708011e-05 2.271673e-05 3.706387e-05 7.316896e-05 5.151497e-05 5.597864e-05 5.725913e-06 3.024924e-05 3.261964e-05 2.660892e-05 6.590183e-05 3.877467e-05 6.084768e-05 5.175549e-05 1.512728e-05 7.297047e-05 4.117874e-05 3.314568e-05 2.301391e-05 1.403738e-05 1.146794e-05 6.854989e-05 6.214792e-05 5.191437e-05 2.624618e-05 7.820717e-05 3.703353e-05 5.507161e-05 4.251850e-05 3.284871e-05 2.484591e-05 8.998236e-05 1.003896e-05 6.340154e-05 7.426275e-05 7.987172e-05 2.024671e-05 2.280257e-05 3.689762e-05 4.076655e-05 5.517845e-05 1.564767e-05 6.262716e-05 5.331149e-05 5.608132e-05 2.342852e-05 2.548071e-05 5.695934e-05 7.575640e-05 5.371400e-05 4.265585e-05 3.616237e-05 6.688584e-05 8.111249e-05 3.261553e-05 1.010025e-04 1.164378e-04 2.640104e-05 6.476735e-05 4.195741e-05 6.166497e-05 1.733340e-05 2.951893e-05 8.850662e-05 6.917972e-05 6.504974e-05 9.281716e-06 9.010251e-05 1.923289e-05 1.915555e-05 2.037677e-05 6.435916e-05 4.647207e-05 2.775772e-05 4.269645e-05 7.699420e-05 7.464921e-05 6.413814e-05 2.980904e-05 4.223732e-05 5.790831e-05 7.809010e-05 5.958427e-05 1.862282e-05 2.655758e-05 2.698376e-05 5.069905e-05 9.371450e-05 8.441122e-05 4.376954e-05 6.682392e-05 5.851259e-05 4.225530e-05 3.937263e-05 2.024048e-05 9.354057e-05 2.587034e-05 7.647588e-05 8.189358e-05 5.531361e-05 1.037534e-04 7.563237e-05 7.722458e-05 3.229435e-05 1.719300e-05 5.202107e-05 4.423354e-05 3.220746e-05 1.926466e-05 4.261646e-05 8.043528e-05 7.714951e-05 4.718834e-05 1.371644e-04 1.175063e-05 7.003595e-05 2.355091e-05 5.035468e-05 8.656195e-05 3.914605e-05 1.182049e-05 5.931413e-05 1.492307e-04 2.088023e-05 1.704029e-05 9.516021e-05 2.743673e-05 3.039525e-05 2.404107e-05 5.071499e-05 7.462969e-05 6.407132e-05 5.640526e-05 2.945179e-05 5.366876e-05 6.736867e-05 5.323246e-05 3.496272e-05 5.447392e-05 8.218930e-05 8.457622e-05 4.861561e-05 1.286892e-05 2.038207e-05 4.883237e-05 7.197656e-05 5.867446e-05 4.132855e-05 9.243614e-06 1.850880e-05 8.228364e-05 3.464740e-05 7.087492e-05 4.481271e-05 8.341814e-05 2.520516e-05 5.866520e-05 5.960945e-05 3.558097e-05 9.059283e-05 8.532851e-06 6.953430e-05 1.225618e-05 5.161113e-05 1.369421e-05 5.562498e-05 3.835693e-05 2.201173e-05 2.215053e-05 6.725296e-05 1.126873e-05 2.978859e-05 3.785010e-05 1.067450e-04 5.908236e-05 1.353896e-04 6.137288e-05 1.895603e-05 4.618712e-05 6.510049e-05 8.431285e-05 5.324369e-05 5.730654e-05 3.690025e-05 1.232375e-05 7.220369e-05 6.100778e-05 3.372866e-05 5.450745e-05 3.875529e-05 7.264251e-05 6.465102e-05 5.618956e-05 1.887847e-05 5.382798e-06 6.378548e-05 1.305301e-04 3.957504e-05 1.156929e-04 4.745953e-05 5.000000e-06 8.780614e-05 9.237432e-05 7.604079e-05 5.261159e-05 3.297571e-05 8.092143e-05 4.097462e-05 7.501154e-05 7.366854e-05 1.751899e-05 4.039186e-05 6.268429e-05 4.262625e-05 4.891944e-05 3.610639e-05 3.969115e-05 4.968272e-05 2.525893e-05 4.587079e-05 2.845514e-05 4.837531e-05 4.631313e-05 1.384300e-05 4.160919e-05 6.753935e-05 7.363022e-05 6.077524e-05 1.181146e-04 3.294027e-05 8.503017e-05 4.447282e-05 6.454638e-05 4.104663e-05 1.195555e-05 4.718541e-05 9.628053e-05 5.831697e-05 6.072251e-05 3.678742e-05 1.523920e-05 8.798472e-05 4.399741e-05 5.216482e-05 3.284446e-05 8.759904e-05 7.171016e-05 5.630309e-05 4.508288e-05 5.000000e-06 7.101420e-05 2.804950e-05 7.786514e-05 2.567251e-05 4.258987e-05 2.845445e-05 2.504170e-05 6.223058e-05 1.498152e-05 7.154331e-05 1.901634e-05 4.324457e-05 4.015035e-05 5.268959e-05 2.608752e-05 3.925254e-05 3.845058e-05 8.204063e-05 1.015633e-04 4.577614e-05 9.549078e-05 1.840387e-05 5.956421e-05 5.849648e-05 1.806886e-05 6.191603e-05 2.369003e-05 1.109398e-04 7.996372e-05 6.324415e-05 3.854257e-05 6.167687e-05 6.402110e-06 2.023433e-05 3.913357e-05 4.572828e-05 7.975984e-05 3.590812e-05 2.824902e-05 4.123199e-05 1.746122e-05 7.407005e-05 5.094369e-05 1.141912e-04 9.639830e-05 1.033671e-04 6.046324e-05 2.425569e-05 6.977513e-05 2.359313e-05 2.618190e-05 7.289266e-05 6.801224e-05 2.250075e-05 3.235280e-05 3.400593e-05 1.845914e-05 7.847392e-05 2.704053e-05 8.292971e-05 5.184618e-05 4.534484e-05 2.225965e-05 5.726662e-05 7.810479e-05 4.484358e-05 5.156708e-05 9.475077e-06 4.075806e-05 7.859955e-05 8.980439e-05 7.645106e-05 4.887901e-05 1.468891e-05 6.082438e-05 6.619091e-05 2.481617e-05 1.005139e-04 1.624612e-05 1.165518e-05 4.102002e-05 2.278573e-05 3.850804e-05 2.794497e-05 7.113803e-05 2.939877e-05 5.312105e-05 4.131514e-05 4.776955e-05 3.291683e-05 4.261785e-05 5.722412e-05 2.021238e-05 5.379537e-05 7.491944e-06 2.685598e-05 4.057253e-05 6.696798e-05 6.874613e-05 4.407916e-05 7.052282e-05 8.774675e-05 3.352080e-05 5.904400e-05 4.179290e-05 5.723047e-05 6.696715e-05 8.057176e-05 4.201884e-05 
        </DataArray>
        <DataArray type="Int32" Name="status" format="ascii">
          1 1 1 1 1 1 1 1 1 1 1 1 1 1 1 1 1 1 1 1 1 1 1 1 1 1 1 1 1 1 1 1 1 1 1 1 1 1 1 1 1 1 1 1 1 1 1 1 1 1 1 1 1 1 1 1 1 1 1 1 1 1 1 1 1 1 1 1 1 1 1 1 1 1 1 1 1 1 1 1 1 1 1 1 1 1 1 1 1 1 1 1 1 1 1 1 1 1 1 1 1 1 1 1 1 1 1 1 1 1 1 1 1 1 1 1 1 1 1 1 1 1 1 1 1 1 1 1 1 1 1 1 1 1 1 1 1 1 1 1 1 1 1 1 1 1 1 1 1 1 1 1 1 1 1 1 1 1 1 1 1 1 1 1 1 1 1 1 1 1 1 1 1 1 1 1 1 1 1 1 1 1 1 1 1 1 1 1 1 1 1 1 1 1 1 1 1 1 1 1 1 1 1 1 1 1 1 1 1 1 1 1 1 1 1 1 1 1 1 1 1 1 1 1 1 1 1 1 1 1 1 1 1 1 1 1 1 1 1 1 1 1 1 1 1 1 1 1 1 1 1 1 1 1 1 1 1 1 1 1 1 1 1 1 1 1 1 1 1 1 1 1 1 1 1 1 1 1 1 1 1 1 1 1 1 1 1 1 1 1 1 1 1 1 1 1 1 1 1 1 1 1 1 1 1 1 1 1 1 1 1 1 1 1 1 1 1 1 1 1 1 1 1 1 1 1 1 1 1 1 1 1 1 1 1 1 1 1 1 1 1 1 1 1 1 1 1 1 1 1 1 1 1 1 1 1 1 1 1 1 1 1 1 1 1 1 1 1 1 1 1 1 1 1 1 1 1 1 1 1 1 1 1 1 1 1 1 1 1 1 1 1 1 1 1 1 1 1 1 1 1 1 1 1 1 1 1 1 1 1 1 1 1 1 1 1 1 1 1 1 1 1 1 1 1 1 1 1 1 1 1 1 1 1 1 1 1 1 1 1 1 1 1 1 1 1 1 1 1 1 1 1 1 1 1 1 1 1 1 1 1 1 1 1 1 1 1 1 1 1 1 1 1 1 1 1 1 1 1 1 1 1 1 1 1 1 1 1 1 1 1 1 1 1 1 1 1 1 1 1 1 1 1 1 1 1 1 1 1 1 1 1 1 1 1 1 1 1 1 1 1 1 1 1 1 1 1 1 1 1 1 1 1 1 1 1 1 1 1 1 1 1 1 1 1 1 1 1 1 1 1 1 1 1 1 1 1 1 1 1 1 1 1 1 1 1 1 1 1 1 1 1 1 1 1 1 1 1 1 1 1 1 1 1 1 1 1 1 1 1 1 1 1 1 1 1 1 1 1 1 1 1 1 1 1 1 1 1 1 1 1 1 1 1 1 1 1 1 1 1 1 1 1 1 1 1 1 1 1 1 1 1 1 1 1 1 1 1 1 1 1 1 1 1 1 1 1 1 1 1 1 1 1 1 1 1 1 1 1 1 1 1 1 1 1 1 1 1 1 1 1 1 1 1 1 1 1 1 1 1 1 1 1 1 1 1 1 1 1 1 1 1 1 1 1 1 1 1 1 1 1 1 1 1 1 1 1 1 1 1 1 1 1 1 1 1 1 1 1 1 1 1 1 1 1 1 1 1 1 1 1 1 1 1 1 1 1 1 1 1 1 1 1 1 1 1 1 1 1 1 1 1 1 1 1 1 1 1 1 1 1 1 1 1 1 1 1 1 1 1 1 1 1 1 1 1 1 1 1 1 1 1 1 1 1 1 1 1 1 1 1 1 1 1 1 1 1 1 1 1 1 1 1 1 1 1 1 1 1 1 1 1 1 1 1 1 1 1 1 1 1 1 1 1 1 1 1 1 1 1 1 1 1 1 1 1 1 1 1 1 1 1 1 1 1 1 1 1 1 1 1 1 1 1 1 1 1 1 1 1 1 1 1 1 1 1 1 1 1 1 1 1 1 1 1 1 1 1 1 1 1 1 1 1 1 1 1 1 1 1 1 1 1 1 1 1 1 1 1 1 1 1 1 1 1 1 1 1 1 1 1 1 1 1 1 1 1 1 1 1 1 1 1 1 1 1 1 1 1 1 1 1 1 1 1 1 1 1 1 1 1 1 1 1 1 1 1 1 1 1 1 1 1 1 1 1 1 1 1 1 1 1 1 1 1 1 1 1 1 1 1 1 1 1 1 1 1 1 1 1 1 1 1 1 1 1 1 1 1 1 1 1 1 1 1 1 1 1 1 1 1 1 1 1 1 1 1 1 1 1 1 1 1 1 1 1 1 1 1 1 1 1 1 1 1 1 1 1 1 1 1 1 1 1 1 1 1 1 1 1 1 1 1 1 1 1 1 1 1 1 1 1 1 1 1 1 1 1 1 1 1 1 1 1 1 1 1 1 1 1 1 1 1 1 1 1 1 1 1 1 1 1 1 1 1 1 1 1 1 1 1 1 1 1 1 1 1 1 1 1 1 1 1 1 1 1 1 1 1 1 1 1 1 1 1 1 1 1 1 1 1 1 1 1 1 1 1 1 1 1 1 1 1 1 1 1 1 1 1 1 1 1 1 1 1 1 1 1 1 1 1 1 1 1 1 1 1 1 1 1 1 1 1 1 1 1 1 1 1 1 1 1 1 1 1 1 1 1 1 1 1 1 1 1 1 1 1 1 1 1 1 1 1 1 1 1 1 1 1 1 1 1 1 1 1 1 1 1 1 1 1 1 1 1 1 1 1 1 1 1 1 1 1 1 1 1 1 1 1 1 1 1 1 1 1 1 1 1 1 1 1 1 1 1 1 1 1 1 1 1 1 1 1 1 1 1 1 1 1 1 1 1 1 1 1 1 1 1 1 1 1 1 1 1 1 1 1 1 1 1 1 1 1 1 1 1 1 1 1 1 1 1 1 1 1 1 1 1 1 1 1 1 1 1 1 1 1 1 1 1 1 1 1 1 1 1 1 1 1 1 1 1 1 1 1 1 1 1 1 1 1 1 1 1 1 1 1 1 1 1 1 1 1 1 1 1 1 1 1 1 1 1 1 1 1 1 1 1 1 1 1 1 1 1 1 1 1 1 1 1 1 1 1 1 1 1 1 1 1 1 1 1 1 1 1 1 1 1 1 1 1 1 1 1 1 1 1 1 1 1 1 1 1 1 1 1 1 1 1 1 1 1 1 1 1 1 1 1 1 1 1 1 1 1 1 1 1 1 1 1 1 1 1 1 1 1 1 1 1 1 1 1 1 1 1 1 1 1 1 1 1 1 1 1 1 1 1 1 1 1 1 1 1 1 1 1 1 1 1 1 1 1 1 1 1 1 1 1 1 1 1 1 1 1 1 1 1 1 1 1 1 1 1 1 1 1 1 1 1 1 1 1 1 1 1 1 1 1 1 1 1 1 1 1 1 1 1 1 1 1 1 1 1 1 1 1 1 1 1 1 1 1 1 1 1 1 1 1 1 1 1 1 1 1 1 1 1 1 1 1 1 1 1 1 1 1 1 1 1 1 1 1 1 1 1 1 1 1 1 1 1 1 1 1 1 1 1 1 1 1 1 1 1 1 1 1 1 1 1 1 1 1 1 1 1 1 1 1 1 1 1 1 1 1 1 1 1 1 1 1 1 1 1 1 1 1 1 1 1 1 1 1 1 1 1 1 1 1 1 1 1 1 1 1 1 1 1 1 1 1 1 1 1 1 1 1 1 1 1 1 1 1 1 1 1 1 1 1 1 1 1 1 1 1 1 1 1 1 1 1 1 1 1 1 1 1 1 1 1 1 1 1 1 1 1 1 1 1 1 1 1 1 1 1 1 1 1 1 1 1 1 1 1 1 1 1 1 1 1 1 1 1 1 1 1 1 1 1 1 1 1 1 1 1 1 1 1 1 1 1 1 1 1 1 1 1 1 1 1 1 1 1 1 1 1 1 1 1 1 1 1 1 1 1 1 1 1 1 1 1 1 1 1 1 1 1 1 1 1 1 1 1 1 1 1 1 1 1 1 1 1 1 1 1 1 1 1 1 1 1 1 1 1 1 1 1 1 1 1 1 1 1 1 1 1 1 1 1 1 1 1 1 1 1 1 1 1 1 1 1 1 1 1 1 1 1 1 1 1 1 1 1 1 1 1 1 1 1 1 1 1 1 1 1 1 1 1 1 1 1 1 1 1 1 1 1 1 1 1 1 1 1 1 1 1 1 1 1 1 1 1 1 1 1 1 1 1 1 1 1 1 1 1 1 1 1 1 1 1 1 1 1 1 1 1 1 1 1 1 1 1 1 1 1 1 1 1 1 1 1 1 1 1 1 1 1 1 1 1 1 1 1 1 1 1 1 1 1 1 1 1 1 1 1 1 1 1 1 1 1 1 1 1 1 1 1 1 1 1 1 1 1 1 1 1 1 1 1 1 1 1 1 1 1 1 1 1 1 1 1 1 1 1 1 1 1 1 1 1 1 1 1 1 1 1 1 1 1 1 1 1 1 1 1 1 1 1 1 1 1 1 1 1 1 1 1 1 1 1 1 1 1 1 1 1 1 1 1 1 1 1 1 1 1 1 1 1 1 1 1 1 1 1 1 1 1 1 1 1 1 1 1 1 1 1 1 1 1 1 1 1 1 1 1 1 1 1 1 1 1 1 1 1 1 1 1 1 1 1 1 1 1 1 1 1 1 1 1 1 1 1 1 1 1 1 1 1 1 1 1 1 1 1 1 1 1 1 1 1 1 1 1 1 1 1 1 1 1 1 1 1 1 1 1 1 1 1 1 1 1 1 1 1 1 1 1 1 1 1 1 1 1 1 1 1 1 1 1 1 1 1 1 1 1 1 1 1 1 1 1 1 1 1 1 1 1 1 1 1 1 1 1 1 1 1 1 1 1 1 1 1 1 1 1 1 1 1 1 1 1 1 1 1 1 1 1 1 1 1 1 1 1 1 1 1 1 1 1 1 1 1 1 1 1 1 1 1 1 1 1 1 1 1 1 1 1 1 1 1 1 1 1 1 1 1 1 1 1 1 1 1 1 1 1 1 1 1 1 1 1 1 1 1 1 1 1 1 1 1 1 1 1 1 1 1 1 1 1 1 1 1 1 1 1 1 1 1 1 1 1 1 1 1 1 1 1 1 1 1 1 1 1 1 1 1 1 1 1 1 1 1 1 1 1 1 1 1 1 1 1 1 1 1 1 1 1 1 1 1 1 1 1 1 1 1 1 1 1 1 1 1 1 1 1 1 1 1 1 1 1 1 1 1 1 1 1 1 1 1 1 1 1 1 1 1 1 1 1 1 1 1 1 1 1 1 1 1 1 1 1 1 1 1 1 1 1 1 1 1 1 1 1 1 1 1 1 1 1 1 1 1 1 1 1 1 1 1 1 1 1 1 1 1 1 1 1 1 1 1 1 1 1 1 1 1 1 1 1 1 1 1 1 1 1 1 1 1 1 1 1 1 1 1 1 1 1 1 1 1 1 1 1 1 1 1 1 1 1 1 1 1 1 1 1 1 1 1 1 1 1 1 1 1 1 1 1 1 1 1 1 1 1 1 1 1 1 1 1 1 1 1 1 1 1 1 1 1 1 1 1 1 1 1 1 1 1 1 1 1 1 1 1 1 1 1 1 1 1 1 1 1 1 1 1 1 1 1 1 1 1 1 1 1 1 1 1 1 1 1 1 1 1 1 1 1 1 1 1 1 1 1 1 1 1 1 1 1 1 1 1 1 1 1 1 1 1 1 1 1 1 1 1 1 1 1 1 1 1 1 1 1 1 1 1 1 1 1 1 1 1 1 1 1 1 1 1 1 1 1 1 1 1 1 1 1 1 1 1 1 1 1 1 1 1 1 1 1 1 1 1 1 1 1 1 1 1 1 1 1 1 1 1 1 1 1 1 1 1 1 1 1 1 1 1 1 1 1 1 1 1 1 1 1 1 1 1 1 1 1 1 1 1 1 1 1 1 1 1 1 1 1 1 1 1 1 1 1 1 1 1 1 1 1 1 1 1 1 1 1 1 1 1 1 1 1 1 1 1 1 1 1 1 1 1 1 1 1 1 1 1 1 1 1 1 1 1 1 1 1 1 1 1 1 1 1 1 1 1 1 1 1 1 1 1 1 1 1 1 1 1 1 1 1 1 1 1 1 1 1 1 1 1 1 1 1 1 1 1 1 1 1 1 1 1 1 1 1 1 1 1 1 1 1 1 1 1 1 1 1 1 1 1 1 1 1 1 1 1 1 1 1 1 1 1 1 1 1 1 1 1 1 1 1 1 1 1 1 1 1 1 1 1 1 1 1 1 1 1 1 1 1 1 1 1 1 1 1 1 1 1 1 1 1 1 1 1 1 1 1 1 1 1 1 1 1 1 1 1 1 1 1 1 1 1 1 1 1 1 1 1 1 1 1 1 1 1 1 1 1 1 1 1 1 1 1 1 1 1 1 1 1 1 1 1 1 1 1 1 1 1 1 1 1 1 1 1 1 1 1 1 1 1 1 1 1 1 1 1 1 1 1 1 1 1 1 1 1 1 1 1 1 1 1 1 1 1 1 1 1 1 1 1 1 1 1 1 1 1 1 1 1 1 1 1 1 1 1 1 1 1 1 1 1 1 1 1 1 1 1 1 1 1 1 1 1 1 1 1 1 1 1 1 1 1 1 1 1 1 1 1 1 1 1 1 1 1 1 1 1 1 1 1 1 1 1 1 1 1 1 1 1 1 1 1 1 1 1 1 1 1 1 1 1 1 1 1 1 1 1 1 1 1 1 1 1 1 1 1 1 1 1 1 1 1 1 1 1 1 1 1 1 1 1 1 1 1 1 1 1 1 1 1 1 1 1 1 1 1 1 1 1 1 1 1 1 1 1 1 1 1 1 1 1 1 1 1 1 1 1 1 1 1 1 1 1 1 1 1 1 1 1 1 1 1 1 1 1 1 1 1 1 1 1 1 1 1 1 1 1 1 1 1 1 1 1 1 1 1 1 1 1 1 1 1 1 1 1 1 1 1 1 1 1 1 1 1 1 1 1 1 1 1 1 1 1 1 1 1 1 1 1 1 1 1 1 1 1 1 1 1 1 1 1 1 1 1 1 1 1 1 1 1 1 1 1 1 1 1 1 1 1 1 1 1 1 1 1 1 1 1 1 1 1 1 1 1 1 1 1 1 1 1 1 1 1 1 1 1 1 1 1 1 1 1 1 1 1 1 1 1 1 1 1 1 1 1 1 1 1 1 1 1 1 1 1 1 1 1 1 1 1 1 1 1 1 1 1 1 1 1 1 1 1 1 1 1 1 1 1 1 1 1 1 1 1 1 1 1 1 1 1 1 1 1 1 1 1 1 1 1 1 1 1 1 1 1 1 1 1 1 1 1 1 1 1 1 1 1 1 1 1 1 1 1 1 1 1 1 1 1 1 1 1 1 1 1 1 1 1 1 1 1 1 1 1 1 1 1 1 1 1 1 1 1 1 1 1 1 1 1 1 1 1 1 1 1 1 1 1 1 1 1 1 1 1 1 1 1 1 1 1 1 1 1 1 1 1 1 1 1 1 1 1 1 1 1 1 1 1 1 1 1 1 1 1 1 1 1 1 1 1 1 1 1 1 1 1 1 1 1 1 1 1 1 1 1 1 1 1 1 1 1 1 1 1 1 1 1 1 1 1 1 1 1 1 1 1 1 1 1 1 1 1 1 1 1 1 1 1 1 1 1 1 1 1 1 1 1 1 1 1 1 1 1 1 1 1 1 1 1 1 1 1 1 1 1 1 1 1 1 1 1 1 1 1 1 1 1 1 1 1 1 1 1 1 1 1 1 1 1 1 1 1 1 1 1 1 1 1 1 1 1 1 1 1 1 1 1 1 1 1 1 1 1 1 1 1 1 1 1 1 1 1 1 1 1 1 1 1 1 1 1 1 1 1 1 1 1 1 1 1 1 1 1 1 1 1 1 1 1 1 1 1 1 1 1 1 1 1 1 1 1 1 1 1 1 1 1 1 1 1 1 1 1 1 1 1 1 1 1 1 1 1 1 1 1 1 1 1 1 1 1 1 1 1 1 1 1 1 1 1 1 1 1 1 1 1 1 1 1 1 1 1 1 1 1 1 1 1 1 1 1 1 1 1 1 1 1 1 1 1 1 1 1 1 1 1 1 1 1 1 1 1 1 1 1 1 1 1 1 1 1 1 1 1 1 1 1 1 1 1 1 1 1 1 1 1 1 1 1 1 1 1 1 1 1 1 1 1 1 1 1 1 1 1 1 1 1 1 1 1 1 1 1 1 1 1 1 1 1 1 1 1 1 1 1 1 1 1 1 1 1 1 1 1 1 1 1 1 1 1 1 1 1 1 1 1 1 1 1 1 1 1 1 1 1 1 1 1 1 1 1 1 1 1 1 1 1 1 1 1 1 1 1 1 1 1 1 1 1 1 1 1 1 1 1 1 1 1 1 1 1 1 1 1 1 1 1 1 1 1 1 1 1 1 1 1 1 1 1 1 1 1 1 1 1 1 1 1 1 1 1 1 1 1 1 1 1 1 1 1 1 1 1 1 1 1 1 1 1 1 1 1 1 1 1 1 1 1 1 1 1 1 1 1 1 1 1 1 1 1 1 1 1 1 1 1 1 1 1 1 1 1 1 1 1 1 1 1 1 1 1 1 1 1 1 1 1 1 1 1 1 1 1 1 1 1 1 1 1 1 1 1 1 1 1 1 1 1 1 1 1 1 1 1 1 1 1 1 1 1 1 1 1 1 1 1 1 1 1 1 1 1 1 1 1 1 1 1 1 1 1 1 1 1 1 1 1 1 1 1 1 1 1 1 1 1 1 1 1 1 1 1 1 1 1 1 1 1 1 1 1 1 1 1 1 1 1 1 1 1 1 1 1 1 1 1 1 1 1 1 1 1 1 1 1 1 1 1 1 1 1 1 1 1 1 1 1 1 1 1 1 1 1 1 1 1 1 1 1 1 1 1 1 1 1 1 1 1 1 1 1 1 1 1 1 1 1 1 1 1 1 1 1 1 1 1 1 1 1 1 1 1 1 1 1 1 1 1 1 1 1 1 1 1 1 1 1 1 1 1 1 1 1 1 1 1 1 1 1 1 1 1 1 1 1 1 1 1 1 1 1 1 1 1 1 1 1 1 1 1 1 1 1 1 1 1 1 1 1 1 1 1 1 1 1 1 1 1 1 1 1 1 1 1 1 1 1 1 1 1 1 1 1 1 1 1 1 1 1 1 1 1 1 1 1 1 1 1 1 1 1 1 1 1 1 1 1 1 1 1 1 1 1 1 1 1 1 1 1 1 1 1 1 1 1 1 1 1 1 1 1 1 1 1 1 1 1 1 1 1 1 1 1 1 1 1 1 1 1 1 1 1 1 1 1 1 1 1 1 1 1 1 1 1 1 1 1 1 1 1 1 1 1 1 1 1 1 1 1 1 1 1 1 1 1 1 1 1 1 1 1 1 1 1 1 1 1 1 1 1 1 1 1 1 1 1 1 1 1 1 1 1 1 1 1 1 1 1 1 1 1 1 1 1 1 1 1 1 1 1 1 1 1 1 1 1 1 1 1 1 1 1 1 1 1 1 1 1 1 1 1 1 1 1 1 1 1 1 1 1 1 1 1 1 1 1 1 1 1 1 1 1 1 1 1 1 1 1 1 1 1 1 1 1 1 1 1 1 1 1 1 1 1 1 1 1 1 1 1 1 1 1 1 1 1 1 1 1 1 1 1 1 1 1 1 1 1 1 1 1 1 1 1 1 1 1 1 1 1 1 1 1 1 1 1 1 1 1 1 1 1 1 1 1 1 1 1 1 1 1 1 1 1 1 1 1 1 1 1 1 1 1 1 1 1 1 1 1 1 1 1 1 1 1 1 1 1 1 1 1 1 1 1 1 1 1 1 1 1 1 1 1 1 1 1 1 1 1 1 1 1 1 1 1 1 1 1 1 1 1 1 1 1 1 1 1 1 1 1 1 1 1 1 1 1 1 1 1 1 1 1 1 1 1 1 1 1 1 1 1 1 1 1 1 1 1 1 1 1 1 1 1 1 1 1 1 1 1 1 1 1 1 1 1 1 1 1 1 1 1 1 1 1 1 1 1 1 1 1 1 1 1 1 1 1 1 1 1 1 1 1 1 1 1 1 1 1 1 1 1 1 1 1 1 1 1 1 1 1 1 1 1 1 1 1 1 1 1 1 1 1 1 1 1 1 1 1 1 1 1 1 1 1 1 1 1 1 1 1 1 1 1 1 1 1 1 1 1 1 1 1 1 1 1 1 1 1 1 1 1 1 1 1 1 1 1 1 1 1 1 1 1 1 1 1 1 1 1 1 1 1 1 1 1 1 1 1 1 1 1 1 1 1 1 1 1 1 1 1 1 1 1 1 1 1 1 1 1 1 1 1 1 1 1 1 1 1 1 1 1 1 1 1 1 1 1 1 1 1 1 1 1 1 1 1 1 1 1 1 1 1 1 1 1 1 1 1 1 1 1 1 1 1 1 1 1 1 1 1 1 1 1 1 1 1 1 1 1 1 1 1 1 1 1 1 1 1 1 1 1 1 1 1 1 1 1 1 1 1 1 1 1 1 1 1 1 1 1 1 1 1 1 1 1 1 1 1 1 1 1 1 1 1 1 1 1 1 1 1 1 1 1 1 1 1 1 1 1 1 1 1 1 1 1 1 1 1 1 1 1 1 1 1 1 1 1 1 1 1 1 1 1 1 1 1 1 1 1 1 1 1 1 1 1 1 1 1 1 1 1 1 1 1 1 1 1 1 1 1 1 1 1 1 1 1 1 1 1 1 1 1 1 1 1 1 1 1 1 1 1 1 1 1 1 1 1 1 1 1 1 1 1 1 1 1 1 1 1 1 1 1 1 1 1 1 1 1 1 1 1 1 1 1 1 1 1 1 1 1 1 1 1 1 1 1 1 1 1 1 1 1 1 1 1 1 1 1 1 1 1 1 1 1 1 1 1 1 1 1 1 1 1 1 1 1 1 1 1 1 1 1 1 1 1 1 1 1 1 1 1 1 1 1 1 1 1 1 1 1 1 1 1 1 1 1 1 1 1 1 1 1 1 1 1 1 1 1 1 1 1 1 1 1 1 1 1 1 1 1 1 1 1 1 1 1 1 1 1 1 1 1 1 1 1 1 1 1 1 1 1 1 1 1 1 1 1 1 1 1 1 1 1 1 1 1 1 1 1 1 1 1 1 1 1 1 1 1 1 1 1 1 1 1 1 1 1 1 1 1 
        </DataArray>
        <DataArray type="Float32" Name="velocity" NumberOfComponents="3" format="ascii">
          4.307190e+00 -5.194443e-02 -4.565238e+00 1.784658e+00 -6.444985e-02 4.355575e+00 -4.828572e+00 -5.553760e-02 -3.137460e+00 -1.189779e+00 -3.825023e-02 -7.582554e+00 -5.985191e+00 -6.528430e-02 1.583645e+00 5.644495e+00 -8.789351e-02 3.435086e-01 6.977635e+00 -5.507930e-02 7.536768e-01 -9.696300e+00 -3.763677e-02 2.462588e+00 -1.571039e+00 -4.881480e-02 -5.364605e+00 7.796103e+00 -5.911988e-02 4.429898e-01 -6.816106e-01 -4.817740e-02 -9.100590e+00 5.171609e+00 -4.716978e-02 -3.304227e+00 3.996573e+00 -4.264097e-02 4.371179e+00 4.279809e+00 -8.044641e-02 -2.932563e+00 2.758524e+00 -4.995819e-02 -1.461560e+01 -8.217262e+00 -4.943625e-02 -2.967483e+00 5.549359e+00 -4.729949e-02 3.255999e+00 -2.415224e+00 -3.392811e-02 8.223367e+00 -4.185623e+00 -5.575631e-02 2.314513e+00 -5.690473e-01 -4.841143e-02 7.582787e+00 -5.525000e+00 -6.899251e-02 3.013044e+00 -5.005116e+00 -5.834348e-02 -2.460461e+00 -6.804533e+00 -4.308354e-02 -3.661692e+00 -6.937034e+00 -4.005855e-02 -8.161601e-01 8.063845e+00 -3.700215e-02 -9.310865e-01 7.631699e+00 -5.937890e-02 2.608310e+00 -3.152435e-01 -3.563508e-02 -6.816046e+00 1.701317e+00 -4.432228e-02 6.199221e+00 1.209702e+00 -3.988965e-02 5.942046e+00 1.034132e+01 -3.235171e-02 5.759965e-01 9.672548e+00 -4.545999e-02 -2.740644e-01 -3.171667e+00 -6.476481e-02 4.573241e+00 2.385667e+00 -4.517047e-02 -5.003848e+00 5.388043e+00 -6.335229e-02 -5.328440e+00 3.634795e+00 -7.587577e-02 3.615388e+00 2.030064e-01 -6.413046e-02 -7.032403e+00 -4.534932e+00 -6.479505e-02 3.492317e+00 2.297534e+00 -5.070585e-02 -5.604534e+00 -5.860995e+00 -5.120142e-02 6.146687e+00 -4.063468e+00 -7.455575e-02 4.541892e+00 -9.425445e-01 -5.754353e-02 -6.688184e+00 -4.412344e+00 -4.934228e-02 -2.567185e+00 -4.267002e+00 -5.268019e-02 2.513763e+00 -2.809538e+00 -7.880621e-02 -2.574926e+00 6.443187e+00 -5.888861e-02 -3.228344e+00 1.055517e+01 -2.980000e-02 -6.189737e+00 -1.063167e+01 -4.083591e-02 -2.106525e-01 5.710520e+00 -2.879512e-02 8.234282e+00 2.014218e+00 -3.210481e-02 7.534867e+00 4.213315e+00 -8.739430e-02 -2.660622e+00 -5.123994e+00 -7.333076e-02 4.190614e+00 6.458006e+00 -5.854424e-02 4.987605e+00 1.067703e+01 -4.060968e-02 9.195984e+00 -5.456995e+00 -4.300531e-02 4.622689e+00 -9.213837e+00 -2.682098e-02 3.407711e+00 5.337561e-01 -3.720767e-02 8.962101e+00 -4.372784e+00 -4.601090e-02 6.021048e+00 -5.210462e+00 -6.754617e-02 3.727178e+00 4.689522e+00 -8.042213e-02 3.042361e+00 6.170528e+00 -5.199651e-02 3.777714e+00 3.642183e+00 -6.873388e-02 3.395601e+00 3.518594e+00 -8.433204e-02 4.737978e+00 -5.119443e+00 -5.428731e-02 -7.593080e-01 8.531900e+00 -3.477269e-02 -6.427546e+00 3.342931e+00 -7.704306e-02 -3.464866e+00 -6.840548e+00 -1.422474e+00 -7.592603e+00 7.268987e+00 -5.710904e-02 3.566733e+00 -3.863405e+00 -3.146797e-02 6.585935e+00 -3.375330e+00 -2.601238e-02 -9.453613e+00 -1.539377e+00 -9.681287e-02 -5.177378e+00 -2.685073e+00 -7.853997e-02 5.718703e+00 -1.503043e+01 -3.087141e-01 -2.629613e+00 -3.910119e+00 -9.125762e-02 -1.899535e+00 -6.613891e+00 -7.172922e-02 1.743031e+00 2.942264e+00 -5.281316e-02 7.047321e+00 4.082808e+00 -3.706278e-02 7.829578e+00 4.339455e+00 -7.224376e-02 -1.050467e+00 2.598088e+00 -4.801298e-02 -5.177837e+00 -3.496877e+00 -3.408032e-02 -1.198155e+01 4.816931e+00 -7.505634e-02 2.410305e+00 1.873559e+00 -5.557242e-02 4.146768e+00 -8.107244e-01 -9.705465e-02 -5.047494e+00 4.816235e+00 -7.749709e-02 3.366599e+00 -7.070935e+00 -4.630936e-02 3.157466e+00 -2.250329e+00 -3.810169e-02 -7.031191e+00 3.954501e+00 -6.539821e-02 3.132877e+00 7.415193e+00 -5.727459e-02 -9.167767e-02 1.178328e-02 -6.427572e-02 -7.405493e+00 -1.260233e+00 -4.998606e-02 7.636541e+00 2.486059e+00 -5.758441e-02 -6.332794e+00 3.989910e+00 -6.485038e-02 3.133836e+00 -8.952282e+00 -6.103476e-01 8.266096e+00 7.457592e+00 -5.725976e-02 3.158035e+00 8.133577e+00 -6.069013e-02 1.389694e-01 -6.472504e-01 -3.866390e-02 -1.357576e+01 -5.115798e+00 -5.632980e-02 1.084428e+00 -4.295040e+00 -5.408945e-02 7.062041e+00 -7.756777e+00 -4.710904e-02 -3.278452e+00 -9.159667e+00 -3.392320e-02 1.390768e+00 -9.449282e-01 -3.406302e-02 -1.251696e+01 -9.241323e+00 -3.946546e-02 -5.360634e+00 5.787300e-01 -3.547088e-02 8.906232e+00 -6.859409e+00 -4.438210e-02 3.267685e+00 -6.701503e+00 -7.438343e-02 6.082898e-01 -1.609948e+00 -5.649737e-02 -5.910265e+00 1.909825e+00 -3.488000e-02 -6.673906e+00 5.048310e+00 -7.795274e-02 -1.442434e+00 -1.026650e+01 -4.249511e-02 -4.962703e+00 -5.877789e+00 -4.829106e-02 -6.731007e+00 -8.515236e+00 -4.977840e-02 -2.900184e-02 -5.844411e+00 -4.177780e-02 -1.012325e+01 9.940892e-01 -7.178354e-02 -3.789139e+00 -3.356432e+00 -5.780898e-02 3.900883e+00 -7.580042e+00 -3.266291e-02 -1.154869e+01 -3.380517e+00 -9.238514e-02 1.807242e+00 6.740200e+00 -5.448197e-02 -1.268011e+00 -2.840538e-01 -7.757892e-02 6.421258e+00 -3.165031e+00 -4.951566e-02 -4.076124e+00 -5.575888e+00 -4.061934e-02 -5.240339e+00 -4.262607e+00 -3.579354e-02 -9.324224e+00 -2.038476e-01 -5.824865e-02 -6.549417e+00 4.826714e+00 -4.723956e-02 -3.091241e+00 8.207639e+00 -3.056053e-02 6.514223e+00 9.933711e-01 -6.332731e-02 -7.321039e+00 1.366358e+01 -3.885373e-02 3.777827e+00 3.696763e+00 -5.568499e-02 7.392130e+00 -7.464374e+00 -4.924357e-02 -4.840322e+00 -5.551138e+00 -6.510681e-02 -3.356200e+00 7.198256e+00 -5.516977e-02 2.543561e+00 -3.261615e+00 -5.661537e-02 -5.207611e+00 -1.176687e+01 -4.382536e-02 8.460507e+00 1.256507e+00 -5.736822e-02 -6.401917e+00 1.767324e-01 -4.123598e-02 6.129129e+00 1.214232e+01 -4.019276e-02 1.563031e+00 7.460513e+00 -5.745189e-02 3.173275e+00 3.458466e+00 -9.360275e-02 -4.420458e+00 -5.132092e+00 -4.562220e-02 -1.400766e+01 4.865527e+00 -7.118522e-02 2.606145e-02 7.453783e-01 -2.723765e-02 9.190170e+00 4.526624e+00 -6.504015e-02 -6.915709e-01 -7.812547e+00 -4.790198e-02 2.108437e+00 6.216897e+00 -3.441144e-02 -3.666987e+00 5.300919e+00 -8.592837e-02 1.431263e+00 1.528526e+01 -7.116744e-01 -3.356626e+00 -4.113847e+00 -6.422908e-02 -5.020721e+00 6.146463e+00 -5.850780e-02 -4.255302e+00 -3.156688e-01 -4.884308e-02 -5.403362e+00 7.334288e-01 -5.517763e-02 -6.658501e+00 7.968401e+00 -4.577865e-02 6.685061e+00 -9.499468e+00 -3.401284e-02 -2.125939e-01 1.239148e+00 -4.998262e-02 -9.698425e+00 1.607754e+00 -6.889736e-02 4.898871e+00 7.098943e+00 -3.757258e-02 5.344150e+00 -6.622128e+00 -7.295719e-02 1.803688e+00 5.504634e+00 -4.751820e-02 -2.514608e+00 5.531447e+00 -3.368386e-02 5.720365e+00 5.700432e+00 -4.221068e-02 7.815259e+00 9.685218e+00 -3.971454e-02 7.761928e+00 -1.439913e+01 -4.423298e-02 9.481280e-01 8.347399e+00 -3.084855e-02 6.310863e+00 8.499002e+00 -4.302647e-02 -3.148080e+00 9.420976e+00 -4.845165e-02 -3.557548e+00 5.585017e+00 -8.640710e-02 3.027545e-01 -5.660971e+00 -3.280843e-02 1.004202e+01 -2.522351e+00 -5.116761e-02 7.813534e+00 5.510942e+00 -5.169233e-02 4.612871e+00 1.338220e+00 -4.485168e-02 1.039542e+01 9.834933e+00 -3.570766e-02 1.135152e+01 -6.801251e+00 -4.365832e-02 8.794873e+00 2.396333e+00 -4.437599e-02 -8.497526e+00 4.128046e+00 -2.493668e-01 -1.073616e+01 2.454970e+00 -4.893985e-02 -5.603141e+00 -1.805768e+00 -7.788839e-01 -1.578197e+01 -2.592460e+00 -4.181084e-02 9.812344e+00 1.338284e+01 -3.971744e-02 4.711301e+00 -7.395395e+00 -4.553718e-02 3.047081e+00 -5.143935e+00 -6.824709e-02 3.525384e+00 2.402345e-01 -5.542041e-02 -6.360030e+00 -6.899111e+00 -4.147526e-02 -8.847418e+00 2.402811e+00 -3.552480e-02 8.385528e+00 1.974347e+00 -2.980356e-02 -8.875227e+00 1.455293e+00 -6.525541e-02 4.790536e+00 7.070204e+00 -5.874061e-02 -2.876467e+00 7.579134e+00 -3.531564e-02 -1.973324e+00 2.591320e+00 -4.381466e-02 -1.473227e+01 -5.929077e+00 -4.198493e-02 4.137930e+00 5.065391e+00 -9.204024e-02 -2.557741e+00 9.087648e+00 -4.348761e-02 -1.671341e+00 -6.254993e-01 -3.095575e-02 -9.388313e+00 3.996238e+00 -5.177386e-02 -5.288721e+00 8.025702e+00 -6.177203e-02 -3.009460e-01 -5.328576e+00 -6.866154e-02 -4.539768e+00 1.537849e+00 -3.930857e-02 -1.341353e+01 3.760564e+00 -4.598277e-02 5.454666e+00 -1.026851e+01 -3.637068e-02 9.236902e+00 -2.917916e+00 -5.006171e-02 -9.109826e+00 -5.539193e+00 -6.026002e-02 -2.300786e+00 -1.203438e+00 -4.316679e-02 1.024053e+01 -2.336044e+00 -4.399497e-02 1.043669e+01 -8.019161e+00 -3.149889e-02 -4.004169e+00 -6.725474e+00 -6.494989e-02 -1.157734e+00 5.841053e+00 -5.973852e-02 -4.350409e+00 4.104976e+00 -7.445484e-02 3.904369e+00 -2.614457e+00 -4.512609e-02 6.622362e+00 1.136690e+00 -7.019706e-02 -4.070601e+00 -5.115902e+00 -3.656884e-02 -4.796778e+00 6.353147e+00 -5.154724e-02 -1.805264e+00 1.401660e+00 -6.689071e-02 5.165611e+00 -1.147576e+01 -1.639293e+00 -2.783982e-01 4.232945e+00 -6.918541e-02 3.438819e+00 5.327746e+00 -7.826100e-02 1.756557e+00 6.380156e+00 -5.469425e-02 4.282269e+00 -1.047571e+00 -3.347334e-02 -9.989427e+00 3.464148e+00 -4.670816e-02 5.987641e+00 -6.692838e+00 -4.398683e-02 2.977292e+00 -5.848148e+00 -7.063492e-02 2.928952e+00 9.719715e+00 -2.541594e-02 1.143949e+01 -8.757013e+00 -5.355474e-02 2.093366e+00 2.603681e+00 -3.256627e-02 7.658355e+00 1.840554e+00 -7.375366e-02 5.630398e+00 -3.468097e+00 -5.010437e-02 -4.010866e+00 -1.278919e+01 -4.267659e-02 6.394068e+00 2.281852e+00 -4.547913e-02 6.211510e+00 -5.317336e+00 -7.360546e-02 4.181949e+00 -7.783341e+00 -1.039756e+00 -2.862925e+00 4.683590e+00 -5.363800e-02 -4.771211e+00 7.177244e+00 -3.314429e-02 1.801243e+00 -5.152158e+00 -5.256021e-02 8.480825e-01 6.562447e+00 -4.890530e-02 8.848880e-02 2.439431e+00 -7.814157e-02 5.297731e+00 6.462415e+00 -5.351994e-02 -2.309589e+00 5.959650e+00 -8.773173e-02 -4.397769e-01 4.663052e+00 -7.265092e-02 7.477857e-01 -4.058871e+00 -9.505872e-02 -3.706979e-01 -6.940282e+00 -4.722536e-02 -4.806242e+00 -1.176110e+01 -1.765702e+00 -5.647196e+00 -9.561633e-01 -7.133310e-02 5.867836e+00 2.200509e+00 -4.430677e-02 1.005899e+01 -3.485140e-01 -7.595272e-02 6.363736e+00 7.156758e+00 -5.258769e-02 8.824434e-01 4.283326e+00 -6.724565e-02 -1.185206e-01 -2.556021e+00 -6.156537e-02 -6.601041e+00 1.098626e+01 -2.617296e-02 -3.393693e+00 -5.212240e+00 -5.809231e-02 -2.048687e+00 4.816554e+00 -3.731696e-02 7.463085e+00 -9.153210e+00 -5.512661e-01 -7.164115e+00 -1.189238e+01 -3.809000e-02 -5.051197e+00 -5.760426e+00 -6.622542e-02 -3.576104e+00 3.857901e+00 -4.889743e-02 -9.128505e+00 2.857392e+00 -7.676697e-02 5.211239e+00 6.764760e+00 -5.519084e-02 3.449328e+00 -1.055066e+01 -4.213487e-02 -3.948220e+00 -2.737568e+00 -4.739274e-02 -8.894790e+00 3.774991e+00 -5.562462e-02 7.209884e+00 -1.029352e+01 -1.561215e+00 3.549522e+00 3.040446e+00 -3.165498e-02 7.035443e+00 -3.938039e+00 -5.022708e-02 -3.447533e+00 -5.361627e+00 -5.541366e-02 -1.289970e+00 -1.481144e+01 -2.916753e-01 3.602772e+00 -6.665257e+00 -3.123838e-02 -5.968463e+00 6.772992e+00 -3.400005e-02 -2.311073e+00 3.668893e+00 -7.427500e-02 -2.407214e+00 -8.935091e+00 -3.315711e-02 2.290475e+00 -5.660168e+00 -5.602073e-02 -1.726018e+00 -3.651626e+00 -7.546558e-02 5.612396e+00 4.869225e+00 -6.454165e-02 -5.932869e+00 -1.020830e+00 -5.857290e-02 5.075999e+00 -4.046601e+00 -4.643938e-02 6.334019e+00 -1.875246e-01 -5.779703e-02 -6.835127e+00 -1.508114e+00 -7.805879e-02 -4.119519e+00 1.790799e+00 -5.895076e-02 -6.814964e+00 -5.835779e+00 -5.951536e-02 -1.672883e+00 -2.714003e+00 -4.922346e-02 -4.490971e+00 2.757760e+00 -3.814697e-02 -1.359721e+01 -4.966133e+00 -5.964490e-02 2.197352e+00 1.245338e+00 -3.282572e-02 8.236608e+00 6.580617e+00 -5.419085e-02 3.609074e+00 9.923909e+00 -2.481231e-02 4.366085e+00 7.748805e+00 -4.202485e-02 5.682011e+00 8.683784e+00 -4.120122e-02 -2.921098e+00 2.700833e+00 -4.765470e-02 -5.090796e+00 7.385699e+00 -3.329197e-02 -1.026448e+00 1.235445e+01 -3.020624e-02 -1.559226e+00 -6.667907e-01 -4.817257e-02 -5.561073e+00 4.705681e+00 -5.315756e-02 -4.546758e+00 -6.151441e+00 -6.435930e-02 2.092869e+00 -2.436220e+00 -8.564407e-02 -3.739615e+00 -8.666437e-01 -7.591919e-02 6.603600e+00 4.144203e+00 -3.861589e-02 8.238539e+00 -9.358689e+00 -4.048419e-02 -5.846447e+00 -5.662240e+00 -3.538484e-02 7.460819e+00 -1.115597e+01 -3.619456e-02 5.352504e+00 -6.955411e+00 -7.193922e-02 -1.424140e-01 4.714483e+00 -5.726269e-02 -5.106756e+00 1.877519e+00 -4.780526e-02 7.004350e+00 -3.810200e-01 -4.870223e-02 -5.308280e+00 -1.893068e+00 -4.863090e-02 -4.852400e+00 8.787979e+00 -2.828244e-02 -1.070461e+00 3.228835e-01 -6.848444e-02 5.943455e+00 -3.470975e+00 -7.632483e-02 5.069218e-01 5.503899e+00 -5.699260e-02 6.058565e+00 -5.360263e+00 -3.780843e-02 -9.391566e+00 -3.568875e+00 -5.214899e-02 -1.442338e+01 9.343924e+00 -2.931689e-02 -2.747035e+00 6.265233e+00 -4.521918e-02 -8.545927e-01 1.048809e+01 -3.971590e-02 -9.054538e+00 6.760446e+00 -3.858751e-02 -1.158807e+01 4.516510e+00 -6.648041e-02 -2.022441e-02 8.117945e+00 -3.628525e-02 -6.735179e-01 8.072278e+00 -6.026507e-02 -1.148587e+00 9.773167e+00 -2.465286e-02 5.236429e+00 -1.083482e+01 -1.651923e+00 -1.125460e+01 5.205238e+00 -5.592003e-02 -4.855535e+00 -7.794371e+00 -4.738787e-02 2.820060e+00 5.923158e+00 -5.689003e-02 5.226499e+00 -4.359421e-02 -5.775784e-02 -6.779442e+00 -2.626572e+00 -5.510323e-02 -5.547000e+00 -8.395635e-02 -5.213440e-02 8.271116e+00 -2.350310e-01 -6.699335e-02 -7.548386e+00 9.722055e+00 -3.942143e-02 7.982998e+00 5.145775e-02 -7.586777e-02 6.333165e+00 -6.767226e+00 -4.144861e-02 -1.271392e+01 -7.059636e+00 -7.103805e-02 7.510743e-01 9.505963e+00 -4.413532e-02 3.397495e+00 -1.059003e+01 -1.422169e+00 -2.237428e+00 -8.587622e+00 -5.328963e-02 2.723892e+00 -4.535642e+00 -1.043860e-01 4.653479e-01 -3.619734e+00 -3.221809e-02 -8.997585e+00 -8.711018e+00 -5.016086e-01 -1.274695e+01 -1.313256e+00 -4.388437e-02 6.890772e+00 -7.005438e+00 -4.097736e-02 -2.070912e+00 -2.855581e+00 -6.196388e-02 4.251245e+00 3.643824e+00 -4.800227e-02 -4.907223e+00 7.089797e+00 -5.346476e-02 -1.083040e+00 6.015315e-01 -4.641755e-02 7.183421e+00 -9.560583e+00 3.194921e-01 -7.065965e+00 2.806987e+00 -6.606021e-02 -3.314210e+00 -4.824122e+00 -7.449910e-02 4.543177e+00 1.374629e+01 -4.024744e-02 1.910379e+00 5.744529e+00 -2.538960e-02 -8.933554e+00 -3.867773e-01 -4.902470e-02 -5.884581e+00 4.614037e+00 -4.377926e-02 9.405462e+00 5.203230e+00 -8.681750e-02 2.947631e+00 -2.215523e+00 -3.921385e-02 1.264313e+01 -7.089026e+00 -4.351925e-02 -4.369083e+00 -6.110470e+00 -4.556667e-02 4.597287e+00 9.681277e-02 -4.699872e-02 -5.442544e+00 -7.534314e+00 -3.306579e-02 4.613904e+00 -4.064569e+00 -4.193691e-02 -7.300159e+00 7.970078e+00 -5.873986e-02 1.772207e+00 -3.187465e-01 -5.697529e-02 4.830598e+00 6.048239e+00 -4.486165e-02 1.839321e+00 2.805244e-01 -6.218022e-02 5.450843e+00 -9.443141e+00 -3.754177e-02 3.378729e+00 -5.569769e-01 -3.578625e-02 -6.799564e+00 1.772745e+00 -3.385885e-02 8.158479e+00 4.396032e+00 -6.970090e-02 2.612409e+00 -7.403941e-01 -4.893985e-02 -5.822433e+00 -5.309733e+00 -3.075293e-02 5.698562e+00 5.581334e-01 -4.938665e-02 -5.847011e+00 7.435450e-01 -5.250720e-02 -6.036096e+00 -1.592003e+00 -3.627691e-02 -6.911618e+00 7.778073e-01 -5.005025e-02 -5.925541e+00 -5.980606e+00 -6.455583e-02 -2.601500e+00 1.134581e+01 -3.963871e-02 -3.602772e+00 6.890855e+00 -5.332235e-02 2.915311e+00 -6.763628e+00 -5.001580e-02 -6.771480e+00 3.693002e+00 -5.361266e-02 6.912128e+00 4.381393e+00 -5.954074e-02 -5.726790e+00 2.169017e+00 -7.624694e-02 -4.084079e+00 -4.734797e+00 -6.105449e-02 -4.715539e+00 -4.774438e+00 -6.105934e-02 3.585002e+00 1.741044e+00 -5.838637e-02 -6.571681e+00 -6.368456e+00 -7.032925e-02 -3.194281e+00 2.567546e-01 -5.037537e-02 -5.628558e+00 6.628413e+00 -2.765070e-02 6.370256e+00 2.106224e+00 -7.001076e-02 -3.957684e+00 4.039522e+00 -4.931216e-02 -5.039427e+00 -1.083111e+01 -4.181629e-02 6.882472e-01 -4.032540e+00 -9.177035e-02 -2.597027e+00 6.493097e+00 -5.722833e-02 -3.316337e+00 2.538655e+00 -3.294006e-02 7.823268e+00 -5.587836e+00 -5.331621e-02 -1.107878e+00 4.618075e+00 -8.106562e-02 -2.699748e+00 5.462226e+00 -8.865743e-02 -1.314652e+00 -1.985800e+00 -4.065358e-02 6.267866e+00 -5.888923e+00 -3.752089e-02 1.343045e+01 3.547358e+00 -3.492020e-02 7.893673e+00 4.583322e+00 -4.167579e-02 8.770528e+00 3.951944e-01 -3.663674e-02 -7.298057e+00 -4.828644e+00 -3.863719e-02 4.175022e+00 -2.348523e+00 -4.514781e-02 -8.391917e+00 -5.518183e+00 -4.234955e-02 4.727339e+00 -6.331120e+00 -3.811844e-02 -1.153510e+01 3.443188e-01 -5.409552e-02 -6.610320e+00 -6.081210e+00 -4.111464e-02 3.747860e+00 1.056724e+00 -5.842174e-02 -7.132596e+00 -4.165185e+00 -4.753795e-02 6.666853e+00 -6.469962e+00 -4.966769e-02 5.203178e+00 1.969288e+00 -4.078601e-02 -8.224931e+00 -2.961830e+00 -9.050781e-02 2.327541e+00 -3.129759e+00 -5.912734e-02 3.926795e+00 -6.416861e+00 -5.408576e-02 6.094882e+00 -8.993352e+00 -5.362627e-02 2.085805e+00 -5.212294e+00 -5.870130e-02 -3.903314e+00 -7.354296e+00 -4.660551e-02 -4.259645e+00 8.219882e+00 -4.522811e-02 6.303632e+00 5.186360e+00 -5.764306e-02 6.871056e+00 4.795630e+00 -5.707982e-02 -5.080156e+00 6.105430e+00 -3.511621e-02 5.822692e+00 -4.638474e+00 -7.049844e-02 4.397026e+00 1.378568e-01 -5.670288e-02 8.757142e+00 -6.936988e+00 -4.153394e-02 -9.023864e+00 -8.497197e+00 -4.958447e-02 -2.950307e+00 -7.082402e+00 -4.980264e-02 -1.291457e+01 5.329250e+00 -5.429680e-02 5.931403e+00 6.054755e+00 -5.037082e-02 -2.033156e+00 6.134575e+00 -5.214085e-02 4.262031e+00 -1.417395e+00 -3.381630e-02 -1.256719e+01 8.129393e-01 -5.886194e-02 -6.939743e+00 1.684247e+00 -6.762447e-02 -3.574183e+00 -2.108143e+00 -4.010027e-02 6.332482e+00 5.287293e+00 -5.577897e-02 5.760934e+00 3.061766e+00 -6.440006e-02 -6.866815e+00 5.818577e+00 -4.529874e-02 2.850589e+00 4.369366e+00 -6.040262e-02 -6.196817e+00 -7.404978e+00 -3.121880e-02 8.746742e+00 -5.486899e+00 -7.216121e-02 3.325413e+00 6.537455e+00 -5.009814e-02 -1.806622e+00 2.849169e-01 -3.129909e-02 7.890615e+00 6.671343e+00 -3.496788e-02 4.923547e+00 3.836036e+00 -6.638405e-02 2.384316e+00 1.128540e+01 -3.996941e-02 -7.981687e+00 2.813402e+00 -7.354996e-02 5.540119e+00 3.220737e+00 -7.103427e-02 4.626257e+00 -5.206066e+00 -5.716326e-02 2.326096e+00 8.415644e+00 -3.901250e-02 3.906377e+00 -6.061518e+00 -5.021504e-02 6.097112e+00 1.123959e+01 -2.613751e-02 -3.022754e+00 6.851367e-01 -2.098888e+00 1.461612e+01 -4.626081e+00 -1.081604e-01 -1.805094e+00 6.086941e+00 -4.543051e-02 -7.215121e-01 -6.420156e+00 -4.980696e-02 -7.241738e+00 -4.867809e+00 -5.159644e-02 7.120342e+00 9.940569e-01 -5.252485e-02 8.210988e+00 6.688484e+00 -3.782353e-02 6.192273e+00 4.114549e+00 -4.613611e-02 -4.455868e+00 2.273849e+00 -4.159407e-02 5.791250e+00 3.304514e+00 -4.952400e-02 7.053045e+00 -5.032819e+00 -6.213269e-02 2.818191e+00 -6.761624e+00 -4.941818e-02 -6.063084e+00 -6.642953e+00 -3.982677e-02 -3.354664e+00 -5.595788e-01 -6.963944e-02 5.757783e+00 5.563631e+00 -4.469955e-02 -2.058267e+00 4.731955e+00 -5.525132e-02 -5.099545e+00 -1.320647e+00 -6.003151e-02 -7.053197e+00 -2.875740e+00 -9.657930e-02 -4.155264e+00 -2.992516e+00 -7.138509e-02 5.658551e+00 -6.088107e+00 -5.730480e-02 -8.479490e-01 3.303921e+00 -2.779339e-02 9.408903e+00 9.000401e+00 -3.952584e-02 1.042113e+00 5.727624e+00 -8.995943e-02 -9.630479e-01 7.082279e+00 -5.424907e-02 -2.476603e+00 6.112194e+00 -3.410951e-02 5.448120e+00 -3.548539e+00 -9.618444e-02 -2.811345e+00 -5.593008e-01 -2.915996e-02 -8.771323e+00 -5.984771e+00 -3.542190e-02 -8.517305e+00 -6.270429e+00 -3.739025e-02 -3.368946e+00 -2.674812e+00 -6.171476e-02 4.700755e+00 4.242830e+00 -7.047620e-02 2.827399e+00 -4.265368e+00 -7.380899e-02 5.087836e+00 1.398683e+00 -4.928109e-02 7.673423e+00 3.695871e-01 -5.030381e-02 7.745277e+00 -8.395986e-01 -3.884436e-02 -7.927115e+00 8.447673e+00 -4.579339e-02 6.349011e+00 4.583245e+00 -5.000470e-02 -4.271417e+00 6.560688e+00 -5.410805e-02 4.176814e+00 5.881031e+00 -4.069955e-02 -6.430326e+00 -6.643745e+00 -6.917164e-02 -1.077034e-01 -1.813676e+00 -3.236499e-02 7.961651e+00 7.965456e+00 -6.068201e-02 -5.832228e-01 6.589413e+00 -5.962762e-02 -3.743123e+00 -1.106203e+01 -4.359714e-02 9.181283e+00 -4.986084e+00 -5.347111e-02 7.336029e+00 -1.392127e+01 -3.453117e-02 2.831829e-01 -2.129180e+00 -4.083189e-02 6.251955e+00 4.633049e+00 -8.291006e-02 -2.448599e+00 -7.416554e+00 -4.155432e-02 3.894980e-01 7.293567e-01 -6.171036e-02 -7.137267e+00 -5.447470e+00 -5.209402e-02 -1.156885e+00 6.090310e+00 -4.580873e-02 -5.915926e-01 6.156854e+00 -4.858348e-02 -7.763971e+00 -4.854932e+00 -4.588943e-02 5.690948e+00 -4.837517e+00 -2.942975e-02 -6.698137e+00 3.443155e+00 -4.141334e-02 9.557606e+00 -3.371871e+00 -7.095208e-02 5.167880e+00 1.110105e+00 -4.260698e-02 6.563273e+00 -2.433470e+00 -3.746796e-02 1.210025e+01 -6.062016e+00 -6.142534e-02 -3.156256e+00 1.635068e+00 -6.054143e-02 -7.181694e+00 -7.195396e+00 -4.193455e-02 -9.193750e+00 -2.630940e+00 -3.358935e-02 -9.691366e+00 -9.410068e-01 -5.434937e-02 -5.985523e+00 -5.564659e+00 -5.754602e-02 -3.886063e-01 5.827780e+00 -4.494835e-02 3.468896e+00 5.334905e+00 -5.886595e-02 -5.255217e+00 -1.230416e+01 5.517414e-01 -5.281928e+00 -5.490077e-01 -4.622393e-02 -9.422067e+00 2.781984e+00 -2.966964e-02 -8.976255e+00 -9.032555e+00 -4.176601e-02 1.099294e+01 9.069107e+00 -4.106799e-02 2.566458e+00 9.317264e+00 -4.667376e-02 -3.774792e+00 -4.640633e+00 -4.049395e-02 5.351130e+00 5.919435e+00 -4.565304e-02 -1.287724e+00 7.143504e+00 -5.319301e-02 9.768472e-01 -6.403763e+00 1.685549e-02 3.273971e+00 2.266529e+00 -4.106648e-02 -8.221873e+00 1.392861e+01 -7.680171e-01 -7.263245e+00 -6.910270e-01 -6.106253e-02 5.477039e+00 1.927194e+00 -6.731542e-02 5.477091e+00 -4.291458e+00 -5.114009e-02 -3.895178e+00 -3.087065e+00 -7.698625e-02 5.948370e+00 7.320806e+00 -3.979147e-02 -4.528623e+00 5.121015e+00 -4.676953e-02 -8.208850e+00 2.156728e+00 -6.109880e-02 4.400226e+00 -2.782275e+00 -6.122610e-02 4.587920e+00 -8.983115e-02 -7.779749e-02 6.486213e+00 -6.513142e+00 -6.687095e-02 -1.129832e-01 5.528538e+00 -8.223554e-02 1.342983e+00 1.211207e+00 -1.714568e-02 -1.225734e+01 2.299481e+00 -5.270341e-02 -5.926018e+00 2.635630e+00 -9.439883e-02 -4.908267e+00 -1.500401e+00 -5.842202e-02 5.078817e+00 -6.662346e+00 -3.112873e-02 4.993398e+00 2.666770e+00 -4.064190e-02 -8.285502e+00 -1.365365e+00 -9.581119e-02 3.483100e+00 4.492171e+00 -6.973909e-02 1.796631e+00 2.928870e+00 -7.370795e-02 4.695288e+00 5.289303e+00 -8.579192e-02 -1.653167e+00 -8.655851e+00 -4.859521e-02 -1.311661e+00 -1.199269e+00 -5.746043e-02 4.830276e+00 -2.619069e+00 -5.741580e-02 -6.084309e+00 1.201309e+01 -3.906272e-02 -6.403584e+00 1.175719e+01 -1.745937e+00 -4.303529e+00 2.457039e+00 -7.169434e-02 -3.474744e+00 -9.774775e+00 -3.839504e-02 -4.391795e+00 6.947854e+00 -5.502169e-02 3.609894e+00 2.673786e+00 -6.372711e-02 -7.090102e+00 -5.616115e+00 -5.932043e-02 9.641082e-01 -4.935467e+00 -5.377969e-02 -2.778316e+00 -3.354669e-01 -7.775851e-02 6.320871e+00 -2.920902e+00 -7.891006e-02 -3.295682e+00 7.772829e+00 -3.769112e-02 -8.207603e+00 3.641858e+00 -7.635187e-02 -3.530029e+00 -1.428250e+00 -5.570293e-02 -6.447703e+00 -4.469036e+00 -4.767931e-02 -7.800520e+00 -6.977552e+00 -6.687877e-02 -1.606714e+00 9.811263e+00 -4.547316e-02 -2.664463e+00 -4.055636e+00 -1.003736e-01 -1.113436e+00 -7.317302e+00 -4.806605e-02 -5.278542e+00 -2.271121e+00 -3.039213e-02 -9.003741e+00 -7.906827e+00 -4.096717e-02 7.080803e+00 1.153515e+00 -6.575181e-02 5.693449e+00 1.049825e+01 -3.908845e-02 -8.685748e+00 -8.303349e+00 -4.740537e-02 2.775804e-02 -3.447986e+00 -4.954096e-02 -4.036932e+00 9.045465e+00 -4.002275e-02 -8.121147e+00 7.451429e+00 -5.320120e-02 7.836626e-01 -1.048702e+00 -4.744954e-02 -5.510527e+00 7.183434e+00 -3.458048e-02 8.974130e+00 -3.149438e+00 -3.269537e-02 -9.460675e+00 -1.280033e+01 -5.021073e-02 -7.344900e+00 -2.361016e-01 -6.192650e-02 5.360511e+00 2.936720e+00 -8.773388e-02 -4.504192e+00 -4.123443e+00 -3.974008e-02 4.956069e+00 -8.788030e+00 -4.902938e-02 5.025008e-01 1.505657e+00 -5.863759e-02 4.899673e+00 4.614414e-01 -7.253843e-02 5.785656e+00 -4.885900e+00 -5.607901e-02 -3.811412e+00 -1.991821e+00 -3.989941e-02 -1.126190e+01 -1.026669e+01 -4.046627e-02 -4.282162e+00 3.135083e+00 -5.523121e-02 -5.981382e+00 3.616291e+00 -5.975663e-02 -6.556703e+00 -4.401004e+00 -4.837406e-02 -2.730969e+00 -4.694504e+00 -2.917024e-02 -7.010047e+00 8.486481e+00 -4.484542e-02 -5.109466e+00 6.412549e+00 -4.988741e-02 -2.266027e+00 -1.568127e+00 -5.475191e-02 -6.511930e+00 -4.311584e-01 -6.279597e-02 5.118938e+00 -2.336901e+00 -5.704563e-02 4.214530e+00 -2.256992e+00 -5.145632e-02 7.801360e+00 5.297425e+00 -5.327336e-02 -4.786397e+00 -6.536552e+00 -5.082118e-02 -7.114691e+00 2.486059e+00 -8.893328e-02 -4.221762e+00 7.437297e+00 -5.496632e-02 -4.315468e-02 -9.858436e+00 -4.190942e-02 -1.125783e+01 -2.890858e+00 -5.482908e-02 -5.561043e+00 -4.636221e+00 -6.297202e-02 3.513626e+00 -3.539879e+00 -3.572957e-02 -1.006372e+01 -4.528649e+00 -3.674164e-02 -9.767694e+00 3.754942e+00 -4.623819e-02 -8.840425e+00 -3.262388e+00 -5.446567e-02 8.194106e+00 7.251787e+00 -5.346163e-02 1.270209e+00 4.550537e+00 -5.466919e-02 -5.129864e+00 -6.144764e-01 -5.465667e-02 4.968682e+00 8.131593e+00 -6.015078e-02 -1.692995e-01 -3.512592e+00 -9.143281e-02 1.134841e+00 -1.110463e+00 -8.464313e-02 -4.598735e+00 -5.954395e+00 -3.859664e-02 -9.426679e+00 5.525851e+00 -8.301776e-02 -1.175291e-01 5.921376e+00 -4.346691e-02 -7.259687e-01 -5.476356e+00 -3.484380e-02 1.256025e+01 -5.203530e+00 -5.046292e-02 9.595408e-01 -8.303587e+00 -3.007416e-02 2.483874e-01 -4.080490e-01 -7.494157e-02 6.674174e+00 7.452289e+00 -4.443119e-02 7.611732e+00 1.031962e+01 -4.681084e-02 -3.722519e-01 -3.210649e+00 -5.344090e-02 -4.722050e+00 9.718084e+00 -4.231794e-02 1.391043e+00 -9.592252e+00 -5.709654e-01 -1.218408e+01 -4.660434e+00 -6.089690e-02 -4.582339e+00 2.959463e+00 -7.007841e-02 -2.990289e+00 -3.674495e+00 -4.903521e-02 7.055868e+00 -3.673884e+00 -5.123520e-02 -4.172508e+00 -8.061459e+00 -4.459917e-02 1.206934e+01 -7.879809e+00 -4.348377e-02 1.771929e+00 1.030217e+00 -7.644732e-02 -4.616084e+00 4.297332e+00 -6.009964e-02 6.438958e-01 7.245409e+00 -5.323993e-02 -1.036921e+00 -1.359527e-01 -6.201064e-02 5.366906e+00 -5.468956e+00 -5.426479e-02 1.537630e+00 -7.173147e+00 -3.175800e-02 5.030756e+00 9.179840e+00 -3.081049e-02 5.633336e+00 -2.824200e+00 -4.810886e-02 -8.990217e+00 1.107135e+01 -3.899230e-02 -4.474228e+00 2.144924e+00 -4.784712e-02 -5.569031e+00 9.497065e+00 -4.175511e-02 1.239814e+00 6.966007e+00 -4.228026e-02 7.291959e+00 7.832274e-02 -4.486930e-02 -8.974617e+00 -1.849421e+00 -5.841823e-02 -6.657131e+00 -2.463657e+00 -7.808037e-02 2.340454e+00 -5.281270e+00 -2.602225e-02 -9.597221e+00 4.849699e-01 -7.555912e-02 5.902903e+00 1.199529e+01 -3.886506e-02 4.786713e-01 -3.084057e+00 -3.005375e-02 -8.890320e+00 -5.276973e+00 -5.460616e-02 1.877202e+00 5.089544e+00 -4.038208e-02 3.258898e+00 6.711773e+00 -5.206380e-02 3.203390e+00 -1.268957e+01 -3.839565e-02 4.432920e+00 7.887514e+00 -4.298296e-02 6.240736e+00 4.448882e+00 -5.958649e-02 8.822303e-01 4.095986e+00 -4.893105e-02 6.489664e+00 -3.403803e+00 -9.113466e-02 -2.191769e+00 4.722448e+00 -5.923294e-02 -6.203957e+00 -8.722422e+00 -5.134358e-02 3.128266e+00 -4.997701e+00 7.189309e-01 1.678590e+01 7.478054e+00 -5.529520e-02 2.083166e+00 4.828866e+00 -7.705761e-02 -6.636624e-01 -8.890521e+00 -4.978189e-02 -3.167396e-01 -4.910946e+00 -3.926484e-02 4.916604e+00 -2.778903e+00 -7.650501e-02 6.025902e+00 -5.216445e+00 -4.468381e-02 5.345150e+00 -1.245942e+01 -3.848719e-02 -5.551105e+00 5.490076e+00 -3.309155e-02 6.076935e+00 -3.249175e+00 -7.537811e-02 5.597407e+00 2.688200e+00 -4.957920e-02 7.100225e+00 -8.609677e+00 -5.161006e-02 -3.728468e+00 -3.264285e+00 -4.968054e-02 7.454936e+00 -4.347739e+00 -4.045487e-02 5.278037e+00 -5.167662e+00 -5.450443e-02 -3.306049e+00 1.164888e+01 -4.118541e-02 -9.479595e+00 -2.554819e+00 -4.769009e-02 7.511399e+00 -1.378418e+00 -4.819180e-02 7.720603e+00 -4.171091e+00 -3.479221e-02 -9.504753e+00 -2.027390e+00 -6.191430e-02 4.923620e+00 2.080157e+00 -3.219666e-02 7.948488e+00 -6.228622e-01 -2.662957e-01 1.520779e+01 6.002035e+00 -3.332594e-02 5.597720e+00 9.025519e+00 -2.791327e-02 -1.935636e+00 1.219582e+01 -3.951439e-02 2.361314e+00 5.538638e+00 -8.315738e-02 7.803544e-01 9.543730e+00 -2.857221e-02 2.900075e+00 -3.587084e+00 -3.663137e-02 -6.436763e+00 -3.239695e+00 -5.346031e-02 8.070320e+00 -5.554292e+00 -5.926199e-02 8.895779e-01 -6.204427e+00 -6.355476e-02 -2.796807e+00 -2.619689e+00 -4.548134e-02 -8.898855e+00 5.493239e-01 -4.053423e-02 6.504941e+00 -4.736621e+00 -5.606729e-02 1.940073e+00 -5.850492e+00 -3.755636e-02 -3.896433e+00 6.741952e+00 -5.135254e-02 -2.064619e+00 8.618785e+00 -2.495402e-02 5.951166e+00 6.168358e+00 -4.721656e-02 2.540607e+00 -5.316782e+00 -5.378270e-02 1.245843e+00 -2.828815e+00 -5.310579e-02 8.269271e+00 -7.847927e+00 -3.193462e-02 4.254210e+00 -1.422282e+00 -4.287919e-02 -8.678739e+00 6.811729e+00 -5.534682e-02 -3.009787e+00 6.449845e+00 -4.610095e-02 -2.921817e-01 4.271634e+00 -3.804180e-02 -1.060666e+01 -4.984959e+00 -5.114397e-02 -2.884102e-01 7.195247e-01 -7.813139e-02 -4.597422e+00 3.127597e+00 -4.608845e-02 -9.022629e+00 3.849787e+00 -6.868560e-02 3.331998e+00 -5.588260e+00 -4.144381e-02 9.085463e+00 2.118468e+00 -6.795865e-02 5.049646e+00 4.088018e+00 -7.980878e-02 -3.383316e+00 8.335990e+00 -3.854106e-02 1.108450e+01 -8.019790e+00 -2.959681e-02 -1.136880e+01 5.746457e+00 -8.779207e-02 -6.945384e-02 2.427427e+00 -4.488774e-02 -5.033247e+00 -5.171724e+00 -4.012022e-02 -1.036241e+01 -4.577058e+00 -3.506483e-02 -9.458908e+00 -6.685429e+00 -4.954956e-02 -6.639464e+00 -5.257787e+00 -5.211517e-02 -1.580974e-01 2.315412e+00 -5.791871e-02 -6.691269e+00 -3.136679e+00 -5.521100e-02 -1.465449e+01 8.591644e+00 -4.493785e-02 6.121751e+00 -3.471001e-01 -4.139709e-02 -8.540315e+00 8.949065e+00 -4.006223e-02 -1.077945e+01 5.757633e+00 -4.817169e-02 4.739096e+00 -2.465113e+00 -5.133010e-02 7.789944e+00 6.779684e+00 -2.907492e-02 7.928531e+00 1.010335e+01 -4.563846e-02 -1.735072e+00 6.416996e+00 -2.779701e-02 7.524539e+00 -4.785998e+00 -5.259662e-02 -3.805487e+00 5.979300e+00 -4.547600e-02 2.176118e+00 -4.821465e+00 -5.887723e-02 -4.417413e+00 -7.061501e+00 -6.898373e-02 8.908247e-01 3.143495e+00 -7.405002e-02 -3.935837e+00 -2.811119e+00 -4.627115e-02 -8.861754e+00 4.322893e+00 -5.970534e-02 1.992516e+00 -1.015145e+01 -3.858863e-02 7.933066e+00 8.240794e+00 -3.699030e-02 -2.182940e+00 -5.588063e+00 -5.820931e-02 1.822026e+00 7.540198e+00 -3.291808e-02 1.837519e+00 -8.325662e+00 -1.210455e+00 9.179894e+00 3.639477e+00 -6.738460e-02 3.467053e+00 -4.216225e-01 -4.381650e-02 1.111263e+01 -2.241911e+00 -6.409609e-02 -6.878575e+00 -7.971030e+00 -4.474438e-02 -1.677260e+00 7.099170e+00 -5.906113e-02 -3.182405e+00 -6.600690e+00 -4.268702e-02 1.319641e+01 1.090496e+00 -4.365007e-02 1.435212e+01 2.761193e+00 -3.487506e-02 -1.047158e+01 6.143466e+00 -5.417698e-02 -3.867111e+00 1.863686e+00 -2.538159e-02 -1.023998e+01 3.425145e+00 -4.071926e-02 5.128466e+00 -9.819526e+00 -3.437019e-02 -2.374866e+00 -3.710037e+00 -3.554929e-02 -5.759010e+00 1.123679e+01 -3.397945e-02 -6.557149e-01 -2.466385e+00 -4.406478e-02 6.711890e+00 -5.687053e+00 -6.854833e-02 -4.743271e+00 5.156287e+00 -4.442463e-02 3.970694e+00 -2.337281e+00 -4.208392e-02 1.041212e+01 1.325872e+00 -6.997217e-02 -3.652887e+00 -5.416313e+00 -6.297194e-02 2.406630e+00 -6.380459e+00 -6.913663e-02 2.042759e+00 -1.032603e+01 -2.748172e-02 3.505849e+00 3.819996e+00 -4.525845e-02 6.239403e+00 -1.060724e+01 -5.183254e-02 -1.048509e+01 -6.071239e+00 -6.226715e-02 -2.911683e+00 -6.576910e+00 -6.345163e-02 -5.539363e-01 1.036956e+01 -4.491319e-02 4.682923e-01 -6.844466e+00 -4.097519e-02 -9.442949e+00 -3.831631e+00 -7.467469e-02 5.354748e+00 1.326023e+00 -6.787737e-02 -3.819722e+00 -7.970107e-01 -4.871494e-02 -6.047941e+00 1.811452e+00 -8.662304e-02 -4.394166e+00 -4.536007e+00 -3.791796e-02 -5.784236e+00 1.074940e+00 -5.224259e-02 8.240085e+00 -4.964929e+00 -3.952460e-02 -1.271789e+01 8.559971e+00 -4.523263e-02 6.538643e+00 -5.919136e+00 -7.372202e-02 3.612878e+00 -3.205945e+00 -5.182036e-02 -4.767268e+00 8.112242e+00 -3.871367e-02 4.978915e+00 -4.185927e+00 -3.591047e-02 -5.624485e+00 -6.339180e+00 -3.803458e-02 -3.708011e+00 -1.934652e+00 -7.274037e-02 -3.632312e+00 1.159902e+01 -3.799967e-02 -7.066323e+00 8.673998e+00 -4.390458e-02 5.500000e+00 5.735207e+00 -4.404666e-02 3.376597e+00 6.132701e+00 -3.427769e-02 -4.528083e+00 -8.235533e+00 -3.273227e-02 4.181594e+00 -5.747685e+00 -3.036549e-02 5.432404e+00 -5.625596e+00 -5.424345e-02 1.927017e-02 -6.055835e+00 -5.862814e-02 -1.512478e+00 3.496938e+00 -5.514734e-02 -6.134655e+00 8.142419e-01 -3.683548e-02 -1.098603e+01 -1.240571e+01 -1.426131e+00 1.049503e+01 7.081383e-01 -4.119382e-02 6.891439e+00 4.599469e+00 -6.100355e-02 4.796057e-01 3.320256e+00 -6.011507e-02 2.867579e+00 -2.950669e+00 -9.195461e-02 -3.398342e+00 1.350906e+00 -6.881162e-02 5.637640e+00 1.551242e+00 -4.198486e-02 -8.731915e+00 9.189161e+00 -3.177446e-02 9.605336e+00 5.068156e+00 -7.317930e-02 1.680429e+00 4.400295e+00 -6.600418e-02 1.617687e+00 -1.710059e+00 -3.006067e-02 -9.446582e+00 -1.040450e+01 -4.020147e-02 -4.058130e+00 1.035066e+01 -1.508791e+00 -3.905991e+00 8.186511e+00 -3.410856e-02 -3.720607e-01 -6.341443e+00 -6.818676e-02 -3.375308e+00 -1.226417e+01 -4.964630e-02 -8.136293e+00 8.232479e+00 -3.511738e-02 2.531998e+00 1.875186e+00 -8.565954e-02 -4.952833e+00 9.858218e+00 -2.873882e-02 2.413467e+00 -5.690374e+00 -6.238393e-02 2.649352e+00 -1.599947e+00 -7.496279e-02 -3.795539e+00 -7.179998e+00 -4.413253e-02 3.263706e+00 -1.456708e+01 -5.789961e-01 -5.339467e+00 3.826362e+00 -4.304991e-02 5.492472e+00 -7.968670e+00 -3.737598e-02 9.836581e+00 -8.210792e+00 -2.616364e-02 -7.178089e+00 1.137595e+00 -7.443682e-02 5.998665e+00 5.914735e+00 -4.968744e-02 -3.018134e+00 1.480478e+00 -4.897312e-02 -5.640440e+00 -3.501221e+00 -4.190168e-02 -7.691760e+00 9.495401e+00 -3.432647e-02 -1.162841e+01 -8.234915e+00 -3.035616e-02 2.315819e+00 1.267791e+00 -5.527345e-02 8.685035e+00 5.266500e+00 -7.924787e-02 -1.212967e+00 4.637184e+00 -3.173624e-02 6.227190e+00 -7.798552e-01 -5.543755e-02 8.889756e+00 -6.402091e+00 -6.425736e-02 1.982666e-01 -7.095612e+00 -6.550527e-02 4.292243e-01 -5.492479e+00 -5.255141e-02 -2.107088e+00 -7.618172e-02 -5.560518e-02 4.866142e+00 1.073000e+01 -3.214810e-02 -1.707342e+00 1.085354e+00 -7.606205e-02 -4.200409e+00 -2.109054e+00 -6.603425e-02 -7.312333e+00 -7.321453e+00 -4.408484e-02 -4.334540e+00 -2.570457e-01 -6.132653e-02 5.714223e+00 -6.118369e+00 -3.773095e-02 7.950613e+00 7.019182e+00 -3.232230e-02 8.914390e+00 -4.723869e+00 -5.223234e-02 2.028329e+00 -9.364815e+00 -3.738066e-02 -9.198152e+00 -4.978322e+00 -3.833357e-02 4.568491e+00 -8.256371e+00 -3.178224e-01 7.888565e+00 2.907542e+00 -6.630002e-02 4.533023e+00 -7.564109e+00 -4.633708e-02 -4.394116e+00 1.980280e+00 -5.001952e-02 -5.899840e+00 -9.769718e-01 -3.923690e-02 1.006730e+01 -4.869229e+00 -3.593667e-02 -4.995200e+00 -2.696482e+00 -3.485860e-02 -1.037290e+01 8.200664e+00 -3.859447e-02 4.540802e+00 2.518592e+00 -4.564913e-02 -9.409165e+00 2.136679e+00 -2.827521e-02 -8.534714e+00 -4.957026e+00 -5.754631e-02 2.907464e+00 -9.480983e+00 -5.037190e-02 -3.131861e-01 -5.263605e+00 -5.365756e-02 -6.480663e-01 -1.350397e+01 -5.655194e-01 -7.611775e+00 5.882550e-01 -3.370747e-02 8.751662e+00 1.330015e+01 -3.581166e-02 -2.130748e+00 1.000623e+01 -2.847372e-02 -2.017066e-01 -5.274193e+00 -4.068520e-02 -6.216745e+00 5.417327e+00 -6.252366e-02 -5.645468e+00 6.011305e+00 -2.957248e-02 8.881421e+00 -3.463019e+00 -5.274977e-02 -4.821592e+00 -6.782914e+00 -3.776577e-02 5.109290e-01 -4.459560e+00 -6.286979e-02 4.037807e+00 4.146690e+00 -4.647990e-02 -9.202288e+00 -1.633797e+00 -4.788881e-02 -5.130174e+00 4.271830e+00 -6.399788e-02 3.262370e-01 -1.878037e+00 -3.966356e-02 -1.355567e+01 -2.567384e+00 -7.551029e-02 6.304587e+00 -7.404874e+00 -3.499019e-02 6.247771e+00 -3.836912e+00 -6.586153e-02 4.427274e+00 8.904781e+00 -3.760053e-02 2.333711e+00 3.392461e+00 -5.682654e-02 -6.751535e+00 1.870932e+00 -5.948969e-02 -6.867275e+00 -6.503456e+00 -3.902806e-02 -9.177715e+00 6.182158e+00 -5.284521e-02 4.781275e+00 5.756541e+00 -2.711221e-02 7.332201e+00 6.563218e+00 -5.448729e-02 4.750900e+00 1.036746e+00 -5.095567e-02 7.990867e+00 5.477786e+00 -4.131016e-02 8.467222e+00 4.839334e+00 -7.679728e-02 -1.375358e+00 1.667998e+00 -5.574023e-02 4.637150e+00 -2.877107e+00 -5.316307e-02 4.087056e+00 -4.725702e+00 -3.773558e-02 -5.939073e+00 -4.482542e+00 -6.564412e-02 -5.576194e+00 1.990872e+00 -6.617839e-02 5.065052e+00 5.846423e+00 -5.541529e-02 -4.972876e+00 7.610576e+00 -5.889469e-02 -2.582838e+00 7.297025e-01 -5.582159e-02 -6.783563e+00 5.761710e+00 -8.842201e-02 -3.217080e-01 -7.589514e+00 -4.808319e-02 3.913424e+00 -6.361900e+00 -4.381415e-02 4.948205e+00 -6.071242e+00 -6.906508e-02 2.662045e+00 2.785793e+00 -6.277914e-02 4.668156e+00 2.352200e+00 -3.197822e-02 7.850319e+00 -3.936147e+00 -5.231858e-02 3.191983e+00 2.700036e-02 -4.383740e-02 1.439866e+01 -9.121593e+00 -2.793802e-02 6.168621e+00 -7.191982e+00 -6.742323e-02 1.098949e+00 3.986675e+00 -3.560304e-02 8.218097e+00 -1.030945e+01 -4.012157e-02 3.569001e+00 5.028498e+00 -4.687518e-02 5.050556e+00 4.152566e+00 -6.258338e-02 -5.232264e-01 1.540953e+01 -2.172474e+00 1.016121e+00 -6.009554e+00 -6.881133e-02 3.814909e+00 -5.414756e+00 -5.622897e-02 -2.589176e+00 8.015085e+00 -3.776623e-02 4.457625e+00 -7.204565e+00 -3.853799e-02 -4.143111e-01 -4.876283e+00 -5.424252e-02 -4.205557e+00 3.759691e+00 -8.463948e-02 -3.483876e+00 5.072329e-01 -5.378425e-02 8.456311e+00 -4.821974e+00 -4.046009e-02 5.243537e+00 8.443110e+00 -5.784001e-02 -7.483255e-01 -1.781634e+00 -5.437800e-02 -6.496459e+00 5.195100e+00 -7.204641e-02 1.134962e+00 -9.813774e+00 -3.809302e-02 -4.812147e+00 6.700410e-01 -4.315786e-02 7.117874e+00 -3.856210e+00 -6.096996e-02 4.745888e+00 -9.726691e+00 -4.230045e-02 5.802313e+00 -5.607824e+00 -5.095853e-02 6.814499e+00 -1.787995e+00 -5.187946e-02 -6.311185e+00 3.870188e+00 -6.728154e-02 3.443461e+00 -3.191041e+00 -5.538763e-02 -5.558650e+00 1.468740e+01 -1.075304e+00 5.246916e-01 -6.517130e+00 -7.151525e-02 2.182319e+00 3.746766e-03 -7.147113e-02 -4.284066e+00 -6.603537e+00 -3.015534e-02 -6.497422e+00 -3.859987e-01 -3.712500e-02 -7.858107e+00 7.491388e+00 -5.393368e-02 -1.073359e+00 -5.178797e+00 -5.276579e-02 -2.714758e+00 -3.675930e+00 -5.045780e-02 -4.198646e+00 -1.774047e+00 -5.717362e-02 -6.408852e+00 -4.823823e+00 -5.286540e-02 -3.135149e+00 -3.445798e+00 -5.493582e-02 -5.379554e+00 -1.166063e+00 -3.785669e-02 -7.907834e+00 3.236843e+00 -5.286245e-02 7.534104e+00 8.225520e+00 -4.055574e-02 -1.128969e+01 -8.535985e-01 -5.050577e-02 -6.151332e+00 1.098384e+01 -4.035897e-02 -8.537682e+00 -4.551232e-01 -5.297493e-02 4.871259e+00 3.747133e+00 -6.633531e-02 -2.294029e+00 -5.389506e+00 -5.494501e-02 1.523309e+00 8.502285e+00 -5.731070e-02 9.749618e-01 1.247664e+01 -6.021320e-02 -8.396955e+00 2.104673e+00 -7.779267e-02 5.816727e+00 3.719026e+00 -3.422132e-02 8.090987e+00 -4.148061e+00 -3.537109e-02 -5.532151e+00 8.577585e+00 -2.981044e-02 6.409553e+00 -4.806233e+00 -5.227273e-02 1.943692e+00 -8.760037e+00 -4.354940e-01 1.263658e+01 -2.630007e+00 -3.954927e-02 -7.851052e+00 -4.780801e+00 -2.665469e-02 9.159080e+00 -7.776079e+00 -4.941416e-02 3.657320e+00 1.051586e+01 -4.478859e-02 2.025783e+00 4.798113e+00 -4.453308e-02 5.007821e+00 3.929701e+00 -7.503138e-02 4.028457e+00 7.068768e+00 -2.512211e-01 1.346433e+01 -5.103292e+00 -5.709008e-02 2.947161e+00 -5.503159e+00 -6.094602e-02 3.050611e+00 3.492826e+00 -7.389849e-02 4.562059e+00 4.450594e+00 -7.539027e-02 3.735564e+00 -2.521913e+00 -2.867576e-02 -8.052636e+00 1.040185e+00 -7.222378e-02 6.177824e+00 5.124518e+00 -7.071608e-02 -1.138175e+00 5.026140e+00 -6.594298e-02 -3.562358e-01 2.364346e+00 -5.130756e-02 -6.476908e+00 -2.714761e+00 -8.149692e-02 -3.120697e+00 5.131313e+00 -7.082455e-02 1.968580e+00 7.709412e-02 -4.204444e-02 6.833220e+00 5.498783e+00 -5.324010e-02 -4.915771e+00 -1.648951e+00 -4.971734e-02 8.386935e+00 -9.207493e+00 -1.503379e+00 -7.854785e+00 4.368529e+00 -7.981424e-02 -3.100605e+00 1.250338e+01 -1.579432e+00 -6.184283e-01 7.841607e+00 -3.408471e-02 -1.784518e+00 -5.688029e+00 -4.678873e-02 -7.134806e+00 -4.442420e-01 -6.451098e-02 5.791129e+00 -5.588528e+00 -3.962167e-02 8.875988e+00 9.975559e+00 -4.471537e-02 3.025998e+00 -5.496171e+00 -6.004821e-02 -3.981423e+00 -1.773169e+00 -6.683876e-02 5.852756e+00 5.693417e+00 -4.222933e-02 -2.138288e+00 5.359764e+00 -4.514643e-02 -2.919719e+00 -3.259375e+00 -4.075551e-02 6.515244e+00 2.889248e+00 -7.143507e-02 4.629915e+00 8.820780e+00 -4.555143e-02 -4.795611e+00 -5.426103e+00 -5.667036e-02 -2.831845e+00 5.336613e+00 -7.032759e-02 1.733562e+00 5.792686e+00 -4.171584e-02 8.496402e+00 1.379612e+00 -7.104883e-02 -3.864002e+00 1.314658e+00 -7.898817e-02 -4.954544e+00 5.802274e-01 -4.602421e-02 7.521147e+00 -9.275605e+00 -3.611683e-02 -5.180804e+00 4.282276e+00 -2.681043e-02 -2.334332e+00 -6.689373e+00 -3.709915e-02 1.572340e+00 7.106023e+00 -4.731096e-02 1.030942e+00 -1.333092e+00 -3.612509e-02 1.385550e+01 -4.387239e+00 -3.625661e-02 -9.939644e+00 5.853663e+00 -7.924382e-02 1.466677e-01 -1.490011e+00 -5.464487e-02 -6.344587e+00 7.219022e+00 -4.975770e-02 1.006967e+00 -6.599235e+00 -4.019875e-02 2.776876e+00 3.383246e+00 -4.742159e-02 6.715687e+00 7.495908e+00 -5.678848e-02 -2.067059e+00 -7.036421e+00 -3.761826e-02 -1.933844e+00 6.139742e+00 -4.227368e-02 2.296765e+00 6.065662e+00 -6.017953e-02 -5.061021e+00 7.565463e+00 -3.369634e-02 -2.453996e+00 1.480881e+00 -3.503456e-02 -7.458562e+00 -4.469287e-01 -5.240810e-02 -6.317139e+00 4.385334e+00 -3.649218e-02 -6.761336e+00 6.651096e+00 -3.456217e-02 5.702334e+00 -7.152029e+00 -4.051613e-02 -9.317182e+00 4.509596e-01 -5.766447e-02 -7.096417e+00 1.219243e+01 -3.951480e-02 -3.115853e+00 -5.496896e+00 -3.649645e-02 1.118677e+01 -5.720957e+00 -3.548055e-02 -4.354242e+00 -1.386637e+00 -4.753543e-02 7.769828e+00 -1.753036e+00 -7.199646e-02 -3.655992e+00 2.003126e+00 -5.722714e-02 4.135661e+00 2.374618e+00 -5.125482e-02 -6.249206e+00 -5.039604e+00 -2.922623e-02 -1.099922e+01 -3.536837e+00 -3.931559e-02 6.148470e+00 8.500830e+00 -4.593162e-02 -5.519327e+00 -6.349306e+00 -2.638773e-02 7.126935e+00 -7.023701e+00 -6.901639e-02 1.219623e+00 2.095831e+00 -8.719417e-02 -4.528413e+00 -6.978853e+00 -3.513436e-02 1.023892e+01 -4.254896e+00 -5.257133e-02 7.828360e+00 3.772561e+00 -3.377525e-02 -6.653030e+00 -3.772874e+00 -3.077193e-02 1.088488e+01 1.582785e+00 -8.267435e-02 -4.948086e+00 3.062219e+00 -6.612249e-02 -3.216507e+00 -1.016075e-02 -3.870047e-02 6.310541e+00 -5.969292e+00 -4.215845e-02 -6.044993e+00 3.086784e+00 -5.413595e-02 8.354511e+00 -4.873583e+00 -4.083371e-02 5.708084e+00 -1.945481e+00 -6.444599e-02 5.725940e+00 -2.509255e+00 -4.024261e-02 6.234929e+00 6.399469e-01 -5.359442e-02 4.804173e+00 -8.956019e-01 -4.634039e-02 -9.349603e+00 1.989770e+00 -4.769284e-02 -9.849405e+00 1.756216e+00 -3.065443e-02 1.117767e+01 -3.219458e+00 -5.501382e-02 -5.728796e+00 -7.530891e+00 -4.331073e-02 2.810579e+00 -6.041526e+00 -7.161323e-02 3.842152e+00 -1.463485e+01 -5.144445e-02 -2.111187e+00 7.532143e+00 -3.683122e-02 5.414886e+00 7.122413e+00 -4.827035e-02 2.204535e+00 -8.928820e+00 -4.802407e-02 -1.739439e+00 -1.136759e+00 -7.478586e-02 6.437583e+00 -7.788856e+00 -4.832231e-02 -5.675439e+00 1.199730e+01 -3.931693e-02 -2.998643e+00 3.255124e+00 -7.989825e-02 5.375319e+00 -3.959918e+00 -5.842355e-02 -5.288155e+00 7.404416e+00 -5.205151e-02 3.127792e+00 -6.443680e+00 -6.661598e-02 1.801713e+00 3.405708e+00 -4.626955e-02 -5.331908e+00 9.176238e+00 -4.652349e-02 -4.910788e+00 1.071038e+00 -7.895619e-02 -4.440163e+00 1.721118e-02 -5.621529e-02 5.265186e+00 -5.619545e+00 -4.225042e-02 -6.507958e+00 -7.173585e-01 -6.332844e-02 5.280914e+00 6.609516e+00 -4.455665e-02 1.532035e+00 -4.633389e+00 -4.502122e-02 6.287999e+00 6.424782e+00 -4.557127e-02 -1.054794e+00 5.585923e+00 -8.577233e-02 -1.289308e+00 -1.068280e+00 -3.608365e-02 -7.631932e+00 -3.783447e+00 -4.215829e-02 6.526447e+00 -7.215737e+00 -3.798050e-02 -1.113109e+00 4.287454e+00 -4.009317e-02 -1.160334e+01 -7.106992e+00 -4.248054e-02 3.176663e+00 4.943201e+00 -4.373590e-02 -3.375549e+00 -5.066813e-01 -5.026774e-02 -6.186933e+00 -1.786186e+00 -5.296105e-02 -6.427054e+00 5.328634e+00 -7.952841e-02 1.485905e+00 4.578017e+00 -4.429917e-02 -3.798776e+00 -4.931937e+00 -5.117782e-02 -2.951018e+00 4.838839e+00 -3.736660e-02 -6.797660e+00 -2.301046e+00 -6.310312e-02 5.383805e+00 -4.486805e-01 -5.114756e-02 8.407653e+00 1.920687e+00 -4.661420e-02 -5.525769e+00 -3.478130e+00 -4.620847e-02 -4.281611e+00 1.109441e+00 -4.175809e-02 -8.901940e+00 -4.053815e+00 -6.961933e-02 5.335124e+00 6.105895e+00 -3.850578e-02 7.563406e+00 -4.736125e+00 -6.757925e-02 -5.792431e+00 -1.754034e+00 -7.105380e-02 6.204747e+00 5.879570e+00 -4.600652e-02 -2.431847e+00 -5.761450e+00 -6.288616e-02 -3.954922e+00 5.462498e+00 -4.035772e-02 2.690563e+00 -5.520400e+00 -5.518798e-02 8.090760e-01 -7.213508e-01 -1.580988e+00 -1.103602e+01 2.342081e+00 -7.199810e-02 -3.806586e+00 -2.103922e+00 -7.860703e-01 -1.558648e+01 2.586399e+00 -3.887411e-02 -8.245613e+00 -7.823821e+00 -4.759007e-02 -4.848234e+00 -5.218647e+00 -5.139345e-02 7.023326e+00 -9.345594e+00 -5.125801e-02 8.952749e-01 -6.718794e+00 -3.784141e-02 1.451043e+00 -8.697987e+00 -4.703835e-02 -1.673422e-01 7.836284e+00 -5.590138e-02 1.286339e+00 8.468545e-01 -5.592582e-02 -6.783674e+00 -8.016315e+00 -4.692327e-02 -4.379965e+00 2.732664e+00 -2.465732e-02 1.221883e+01 -3.812879e+00 -9.136502e-02 -3.560449e+00 4.898669e-01 -4.814800e-02 -6.271099e+00 -9.331367e+00 -5.067419e-02 -3.790848e-01 -2.122009e+00 -3.861440e-02 1.013423e+01 8.845121e+00 -4.365696e-02 5.629879e+00 1.150356e+01 -3.406919e-02 2.376107e-01 9.002243e+00 -2.441868e-02 5.726476e+00 -2.336487e+00 -6.154490e-02 -6.892856e+00 -5.093659e+00 -4.336501e-02 5.749182e+00 -7.513524e+00 -4.919744e-02 4.688272e+00 -6.496915e-01 -4.818626e-02 -5.969660e+00 -2.925981e+00 -4.729104e-02 -4.805880e+00 -6.202397e+00 -5.953796e-02 -1.352799e+00 -1.946443e+00 -4.160455e-02 6.900244e+00 -5.651871e+00 -6.836460e-02 4.353539e+00 -6.329996e+00 -6.178564e-02 2.660616e-02 8.824132e+00 -4.395447e-02 6.411728e+00 -6.993072e+00 -6.932566e-02 -1.166093e+00 5.811667e+00 -8.016281e-02 2.229178e+00 7.435138e+00 -1.498083e+00 7.935148e+00 3.752600e+00 -5.080831e-02 -5.972854e+00 1.057983e+01 -3.189455e-02 3.329746e+00 3.424203e+00 -4.395761e-02 6.130449e+00 -4.437279e+00 -3.770697e-02 4.947941e+00 5.055267e+00 -6.150020e-02 -6.315217e+00 5.246008e+00 -5.709915e-02 -5.954673e+00 -5.714738e+00 -5.893203e-02 2.229170e+00 2.784660e+00 -6.693899e-02 -3.506553e+00 -4.047166e+00 -3.669937e-02 -1.038288e+01 -7.200050e-01 -8.974701e-02 -5.608372e+00 -6.599940e+00 -4.834586e-02 -7.466568e+00 -2.470060e+00 -4.795834e-02 -4.943397e+00 -3.477196e+00 -3.992336e-02 -7.845829e+00 6.699022e+00 -5.219523e-02 4.815564e+00 4.917496e+00 -6.736990e-02 1.208194e+00 3.732660e+00 -6.184187e-02 2.969443e+00 -5.372049e+00 -5.052423e-02 -1.537672e+00 3.997362e+00 -5.420374e-02 -5.970431e+00 3.867961e+00 -7.185980e-02 4.056383e+00 3.327698e-01 -3.738710e-02 9.896345e+00 -5.392658e+00 -4.835610e-02 -5.753427e-01 -4.690746e+00 -3.534551e-02 -9.790559e+00 1.440301e+01 -1.395058e-01 -4.565774e+00 2.619205e+00 -6.318038e-02 -7.541573e+00 -4.245838e+00 -6.139133e-02 4.004357e+00 5.336684e+00 -4.868797e-02 5.215041e+00 -1.980026e+00 -6.255512e-02 5.522489e+00 -8.844056e+00 -3.017241e-02 -2.399628e+00 7.564701e+00 -5.101371e-02 -8.026041e-01 -4.451100e+00 -2.941793e-02 -8.219706e+00 -9.258737e+00 -3.341118e-02 3.147312e+00 -5.467905e+00 -6.195029e-02 -4.150712e+00 3.099239e+00 -8.095329e-02 -3.954252e+00 9.723266e+00 -1.577744e+00 5.197279e+00 2.442370e+00 -6.540804e-02 5.088902e+00 -3.340735e-02 -4.155666e-02 1.086184e+01 1.849201e+00 -4.165554e-02 6.522371e+00 -5.163096e+00 -3.769363e-02 4.478592e+00 -1.688347e+00 -4.104185e-02 -8.599599e+00 -5.613235e+00 -4.269124e-02 9.935809e+00 1.684558e+00 -3.830400e-02 9.783740e+00 6.626746e+00 -4.965441e-02 -3.033611e+00 1.907697e+00 -5.485375e-02 -6.681746e+00 -5.499155e+00 -3.692233e-02 -5.187772e+00 -2.448896e+00 -3.927317e-02 6.608562e+00 2.287947e+00 -7.082704e-02 5.519285e+00 -3.363770e+00 -4.755006e-02 -9.092839e+00 7.469852e+00 -5.496428e-02 -2.780600e+00 -3.789180e+00 -5.540100e-02 -5.165210e+00 4.303501e+00 -4.416023e-02 -3.913849e+00 -1.907611e+00 -3.058938e-02 -1.244776e+01 7.760993e+00 -5.455416e-02 2.110065e-01 -5.660509e+00 -4.934430e-02 6.925983e+00 -4.566787e+00 -4.947153e-02 -3.351330e+00 5.572195e+00 -4.203973e-02 2.815130e+00 -2.642599e+00 -5.610809e-02 -6.276007e+00 6.767861e+00 -4.318041e-02 -7.022747e+00 -4.126662e+00 -4.240123e-02 1.038154e+01 -4.829030e+00 -5.059543e-02 7.146410e+00 -4.452204e+00 -5.325955e-02 7.991856e+00 5.090022e+00 -4.072157e-02 -1.315462e+01 9.270715e+00 -3.784035e-02 -1.104193e+01 5.475820e+00 -4.238509e-02 -1.939952e+00 -3.430215e+00 -3.429649e-02 9.026461e+00 3.926354e-01 -7.046127e-02 -4.536218e+00 -6.060665e+00 -3.675926e-02 -4.276006e+00 -2.742101e+00 -6.122157e-02 -7.177091e+00 3.778316e+00 -7.427717e-02 -2.758343e+00 1.302053e+00 -6.759831e-02 6.105330e+00 -3.827189e-02 -5.350401e-02 -6.905388e+00 5.030761e+00 -5.017643e-02 -4.496316e+00 2.561568e+00 -7.276051e-02 5.514739e+00 1.933017e+00 -5.487059e-02 4.525324e+00 1.443543e+01 -4.139542e-02 -4.714000e-01 -1.591192e+00 -5.707926e-02 4.806539e+00 9.716243e+00 -4.551454e-02 -4.048159e+00 -8.674979e-01 -3.011847e-02 -9.865129e+00 6.865877e+00 -3.465562e-02 5.949782e+00 3.472627e+00 -5.487449e-02 3.186987e+00 4.443343e+00 -4.068328e-02 4.707603e+00 3.815375e+00 -4.457843e-02 1.394645e+01 -8.940289e+00 -4.054955e-02 6.473920e+00 -3.479471e+00 -6.657059e-02 5.684819e+00 -6.388906e+00 -6.780057e-02 2.117887e+00 -7.749851e+00 -3.883410e-02 -1.110678e+01 4.346503e+00 -7.183211e-02 4.139366e+00 4.696093e+00 -6.652617e-02 -2.108547e-01 -6.710859e+00 -4.898096e-02 -7.346486e+00 -6.389392e+00 -6.654862e-02 2.409570e+00 -4.839424e+00 -5.066487e-02 -3.151840e+00 4.457566e+00 -6.963410e-02 2.827863e+00 5.675668e+00 -7.793986e-02 2.567813e+00 -5.517410e+00 -6.244297e-02 -4.344860e+00 -5.101789e+00 -4.389559e-02 -7.444515e+00 -4.583510e+00 -4.042683e-02 -1.093852e+01 5.521114e+00 -8.126938e-02 2.064273e+00 9.595509e+00 3.094628e-01 -4.606178e+00 9.390687e+00 -3.958720e-02 -1.252792e+00 1.150764e+01 -3.407358e-02 7.244153e+00 -6.151719e+00 -6.086611e-02 -2.504675e+00 -2.730918e+00 -6.064849e-02 5.456309e+00 2.652680e-01 -3.628482e-02 9.872118e+00 -5.444566e+00 -2.140358e-02 -1.397922e+01 -2.385792e+00 -6.023655e-02 5.538255e+00 -2.985110e+00 -4.378137e-02 7.099943e+00 -1.208188e+01 -3.874883e-02 6.131957e+00 5.846249e+00 -3.453058e-02 6.930109e+00 -4.325996e+00 -5.470027e-02 -4.888115e+00 3.600664e+00 -7.432225e-02 -3.853325e+00 -8.991356e+00 -4.723771e-02 -1.197603e+00 -1.273244e+01 -2.921019e-02 -7.934392e+00 -2.992448e+00 -7.142279e-02 6.191539e+00 6.025208e+00 -4.098114e-02 2.144927e+00 6.922907e+00 -4.867698e-02 -5.558276e-01 -2.250749e+00 -5.621796e-02 4.742007e+00 3.033190e-01 -5.198570e-02 4.911356e+00 -6.126080e+00 -5.740092e-02 -7.963687e-01 1.468501e+01 -9.671921e-01 -6.168928e+00 7.929205e-01 -5.607130e-02 -6.964553e+00 -8.224904e+00 -4.119119e-02 7.739906e+00 5.851500e+00 -4.162923e-02 1.773630e+00 1.824431e+00 -5.260124e-02 8.315752e+00 5.012589e+00 -6.287155e-02 1.146083e+00 1.018777e-01 -1.678046e+00 1.174120e+01 -5.492166e+00 -4.320160e-02 5.312019e+00 3.695490e+00 -7.003834e-02 4.059390e+00 -8.663616e+00 -1.765767e+00 -9.243702e+00 5.306455e+00 -4.754387e-02 5.356685e+00 -2.847552e+00 -6.095514e-02 -7.170818e+00 3.021181e+00 -3.421101e-02 1.170123e+01 3.172356e+00 -8.441264e-02 -4.893623e+00 -5.362236e-01 -6.932414e-02 6.297345e+00 -1.453757e+00 -8.405829e-02 -4.918973e+00 5.681643e+00 -3.234549e-02 5.994351e+00 -1.079819e+01 -3.883248e-02 2.033517e+00 1.320960e+01 -3.831117e-02 -5.988563e+00 -6.541250e+00 -3.719077e-02 -3.861196e+00 -5.773911e+00 -5.989390e-02 -2.804876e+00 7.790905e+00 -3.132306e-02 8.197723e+00 -3.170606e+00 -5.142555e-02 -5.192999e+00 -9.285978e+00 -3.082467e-02 7.830064e-01 -9.254108e+00 -3.927986e-02 5.884528e+00 1.023462e+01 -1.570969e+00 -4.797195e+00 -7.609790e+00 -3.489582e-02 6.448189e+00 -7.812099e+00 -3.888071e-02 -2.867730e-01 8.264427e+00 -5.685547e-02 -1.652257e+00 5.355968e+00 -4.262211e-02 4.535408e+00 -8.039917e+00 -4.215290e-02 -2.957616e+00 7.663947e+00 -5.371068e-02 2.231816e+00 5.326234e+00 -8.038988e-02 3.009525e+00 -5.475636e+00 -6.613367e-02 3.566903e+00 -3.769735e+00 -2.744021e-02 -1.133402e+01 -8.393685e+00 -4.403009e-02 -1.686925e+00 -7.472279e-02 -3.829319e-02 -8.311260e+00 7.390360e+00 -5.737967e-02 -2.845183e+00 -6.749879e+00 -3.466191e-02 -1.383952e+00 6.048145e+00 -4.338266e-02 -1.194735e+00 6.086937e+00 -8.430103e-02 3.836422e-01 5.124354e+00 -7.234139e-02 2.362047e+00 2.726159e+00 -6.291757e-02 4.996970e+00 -5.423363e+00 -7.084621e-02 4.106296e+00 8.486842e+00 -5.574474e-02 -6.513990e-02 -4.090803e+00 -5.785218e-02 3.854521e+00 -5.211576e+00 -5.745929e-02 2.135347e+00 2.169370e+00 -5.584086e-02 4.265477e+00 4.397449e+00 -4.305578e-02 -3.973353e+00 4.679829e+00 -5.496016e-02 7.529435e+00 -5.543859e+00 -4.590299e-02 6.161722e+00 1.978897e+00 -4.203024e-02 1.078921e+01 -1.103188e+01 -3.986949e-02 1.421719e+00 6.428014e+00 -4.422382e-02 -1.172465e-01 5.058931e+00 -7.197587e-02 3.174685e+00 -1.580030e+00 -4.572213e-02 7.952579e+00 -6.463938e+00 -6.057418e-02 -2.075693e+00 -9.495876e+00 -1.890188e+00 -9.182456e+00 6.877563e+00 -4.130037e-02 7.735859e+00 5.185790e+00 -7.421906e-02 9.589577e-02 -2.833465e+00 -7.326461e-02 6.000918e+00 4.290365e+00 -3.848296e-02 1.255630e+01 5.713304e+00 -4.400634e-02 -2.167432e+00 -2.178165e+00 -5.756462e-02 -6.581017e+00 1.043696e+01 -3.219594e-02 -3.542902e+00 -1.105257e+01 -4.036627e-02 -3.378811e+00 -6.232944e+00 -5.865618e-02 -1.614085e+00 5.866578e+00 -4.276663e-02 -1.926361e+00 7.153154e+00 -5.254800e-02 -2.294612e+00 6.979657e-02 -4.422937e-02 -9.479877e+00 -4.378838e+00 -4.908001e-02 7.507897e+00 -3.575192e+00 -4.055374e-02 6.561430e+00 7.245758e+00 -5.114303e-02 -1.614123e+00 6.087047e+00 -4.093292e-02 1.230995e+00 -6.421449e+00 -4.079441e-02 4.171875e+00 -1.009670e+01 -2.841448e-02 -6.471313e+00 -9.402278e+00 -3.933204e-02 5.248589e+00 9.006855e+00 -2.711471e-02 -1.346133e+00 -4.321278e-01 -5.593698e-02 5.431894e+00 -1.178480e+01 -3.614390e-02 -8.276087e+00 -8.692384e+00 -4.436917e-02 9.620068e-01 4.585268e+00 -5.726280e-02 7.874753e-01 5.928401e+00 -7.327510e-02 5.039337e-01 2.574070e+00 -6.243795e-02 4.446879e+00 3.086492e+00 -5.112443e-02 8.089632e+00 4.776291e+00 -4.951620e-02 6.409166e+00 -6.596910e+00 -6.284665e-02 2.642177e-01 6.354589e+00 -4.505150e-02 -1.687445e+00 7.458111e+00 -5.561074e-02 4.371410e+00 -1.617055e+00 -7.678790e-02 -4.513791e+00 -4.445245e+00 -5.109340e-02 2.135382e+00 -3.373708e+00 -7.476822e-02 -1.475940e+00 6.693298e+00 -3.812993e-02 -5.637418e+00 -2.104548e+00 -5.530797e-02 4.477857e+00 3.721718e-01 -5.938601e-02 -7.519866e+00 5.730907e+00 -4.681802e-02 -8.679977e+00 -7.762294e+00 -3.003477e-02 4.059622e+00 -1.794281e+00 -4.884389e-02 -5.443243e+00 -1.150055e+01 -1.664680e+00 2.122543e+00 -7.076622e+00 -6.472488e-02 1.162416e+00 -2.518463e+00 -5.645236e-02 -6.592474e+00 5.241452e+00 -3.209682e-02 -9.456880e+00 4.832524e+00 -7.941589e-02 -2.521123e+00 -1.077647e+01 -3.878157e-02 8.290620e+00 -4.463181e+00 -3.475976e-02 -5.367852e+00 4.580520e+00 -6.073529e-02 1.357117e+00 4.242161e+00 -5.969071e-02 -1.090937e+00 4.389792e+00 -6.147256e-02 6.755818e-02 2.515211e+00 -5.183992e-02 8.131282e+00 4.507709e+00 -6.203810e-02 8.927194e-01 -4.281551e+00 -2.569847e-02 -9.113072e+00 6.013349e+00 -7.507733e-02 1.440236e+00 1.222408e+01 -2.969402e-02 5.013783e+00 -5.482269e+00 -2.891028e-02 -7.378177e+00 -1.492086e+00 -4.989949e-02 -5.776092e+00 4.701753e+00 -6.775152e-02 1.628828e+00 5.312642e+00 -7.032769e-02 -2.941031e-01 -3.781416e-01 -3.971265e-02 -1.197278e+01 1.404676e-01 -5.236585e-02 9.104275e+00 -6.946066e+00 -3.689078e-02 -2.854252e+00 9.519755e+00 -2.802579e-02 -2.799171e+00 -2.033029e+00 -8.224252e-02 2.930652e+00 -5.238706e+00 -6.102558e-02 3.929012e+00 7.640977e+00 -5.155116e-02 2.688620e+00 4.453121e+00 -3.764327e-02 1.187944e+01 8.330024e+00 -5.740261e-02 1.269474e+00 -7.055750e+00 -6.557471e-02 1.797613e+00 6.168589e+00 -4.863077e-02 -3.311416e+00 -3.217845e+00 -5.118204e-02 -5.709617e+00 -7.213799e+00 -3.804729e-02 -3.306265e+00 7.074581e+00 -4.755304e-02 9.603761e-01 3.268386e+00 -7.311817e-02 -3.212809e+00 2.056764e+00 -3.830342e-02 1.004990e+01 2.474120e+00 -5.348564e-02 4.015022e+00 -4.377129e+00 -5.807363e-02 -5.149271e+00 -1.539232e+00 -5.393200e-02 -6.597162e+00 -1.152432e+01 -4.100479e-02 -1.315923e+00 4.263282e-01 -5.293713e-02 5.045398e+00 -4.452225e+00 -4.850166e-02 -8.819158e+00 -4.164603e-01 -4.670779e-02 -5.775948e+00 -5.758018e+00 -5.182578e-02 6.740965e-01 -6.386504e+00 -3.670062e-02 -4.007574e+00 3.095277e+00 -7.181473e-02 -3.547733e+00 -7.091999e+00 -3.659946e-02 -1.563848e+00 -2.096690e+00 -7.527351e-02 6.494760e+00 -6.310686e+00 -5.792834e-02 5.213142e-01 8.105089e+00 -5.578798e-02 2.714229e-01 9.543191e-01 -3.136580e-02 8.402828e+00 2.756000e+00 -7.167907e-02 5.240789e+00 -5.568196e+00 -4.066402e-02 -6.378277e+00 -3.603254e+00 -9.290787e-02 2.143004e+00 5.807533e-01 -5.790975e-02 5.052749e+00 4.107739e+00 -6.599456e-02 3.388761e+00 3.063474e+00 -6.116863e-02 -3.213205e+00 8.988362e+00 -4.590857e-02 -5.571687e+00 -9.988708e-01 -3.798091e-02 -8.378791e+00 -2.982733e+00 -5.745243e-02 4.516939e+00 -7.575113e-01 -3.956805e-02 6.668550e+00 5.134786e+00 -4.063226e-02 -7.504403e+00 -5.485252e+00 -5.944090e-02 2.429299e+00 4.021572e+00 -4.365063e-02 -4.046667e+00 -6.955547e+00 -4.169003e-02 4.033056e+00 2.438904e+00 -6.633846e-02 -3.624228e+00 6.039751e+00 -7.770819e-02 2.218036e+00 7.340311e+00 -3.252699e-02 3.986612e+00 -6.020281e+00 -5.851266e-02 2.419756e+00 5.308784e+00 -4.364476e-02 -2.707906e+00 2.174760e+00 -4.335975e-02 -5.616449e+00 1.441759e+01 -1.460624e+00 6.491813e+00 8.176660e+00 -5.700126e-02 -6.908849e-01 -1.158133e+01 -4.036091e-02 -1.479435e+00 -2.380805e+00 -5.974439e-02 -6.801006e+00 -6.628655e+00 -4.307158e-02 4.719815e+00 3.415212e+00 -3.372844e-02 -1.043387e+01 6.012253e+00 -1.354336e+00 -8.950342e+00 2.992834e+00 -4.722392e-02 -5.911227e+00 -1.847346e+00 -6.743004e-02 5.942379e+00 -3.586677e+00 -4.361080e-02 7.060356e+00 4.030040e+00 -7.033195e-02 3.514676e+00 4.452043e+00 -6.220891e-02 3.092022e-01 9.014273e+00 -1.303938e+00 -3.986470e+00 6.075831e+00 -4.243264e-02 7.033591e-02 7.823386e+00 -4.290020e-02 7.354379e+00 -5.749099e+00 -5.615099e-02 -2.942137e+00 -9.610707e+00 -3.226487e-02 1.445303e+00 -5.928860e+00 -5.239966e-02 -2.064288e+00 -1.781214e-02 -6.056198e-02 5.455270e+00 2.145028e+00 -7.625552e-02 6.068820e+00 3.408100e+00 -3.409064e-01 -1.130058e+01 -3.115255e+00 -6.400830e-02 -6.956810e+00 -3.130408e+00 -7.078375e-02 5.843538e+00 -4.307859e+00 -9.778896e-02 -1.460779e+00 4.295426e+00 -6.935589e-02 -2.032638e+00 7.477842e+00 -2.676207e-02 5.525062e+00 -4.750060e+00 -5.772363e-02 -4.590266e+00 4.792210e+00 -5.327516e-02 -5.909649e+00 -4.214175e+00 -3.206126e-01 -1.307999e+01 -6.085860e+00 -5.583589e-02 4.129666e-01 4.752851e+00 -3.662264e-02 -6.943321e+00 1.388399e+00 -5.921034e-02 4.882159e+00 -2.636550e+00 -7.950040e-02 -3.125340e+00 5.142515e+00 -5.161583e-02 -4.713501e+00 -5.531230e+00 -3.316368e-02 7.818852e+00 3.548600e+00 -7.124448e-02 -3.031884e+00 -1.431427e+01 -5.158579e-02 4.360360e+00 5.249954e+00 -4.878262e-02 -4.237650e+00 6.268199e+00 -8.075330e-02 -6.892828e-01 8.896935e+00 -3.850810e-02 9.755983e+00 5.822594e+00 -4.773887e-02 -3.374072e+00 -3.102275e+00 -4.455206e-02 -8.925593e+00 1.119974e+01 -3.347271e-02 -7.356719e+00 1.804136e+00 -3.097204e-02 -1.027812e+01 8.641334e-01 -1.022427e-01 4.030662e+00 1.068042e+00 -3.873628e-02 6.407920e+00 6.087809e+00 -4.774913e-02 -3.663609e+00 3.347268e+00 -7.939255e-02 -4.093087e+00 8.575808e+00 -5.803984e-02 -4.146411e-01 -7.580947e-01 -6.520305e-02 -4.121327e+00 -1.157788e+00 -3.039734e-02 8.075780e+00 -6.434493e+00 -6.416661e-02 2.348506e+00 -3.524307e+00 -7.195582e-02 6.038683e+00 -1.235024e-01 -7.078012e-02 6.838745e+00 2.536902e+00 -9.044192e-02 -4.813360e+00 3.579869e+00 -4.080501e-02 -8.365944e+00 -8.677331e+00 -2.987816e-02 -2.840969e+00 7.377570e+00 -3.357811e-02 -3.780729e+00 -4.527785e+00 -7.065636e-02 5.032414e+00 -5.178648e+00 -5.711662e-02 -4.486584e+00 -4.967622e+00 -3.109367e-02 1.086770e+01 2.904464e+00 -6.105620e-02 3.836990e+00 -1.472706e+00 -4.896772e-02 8.318562e+00 4.982831e+00 -7.571587e-02 4.436893e+00 -8.033350e+00 -2.717975e-02 7.616964e+00 4.394655e-01 -5.215175e-02 8.733502e+00 4.518171e+00 -6.146896e-02 1.383526e+00 5.685704e+00 -4.003678e-02 3.180392e+00 7.139615e+00 -5.488030e-02 5.258609e+00 -6.948443e+00 -6.660717e-02 -2.834568e+00 5.391563e+00 -7.415979e-02 1.133601e+00 9.637741e+00 -1.812942e+00 8.972155e+00 4.848797e+00 -6.247839e-02 1.102996e+00 -1.005971e+01 -3.688089e-02 8.190521e+00 4.709210e+00 -7.676481e-02 4.177043e+00 8.423019e+00 -4.068330e-02 -4.934166e+00 4.663455e+00 -4.960724e-02 -5.175435e+00 2.891411e-02 -4.105303e-02 7.147082e+00 4.835237e+00 -6.877099e-02 -4.641779e-01 -7.118412e-01 -2.847213e-02 -9.450883e+00 1.298796e+01 -3.791485e-02 -4.693272e+00 3.407226e+00 -5.703350e-02 3.302772e+00 1.756012e+00 -5.529138e-02 4.445626e+00 1.185168e+00 -5.457573e-02 4.575750e+00 6.276419e+00 -7.753271e-02 1.722080e+00 1.164258e-01 -4.001834e-02 -1.386341e+01 -8.962844e-01 -6.080408e-02 -7.931724e+00 -3.199796e+00 -3.701841e-02 -1.306633e+01 -3.622503e+00 -6.285045e-02 4.669965e+00 -7.407168e+00 -3.691584e-02 -2.114817e+00 4.011765e+00 -5.068697e-02 7.290117e+00 -5.858626e+00 -5.363318e-02 7.836787e-01 -1.466322e+00 -3.397720e-02 9.342413e+00 1.415527e+01 -3.356976e-01 5.762538e+00 5.103617e-01 -5.607552e-02 5.091262e+00 2.461206e+00 -4.749480e-02 -5.800445e+00 5.256580e+00 -3.808600e-02 8.561052e+00 6.960793e+00 -3.679612e-02 6.669891e+00 2.364801e-01 -4.976175e-02 8.547980e+00 6.021945e+00 -8.162581e-02 -4.946674e-01 8.022386e+00 -3.220534e-02 5.184915e-01 3.133543e+00 -6.346102e-02 -2.922908e+00 -7.882388e+00 -4.782877e-02 4.132294e+00 -5.632638e+00 -3.942049e-02 -1.039607e+01 2.381619e-01 -4.980177e-02 8.378902e+00 -1.883638e+00 -7.102485e-02 -3.760589e+00 9.355453e+00 -3.021796e-02 6.086168e+00 3.946085e+00 -6.616213e-02 -1.921808e+00 8.038481e+00 7.449720e-02 -1.103885e+01 6.040210e+00 -4.520483e-02 -2.554749e+00 -1.605894e+00 -3.036113e-02 1.156511e+01 -9.852765e+00 -2.559731e-02 3.366721e+00 -1.516689e+00 -5.109594e-02 4.844819e+00 -1.226400e+01 -3.096211e-02 -1.577821e+00 -2.135126e+00 -7.173552e-02 6.654474e+00 4.707996e-01 -3.464995e-02 -7.990246e+00 5.833564e+00 -4.190862e-02 -1.825117e+00 -9.557272e+00 -4.933652e-02 -1.987905e+00 -3.525399e+00 -5.216075e-02 -5.401483e+00 -4.735821e+00 -4.721911e-02 -2.535496e+00 -5.033392e+00 -5.069985e-02 1.407855e+00 1.284633e+00 -3.179348e-02 8.687034e+00 5.039761e+00 -4.779362e-02 -4.886642e+00 -5.058001e+00 -6.290737e-02 -5.205060e+00 -4.922097e+00 -6.350853e-02 -5.618256e+00 8.214572e+00 -4.261498e-02 -5.617744e+00 -5.803389e+00 -5.957881e-02 -3.496373e+00 -8.450081e+00 -3.231634e-02 -5.634408e+00 -5.451587e+00 -4.893282e-02 -2.274012e+00 -3.787091e-01 -4.689680e-02 8.145063e+00 4.805039e+00 -7.158243e-02 3.130714e+00 4.225221e+00 -6.633780e-02 4.096507e+00 5.824093e+00 -4.011331e-02 -1.613506e+00 4.608640e+00 -4.566457e-02 -9.216429e+00 -5.294276e+00 -6.411345e-02 -5.150044e+00 -5.273883e-01 -7.297658e-02 -4.270293e+00 -8.251586e+00 -5.090195e-02 4.728189e+00 -1.018396e+01 -2.980135e-02 6.305266e+00 -9.250383e+00 -4.751428e-02 -8.576478e-01 5.447599e+00 -4.538277e-02 -8.508743e+00 -5.231532e+00 -5.274625e-02 -3.361212e+00 -5.558207e+00 -2.989254e-02 -8.076880e+00 -5.734649e+00 -5.819568e-02 1.943117e+00 9.833848e-02 -5.761518e-02 5.642821e+00 6.267638e+00 -8.081552e-02 9.932149e-01 3.090995e+00 -4.738779e-02 -5.612948e+00 -3.374693e+00 -3.728963e-02 5.831550e+00 3.595679e+00 -5.616461e-02 2.967606e+00 -6.796600e+00 -4.975509e-02 6.372054e+00 -5.039096e+00 -6.660532e-02 4.479755e+00 5.985376e+00 -7.774724e-02 -1.177243e+00 5.920038e+00 2.243354e-01 -7.329430e+00 5.118927e+00 -3.607066e-02 -1.034545e+01 -8.039853e+00 -4.119608e-02 1.487920e+00 -6.037816e+00 -6.038011e-02 2.347204e+00 -9.027537e+00 -4.803149e-02 -3.111112e+00 5.763711e+00 -4.219240e-02 -2.079956e+00 8.208762e+00 -3.752098e-02 5.248721e+00 4.465879e+00 -4.305252e-02 1.023051e+01 -5.237770e+00 -6.271838e-02 3.715230e+00 2.032715e+00 -6.539335e-02 5.213578e+00 -1.056817e+01 -3.235989e-02 6.470640e+00 1.046275e+00 -3.532742e-02 1.238930e+01 8.002235e+00 -5.251920e-02 -1.127051e-01 6.234756e+00 -4.109627e-02 -1.213243e+00 -6.589329e+00 -4.846078e-02 -7.590669e+00 5.135338e+00 -7.782195e-02 3.641946e+00 -7.895553e+00 -3.911329e-02 -1.144363e-01 7.398193e+00 -5.610001e-02 -3.061843e+00 -6.993186e+00 -3.526082e-02 -1.025580e+00 4.607648e+00 -3.069597e-02 6.656268e+00 5.420080e+00 -7.460877e-02 1.754090e+00 1.426253e+01 -3.721277e-01 5.584254e+00 -7.008901e-01 -5.361038e-02 9.039334e+00 3.590844e+00 -6.427050e-02 3.853784e+00 3.730480e+00 -7.324798e-02 4.415754e+00 4.617273e+00 -6.433048e-02 2.019503e+00 2.961594e+00 -4.743962e-02 -5.908751e+00 -2.854637e+00 -2.978279e-02 7.697057e+00 7.005326e+00 -5.502734e-02 -3.491988e+00 8.289397e+00 -4.118919e-02 -4.820173e+00 4.122475e+00 -6.017989e-02 2.706226e+00 -1.850367e+00 -6.961419e-02 6.112897e+00 1.296684e+01 -2.211849e-01 -7.893555e+00 -4.836900e-01 -5.619368e-02 -7.010539e+00 5.772395e+00 -2.642813e-02 7.655491e+00 6.967703e+00 -5.535145e-02 -3.628542e+00 -6.559939e+00 -6.003764e-02 9.047247e-01 -5.342119e+00 -5.856993e-02 -4.147914e+00 7.287113e+00 -4.904274e-02 3.162471e+00 3.251847e-01 -3.777409e-02 6.500513e+00 -2.740572e+00 -6.683991e-02 5.868138e+00 5.308789e+00 -2.755153e-02 -7.157765e+00 5.230540e+00 -7.175592e-02 3.909925e-01 8.182377e+00 -3.289306e-02 -6.667096e-01 -3.391587e-01 -5.799143e-02 -7.188934e+00 -1.142414e+00 -4.606649e-02 8.273584e+00 1.794629e+00 -4.007456e-02 1.039432e+01 -4.205628e-01 -3.881640e-02 -8.582903e+00 -3.160367e+00 -3.774112e-02 9.863355e+00 1.661225e+00 -7.348032e-02 6.348513e+00 -9.895587e+00 -4.164416e-02 6.291322e+00 8.583158e+00 -5.491847e-02 2.125179e-01 -4.520777e-01 -4.946036e-02 -6.740268e+00 -1.232841e+00 -5.989972e-02 5.553178e+00 8.785918e+00 -3.630920e-02 -2.244908e+00 -6.655959e+00 -3.800685e-02 8.472808e+00 -2.622276e+00 -3.364565e-02 -6.701726e+00 1.350078e+01 -4.515325e-02 5.669146e+00 8.835447e+00 -3.473223e-02 -2.568890e-01 -3.180211e-01 -4.407670e-02 -9.476941e+00 -4.384293e+00 -3.283469e-02 1.149279e+01 -1.154154e-01 -7.119694e-02 6.174206e+00 6.733405e+00 -4.587109e-02 2.673886e+00 -4.683083e+00 -9.107857e-02 6.904361e-01 -8.429312e+00 -4.529339e-02 -2.961523e+00 -7.374475e+00 -6.407715e-02 -1.355256e+00 5.122911e+00 -6.223112e-02 1.155135e+00 -5.590013e+00 -2.686653e-02 9.530958e+00 -4.096172e+00 -8.101830e-02 -6.666286e-02 -7.088983e+00 -1.491224e+00 8.034348e+00 6.417918e+00 -3.314842e-02 -9.235885e+00 2.507939e+00 -7.118770e-02 6.187045e+00 -3.745883e-01 -3.973364e-02 -1.250863e+01 1.492467e+00 -4.480254e-02 7.342494e+00 4.917972e+00 -6.353031e-02 1.990089e+00 5.193540e+00 -1.400002e-01 -1.418918e+01 1.179133e+00 -3.918746e-02 6.662013e+00 -4.196535e-01 -6.539316e-02 6.018542e+00 5.413666e+00 -7.508114e-02 3.062946e+00 -4.216774e+00 -5.696186e-02 3.717308e+00 7.662276e+00 -5.171522e-02 2.152369e+00 -1.039737e+01 -3.429943e-02 8.507293e-01 2.454672e+00 -4.506834e-02 7.233499e+00 -7.006102e+00 -5.971467e-02 1.008225e-01 -6.830637e+00 -3.493585e-02 -2.885403e+00 -1.306930e+00 -4.225924e-02 1.132448e+01 -9.222407e+00 -3.505662e-02 4.940119e+00 4.232430e+00 -5.571675e-02 -6.673153e+00 7.031691e-01 -5.595162e-02 -7.352168e+00 -2.809353e+00 -4.644227e-02 -4.895824e+00 5.830768e+00 -5.455792e-02 6.806073e+00 -4.112019e+00 -5.539926e-02 -5.270217e+00 5.944292e+00 -3.173601e-02 6.380337e+00 -4.257427e+00 -5.001798e-02 -3.944695e+00 -2.925646e-01 -3.166717e-02 9.151050e+00 5.247507e+00 -7.865437e-02 3.294924e+00 5.264303e+00 -6.361602e-02 2.700097e-01 8.078461e+00 -4.120230e-02 -1.153711e+01 -5.507037e+00 -5.109573e-02 2.688417e-01 1.608923e+00 -3.856664e-02 -8.693489e+00 4.205204e+00 -5.419591e-02 8.094791e+00 -5.765845e+00 -6.763535e-02 4.187007e+00 7.627271e-01 -5.646908e-01 1.548189e+01 3.946068e+00 -3.342413e-02 -6.516273e+00 7.098799e+00 -5.050098e-02 3.103486e+00 -3.130931e+00 -6.797917e-02 6.230651e+00 1.999552e+00 -7.163641e-02 6.542730e+00 2.205302e+00 -4.293672e-02 1.096800e+01 9.284732e-02 -5.112106e-02 -6.803329e+00 -3.161155e+00 -5.281920e-02 -5.983281e+00 -5.139793e+00 -9.535071e-02 -1.875052e+00 5.457088e+00 -4.118026e-02 3.664568e+00 4.460782e+00 -8.456481e-02 -3.551254e+00 5.054917e+00 -3.954208e-02 -1.158761e+01 -6.217318e+00 -5.280144e-02 -7.430342e-01 -3.543241e+00 -7.831030e-02 -1.978313e+00 -1.107611e+00 -4.314014e-02 -5.555822e+00 4.502559e+00 -6.161754e-02 -3.481379e-01 -4.401111e-01 -6.452022e-02 5.919862e+00 4.072376e+00 -5.196978e-02 -6.341320e+00 8.893925e+00 -2.687095e-02 -2.643152e+00 5.821167e+00 -8.041998e-02 -1.059746e+00 5.372407e+00 -3.205185e-02 6.847202e+00 -4.473309e+00 -5.709315e-02 -5.280385e+00 4.628136e+00 -6.281104e-02 -5.138703e-01 2.008698e-01 -6.696173e-02 -3.950599e+00 -5.601422e+00 -4.913368e-02 -1.747070e-01 2.512381e+00 -7.000028e-02 -4.050346e+00 -8.860057e+00 -5.054488e-02 3.154290e+00 -4.163740e+00 -5.449930e-02 3.746022e+00 -2.628398e-01 -4.213043e-02 -9.508043e+00 5.884628e+00 -4.965197e-02 -4.187064e+00 7.530303e-01 -6.626136e-02 -4.533827e+00 1.231579e+01 -3.637204e-02 8.318490e+00 4.666414e+00 -3.872301e-02 4.238167e+00 1.107762e+00 -5.601946e-02 -7.335430e+00 7.915961e+00 -2.862860e-02 -1.016524e+01 -3.975441e+00 -9.180418e-02 2.038949e+00 -1.914020e+00 -6.314994e-02 5.727741e+00 -4.084311e+00 -5.235728e-02 3.283178e+00 -3.582615e+00 -6.948527e-02 -1.705732e+00 5.808430e+00 -4.002875e-02 2.171633e+00 -5.416874e+00 -3.406736e-02 -4.560094e+00 1.115815e+01 -3.075629e-02 6.495810e-01 8.995569e+00 -3.591318e-02 -7.788756e+00 -6.314611e+00 -3.936107e-02 4.214400e+00 -2.058286e+00 1.681123e-01 -1.152733e+01 1.185160e+00 -4.518858e-02 -5.735526e+00 3.651043e+00 -4.949972e-02 7.755558e+00 1.149558e+01 -3.547052e-02 -3.325414e+00 -2.710068e+00 -4.056462e-02 -1.477911e+01 8.619724e+00 -2.718902e-02 -4.000445e+00 -5.600993e+00 -4.286575e-02 5.819631e+00 -1.008438e+01 -3.477520e-02 2.326458e+00 4.691113e+00 -6.398757e-02 9.290859e-01 -4.447074e+00 -5.028263e-02 -3.922748e+00 7.575162e+00 -3.148257e-02 -1.970270e+00 -8.284684e+00 -4.044059e-02 -7.905218e-01 1.228532e+00 -5.607977e-02 5.362686e+00 7.768917e+00 -3.185399e-02 -1.543724e+00 -5.992359e+00 -4.621120e-02 6.002716e+00 -1.054466e+01 -3.714735e-02 1.066445e+01 -7.304647e+00 -2.566521e-02 7.408578e+00 1.302807e+01 -3.909045e-02 -2.010486e-01 -1.428627e+00 -3.587734e-02 -7.991328e+00 -3.819558e+00 -3.334347e-02 -1.011015e+01 -4.203324e+00 -9.585634e-02 1.066800e+00 6.439010e+00 -4.196838e-02 -2.966533e-01 -5.933819e+00 -4.548363e-02 6.131764e+00 -3.922036e+00 -5.612046e-02 4.391075e+00 -4.077151e+00 -5.131628e-02 3.276832e+00 -4.883279e+00 -5.183957e-02 -4.339278e+00 5.862857e+00 -4.175691e-02 -1.791973e+00 6.325088e+00 -4.675974e-02 4.288618e+00 4.431796e+00 -7.089765e-02 -2.531709e+00 6.417244e+00 -4.411159e-02 -2.541151e+00 4.980721e+00 -3.896775e-02 3.861826e+00 5.130574e+00 -6.801727e-02 1.434841e+00 7.528967e-02 -4.557238e-02 -6.265290e+00 -9.686322e+00 -3.128434e-02 -2.530553e+00 -7.436055e+00 -5.016789e-02 6.173159e+00 -1.923928e+00 -8.131684e-02 -4.678529e+00 -6.257830e+00 -4.784562e-02 6.276153e+00 5.852043e+00 -2.735817e-02 -7.151986e+00 7.074015e+00 -4.956599e-02 4.079301e+00 6.877639e+00 -3.179588e-02 -3.301082e+00 4.973842e+00 -4.467239e-02 5.823697e+00 2.452379e-01 -6.779067e-02 -4.304226e+00 -6.471025e+00 -4.908925e-02 6.760303e+00 2.800197e+00 -3.261639e-02 1.180564e+01 2.275576e+00 -4.866442e-02 -6.112709e+00 7.028037e+00 -4.556973e-02 -9.108808e-01 -1.012935e+01 -3.891912e-02 8.773276e+00 1.640684e+00 -6.182395e-02 -7.911459e+00 -1.306477e+01 -3.524768e-02 -3.358973e-02 1.585229e+00 -7.319050e-02 -4.524969e+00 4.162910e+00 -5.945080e-02 -1.471887e+00 8.948971e+00 -2.748692e-02 -8.983258e+00 6.194645e+00 -4.999506e-02 -4.224551e+00 5.746681e+00 -7.631733e-02 1.911245e+00 -8.123923e+00 -4.831446e-02 4.229975e+00 7.915745e+00 -5.119576e-02 4.663386e-01 -1.183124e+01 -4.082434e-02 -1.911077e+00 1.209021e+00 -3.487550e-02 -7.834292e+00 3.716550e-01 -3.132689e-02 -1.074009e+01 1.338177e-01 -5.001510e-02 8.666699e+00 4.151235e+00 -6.618184e-02 -2.431865e+00 -8.645628e+00 -2.882831e-02 -9.206386e-01 -6.030090e+00 -5.222623e-02 -1.019391e+00 -6.340948e+00 -6.973417e-02 3.324826e+00 -4.348045e+00 -3.090206e-02 8.140323e+00 5.601706e+00 -8.049776e-02 2.193623e+00 -6.859641e+00 -6.163907e-02 -1.205756e+00 5.167898e+00 -6.264408e-02 3.418116e-01 5.071271e+00 -7.397221e-02 3.256680e+00 5.871924e+00 -8.333802e-02 -5.704073e-01 7.495450e+00 -4.842623e-02 -2.401164e-01 -5.383102e+00 -2.819071e-02 -7.415182e+00 -5.552280e+00 -5.526783e-02 -3.808131e+00 -9.132907e+00 -4.758421e-02 1.712347e+00 -3.389364e+00 -4.985543e-02 8.285688e+00 5.160901e+00 -6.873860e-02 -9.760443e-01 -2.523162e+00 -4.810089e-02 -5.962087e+00 -2.872274e+00 -5.257866e-02 -6.328423e+00 6.956653e+00 -1.930738e+00 -1.155480e+01 -4.272237e+00 -5.679453e-02 -5.966872e+00 -2.582448e+00 -4.476880e-02 -4.999617e+00 5.643478e-01 -4.214748e-02 7.461888e+00 -6.121042e+00 -5.495930e-02 -9.632244e-01 8.882152e+00 -3.577324e-02 -1.868785e+00 -6.513040e+00 -3.807668e-02 3.428796e+00 -5.950528e+00 -2.809463e-02 -6.388023e+00 -7.103662e-01 -6.468900e-02 6.183852e+00 5.208963e+00 -6.736116e-02 -1.716738e-01 1.010159e+01 -4.001092e-02 -4.098864e-01 6.190854e+00 -3.132543e-02 5.693465e+00 -2.567463e+00 -4.589538e-02 -9.722938e+00 -9.210388e+00 -4.637790e-02 -1.915800e+00 4.749735e+00 -5.925861e-02 3.160564e-01 9.306299e+00 -3.886865e-02 -2.974227e+00 -7.112924e+00 -4.063922e-02 3.558031e+00 1.297557e+00 -4.191957e-02 -9.305165e+00 -9.726028e+00 -3.240912e-02 2.116695e+00 -9.943569e+00 -2.505015e-02 -4.906281e+00 -4.730316e+00 -4.856950e-02 2.286997e+00 -4.413604e+00 -4.727124e-02 -3.458077e+00 -2.044097e+00 -8.941195e-02 -5.448305e+00 -5.989633e+00 -5.492495e-02 7.221533e-01 -4.999543e+00 -4.427251e-02 6.858576e+00 4.988308e+00 -3.752144e-02 -7.348090e+00 -3.094181e+00 -2.645185e-02 1.047329e+01 -1.312598e+00 -7.168945e-02 6.662420e+00 -5.240855e+00 -4.808890e-02 -4.425120e-02 -7.222373e-01 -7.602867e-02 -4.758118e+00 -7.890921e+00 -3.843040e-02 -2.415072e+00 -5.570696e+00 -5.869333e-02 2.700183e+00 -4.523044e+00 -3.760464e-02 -1.285815e+01 3.539128e+00 -4.323342e-02 -9.271288e+00 3.690425e+00 -3.466305e-02 -7.356915e+00 -9.551739e+00 -4.766658e-02 -1.204676e+00 -2.036521e+00 -5.172103e-02 -6.259152e+00 -8.485711e+00 -4.227039e-02 -2.254801e+00 -1.262389e+00 -5.205141e-02 8.923113e+00 -2.876438e+00 -5.399869e-02 4.832448e+00 -4.423649e+00 -9.151614e-02 -3.213904e+00 -4.520370e+00 -5.165138e-02 -4.135508e+00 1.468406e+00 -4.255136e-02 -9.482287e+00 -4.470421e+00 -4.410353e-02 -8.611672e+00 -3.598986e+00 -5.859475e-02 5.205620e+00 -7.197942e-01 -5.418320e-02 -7.127817e+00 -9.006020e+00 -4.539233e-02 -2.051775e+00 -2.337579e+00 -4.557160e-02 7.789716e+00 -8.422909e+00 -3.081819e-02 -5.343637e+00 5.940318e+00 -2.417660e-02 -1.002386e+01 9.026580e+00 -1.285264e+00 -2.884316e+00 -4.385062e+00 -3.677218e-02 5.350050e+00 -6.639634e+00 -6.653693e-02 2.527180e+00 -5.403425e+00 -5.556424e-02 2.767985e+00 -6.020933e+00 -5.319824e-02 -6.445512e-01 7.524707e-01 -3.061513e-02 8.646977e+00 -5.483683e+00 -4.894794e-02 -2.535207e+00 -5.338278e+00 -5.038005e-02 -2.638427e+00 -8.778383e+00 -2.858805e-02 3.470486e-01 2.562220e+00 -7.402977e-02 -4.261654e+00 -2.568753e+00 -5.984823e-02 5.376350e+00 -4.577641e+00 -3.268670e-02 -1.226971e+01 4.789934e+00 -6.298720e-02 2.313925e+00 -6.202266e-01 -3.436555e-02 9.938770e+00 -8.465137e+00 -4.052242e-02 -1.567699e+00 1.536389e+00 -5.679484e-02 4.994729e+00 5.679285e+00 -4.384856e-02 -3.150491e+00 2.424598e+00 -3.987850e-02 6.277537e+00 3.222807e+00 -5.432885e-02 -7.168393e+00 7.483692e+00 -4.803829e-02 9.811886e-01 -5.735714e+00 -5.474653e-02 -3.328553e+00 -2.775923e+00 -5.850526e-02 5.010717e+00 5.796755e+00 -4.085173e-02 8.870760e+00 1.479784e+00 -5.835957e-02 5.028675e+00 -4.581472e+00 -4.759910e-02 -3.139503e+00 -6.674573e+00 -6.035640e-02 -3.531654e+00 1.412461e+01 -4.372721e-02 -2.769127e+00 -4.051528e+00 -3.505876e-02 -6.690264e+00 4.125829e+00 -8.306196e-02 -3.779232e+00 3.692437e+00 -7.368120e-02 -3.396830e+00 7.937664e+00 -3.299316e-02 4.395937e+00 1.854644e+00 -4.301436e-02 -5.677069e+00 4.918095e-01 -5.438901e-02 5.448356e+00 -3.509430e+00 -5.064882e-02 4.255601e+00 -5.102708e-01 -4.285464e-02 -9.785851e+00 2.648719e+00 -5.386558e-02 3.914937e+00 -7.993768e+00 -4.462018e-02 -4.728096e+00 -1.029690e+01 -3.315033e-02 1.168213e+00 3.568435e+00 -7.513896e-02 -3.852020e+00 3.065910e+00 -4.149779e-02 6.803278e+00 5.794599e+00 -7.781846e-02 2.903430e+00 2.237924e+00 -6.749762e-02 -3.685118e+00 -1.851898e+00 -5.087503e-02 9.000768e+00 -5.805068e+00 -5.941385e-02 -3.648322e+00 -4.402722e+00 -3.453053e-02 -6.414650e+00 1.865769e+00 -4.148001e-02 7.344082e+00 1.357598e+01 -3.436659e-01 -7.035221e+00 7.007669e+00 -4.883452e-02 -2.287101e+00 2.168401e-01 -4.192617e-02 -9.356039e+00 -3.706944e+00 -3.737592e-02 9.776416e+00 -4.677908e+00 -9.264015e-02 -1.131268e+00 -7.875770e+00 -4.097548e-02 8.720756e+00 7.865964e+00 -5.314281e-02 -1.935941e+00 2.300059e+00 -4.449251e-02 7.268890e+00 -5.652702e+00 -6.025752e-02 3.674478e+00 3.211363e+00 -6.665274e-02 4.958075e+00 4.469970e+00 -8.530650e-02 -4.112330e+00 5.434642e+00 -4.769295e-02 5.983763e+00 6.737631e-02 -3.701463e-02 -8.617798e+00 5.226185e+00 -7.230052e-02 -2.506047e+00 -7.537062e+00 -6.555617e-02 3.953384e-01 4.265316e+00 -5.542773e-02 1.774721e+00 -1.120321e+00 -7.519276e-02 -4.476694e+00 -5.021443e-01 -5.723600e-02 5.372089e+00 -5.758885e+00 -5.122811e-02 -3.018567e+00 6.955128e+00 -5.900561e-02 -4.766808e+00 -1.113008e+01 -3.955467e-02 2.597766e+00 6.920316e+00 -4.733683e-02 -1.395207e+00 -3.188442e+00 -7.800423e-02 -2.920889e+00 -4.126652e+00 -4.640890e-02 7.598255e+00 5.690512e+00 -8.315320e-02 -2.593045e+00 -3.968785e-01 -4.067997e-02 7.373062e+00 -1.108611e+01 -2.661246e-02 3.338917e+00 6.625401e+00 -5.810311e-02 -5.079113e+00 -3.546084e+00 -4.981076e-02 -5.114997e+00 -1.164347e+01 -1.708201e+00 3.978860e+00 5.173576e+00 -6.769387e-02 4.722670e-01 1.304877e+00 -4.829445e-02 -6.774501e+00 -2.129512e+00 -5.506378e-02 -6.865062e+00 7.384810e+00 -1.503192e+00 8.805134e+00 2.335423e+00 -7.026894e-02 5.663440e+00 -8.976847e+00 -5.697775e-02 1.191595e+01 2.551881e+00 -8.458935e-02 -4.831244e+00 8.548715e+00 -4.158180e-02 -4.990774e+00 -5.787402e+00 -3.741661e-02 4.354036e+00 9.898195e+00 -4.002625e-02 -1.679902e+00 -1.371490e+01 -3.843389e-02 3.157805e+00 1.660157e+00 -7.844651e-02 -4.554005e+00 -1.296222e+01 -3.513905e-02 -2.365657e+00 6.059438e+00 -3.194782e-02 -4.555098e+00 -5.234867e+00 -4.936907e-02 -2.596013e+00 -8.765871e+00 -4.798625e-02 3.906989e+00 4.430981e+00 -6.682590e-02 -1.680098e+00 3.781285e+00 -4.558949e-02 -5.144500e+00 9.155421e+00 -3.744649e-02 3.615696e+00 7.940308e+00 7.460977e-01 1.201648e+01 -5.195687e+00 -5.864398e-02 -4.701121e+00 8.045775e+00 -5.133686e-02 -1.312319e+00 6.909298e-02 -6.366670e-02 -4.411119e+00 -1.526730e+00 -5.175998e-02 4.734735e+00 -5.918293e+00 -4.888083e-02 -1.728667e-01 8.283071e+00 -5.203920e-02 1.492025e+00 -2.313735e+00 -6.295136e-02 5.701745e+00 4.951560e+00 -7.306144e-02 -1.955901e+00 1.829593e+00 -2.445710e-02 -1.152620e+01 -7.826344e-01 -7.430864e-02 -4.686594e+00 -7.399874e+00 -3.645185e-02 -2.108736e+00 -6.414834e+00 -5.305777e-02 -9.646950e-01 -6.113554e+00 -4.724190e-02 6.303486e+00 -3.709681e+00 -4.590611e-02 -4.300574e+00 -7.918410e+00 -4.020342e-02 -1.191872e+01 -5.758769e+00 -5.437645e-02 1.972540e+00 -6.292507e+00 -6.293527e-02 2.552005e+00 -6.507408e+00 -4.301131e-02 5.298698e+00 3.324707e+00 -5.668063e-02 3.500419e+00 -1.404718e+00 -8.091290e-02 -4.950182e+00 -4.355325e+00 -6.408823e-02 4.871244e+00 6.666903e-01 -4.647611e-02 8.478242e+00 6.003313e+00 -3.735990e-02 -6.794271e+00 7.360624e+00 -3.820558e-02 1.137615e+01 -1.659728e+00 -5.623958e-02 -7.117413e+00 -1.423349e+00 -3.628933e-02 -8.303845e+00 -7.041942e+00 -3.531022e-02 1.861678e+00 3.375744e+00 -7.072509e-02 -3.470603e+00 -1.309629e+01 -3.475888e-02 -6.844599e-01 3.328129e+00 -3.665513e-02 9.491302e+00 -4.214095e+00 -6.524843e-02 5.005091e+00 4.414874e+00 -7.683261e-02 -2.926084e+00 7.241623e+00 -4.678863e-02 2.210827e-02 -1.185344e+01 -1.923717e+00 6.750412e+00 3.808208e+00 -7.573139e-02 -4.350778e+00 -2.683941e+00 -4.909985e-02 -5.627887e+00 4.708007e+00 -3.953562e-02 5.059257e+00 7.349935e+00 -5.623315e-02 -3.913522e+00 -9.161971e+00 -4.659613e-02 -2.980538e+00 -4.608634e+00 -6.459471e-02 4.446999e+00 -6.099675e+00 -5.739360e-02 1.575994e+00 4.618611e+00 -4.513343e-02 6.017914e+00 4.827925e+00 -6.459405e-02 3.513490e+00 7.258693e+00 -4.462381e-02 2.021107e+00 4.795722e+00 -5.250338e-02 7.461445e+00 -8.308563e+00 -4.061026e-02 -2.378286e+00 -1.628268e+00 -3.038272e-02 8.916076e+00 5.717853e+00 -7.176417e-02 2.235718e+00 1.118033e+00 -5.012377e-02 8.698564e+00 1.437178e+00 -7.197037e-02 -4.974726e+00 1.701107e+00 -4.026667e-02 6.888128e+00 5.046288e+00 -3.879918e-02 4.565397e+00 -7.147126e+00 -6.110742e-02 -2.241592e+00 -1.140140e+01 -3.862890e-02 -1.257058e+00 9.838416e+00 -4.051387e-02 3.900867e+00 4.524256e+00 -4.138303e-02 -8.543758e+00 5.223759e+00 -3.844091e-02 -1.120826e+01 -1.594504e+00 -4.472807e-02 -5.375145e+00 1.102557e+01 -3.288283e-02 4.448763e+00 -2.466882e-01 -4.204332e-02 7.930898e+00 2.937066e+00 -3.730172e-02 -1.171166e+01 5.488035e+00 -3.441061e-02 7.741754e+00 4.095758e+00 -4.142470e-02 5.933715e+00 -1.011139e+00 -3.789435e-02 -1.197821e+01 6.771485e+00 -3.903502e-02 1.142064e+01 6.384212e+00 -3.135829e-02 -4.250520e+00 3.080981e-01 -5.949246e-02 -7.942287e+00 4.203861e+00 -5.854842e-02 -6.944561e+00 1.470786e+00 -4.152500e-02 -5.820204e+00 -7.875341e+00 -4.537244e-02 4.480842e+00 -1.439401e+01 4.093457e-01 -5.174588e+00 -2.606349e+00 -3.018387e-02 8.562270e+00 1.511368e+01 -4.183000e-01 -2.738634e+00 1.194035e+01 -3.464212e-01 -9.555471e+00 4.191465e+00 -7.435224e-02 -3.769211e+00 -9.983917e-01 -4.946532e-02 8.815979e+00 -4.576252e+00 -4.114921e-02 1.056681e+01 7.080404e+00 -5.150412e-02 -2.998797e+00 6.663036e+00 -4.317695e-02 3.290354e+00 2.318058e+00 -6.948367e-02 6.353951e+00 -9.661677e+00 -4.852205e-02 -2.288884e+00 -8.050155e+00 -2.794460e-02 -3.987550e+00 9.317810e+00 -4.420125e-02 -5.407082e+00 -6.713791e+00 -3.509255e-02 -8.915537e+00 -6.990493e+00 -3.691097e-02 2.238298e+00 -3.172900e+00 -3.844247e-02 6.781292e+00 2.707191e+00 -3.921175e-02 -1.226965e+01 -3.482406e+00 -5.150354e-02 8.868000e+00 4.592992e+00 -6.024916e-02 2.068816e+00 -9.202567e-01 -6.391015e-02 5.979932e+00 5.942342e-01 -5.226601e-02 9.386622e+00 6.854435e+00 -4.375268e-02 -7.583310e+00 4.515382e+00 -6.049643e-02 1.479175e+00 3.190422e+00 -6.231740e-02 4.929960e+00 4.644914e+00 -3.921235e-02 4.516791e+00 1.774864e+00 -8.444786e-02 -5.802528e+00 2.326591e+00 -5.208614e-02 4.327425e+00 5.631300e+00 -3.855545e-02 3.346180e+00 1.277993e+01 -4.803255e-01 -5.432598e+00 1.016696e+00 -3.013117e-02 -1.049238e+01 5.350016e+00 -2.673173e-02 1.251777e+01 5.244246e+00 -3.854627e-02 -7.748337e+00 -2.791215e+00 -3.798150e-02 1.039754e+01 -4.572187e+00 -6.110241e-02 4.079957e+00 3.429342e+00 -1.367617e+00 -9.638980e+00 6.896186e+00 -4.377491e-02 8.371605e-01 5.517899e-01 -3.029796e-02 8.783128e+00 4.236530e+00 -1.575046e+00 1.133239e+01 1.354267e+00 -5.911386e-02 -7.692905e+00 -4.936979e+00 -3.739632e-02 -6.797507e+00 -1.113988e+01 -2.610783e-02 3.100046e+00 2.031556e+00 -3.013973e-02 8.316261e+00 -3.324143e+00 -6.023672e-02 4.931459e+00 -7.839990e+00 -3.857942e-02 -2.708052e+00 -8.146350e-01 -6.053342e-02 6.168404e+00 -7.015088e+00 -3.716692e-02 8.399991e+00 8.514875e+00 -5.378984e-02 -1.067409e+00 -1.175305e+00 -5.400908e-02 -7.093164e+00 -4.322466e+00 -6.770751e-02 5.424573e+00 -7.768847e+00 -4.108556e-02 -3.666096e+00 5.129844e+00 -6.800730e-02 -5.036089e-01 4.717945e+00 -4.558133e-02 6.518692e+00 4.039768e+00 -3.687492e-02 -8.096530e+00 5.020890e+00 -4.121205e-02 4.664469e+00 -2.393246e+00 -4.065572e-02 -1.380994e+01 -1.325076e+00 -5.463438e-02 -7.096505e+00 3.497646e+00 -3.847638e-02 5.966967e+00 -7.356089e+00 -4.257237e-02 4.187850e+00 3.312257e+00 -5.172139e-02 8.702682e+00 -5.690641e+00 -5.183979e-02 -7.071688e-02 -7.422830e+00 -6.656385e-02 -7.707054e-01 -2.405283e+00 -8.618203e-02 -4.653897e+00 -5.451486e+00 -6.507819e-02 4.568246e+00 -1.539898e+00 -5.014936e-02 -6.868254e+00 7.557766e+00 -4.064736e-02 -6.504346e+00 -3.402739e+00 -5.353906e-02 4.680444e+00 -3.019002e+00 -5.188490e-02 -6.362087e+00 -6.971735e+00 -6.823655e-02 2.572714e+00 1.082437e+01 -4.304659e-02 8.826714e-01 -1.180542e+01 -3.553483e-02 -6.247749e+00 6.084220e+00 -7.577371e-02 1.536307e+00 1.027509e+01 -1.531356e+00 7.593741e+00 -8.083907e+00 -4.229623e-02 -4.452156e+00 4.172530e+00 -6.724675e-02 -2.732237e+00 -3.939858e+00 -4.714736e-02 7.929348e+00 4.671710e+00 -6.969631e-02 3.717068e+00 8.354489e+00 -4.212271e-02 -5.987669e+00 4.057383e+00 -4.958215e-02 7.287978e+00 -2.569322e+00 -3.697245e-02 6.384798e+00 2.372085e+00 -7.865972e-02 -4.527850e+00 -1.135921e+00 -7.273816e-02 6.820817e+00 -1.393446e+00 -3.150451e-02 1.218442e+01 -7.465385e+00 -6.145973e-02 -9.398147e-01 5.202649e-01 -8.709674e-02 3.353063e+00 -4.798964e+00 -3.824149e-02 -1.097097e+01 2.575285e+00 -1.661092e+00 1.134734e+01 2.519530e+00 -7.053242e-02 5.988505e+00 -8.393164e+00 -4.530433e-02 -4.098203e+00 1.356932e+00 -4.836782e-02 -6.660680e+00 8.886010e+00 -3.335292e-02 6.360037e-01 3.989189e+00 -8.131675e-02 -3.593045e+00 -6.117511e+00 -5.486930e-02 1.427573e+00 -9.299868e+00 -2.522600e-02 5.060855e+00 -5.593035e+00 -5.784483e-02 -3.985746e+00 -8.578967e+00 -3.237973e-02 5.334701e+00 -3.490631e+00 -8.555174e-02 -3.222443e+00 -4.928774e+00 -4.953289e-02 7.703815e+00 -3.444535e+00 -4.360179e-02 7.496232e+00 -3.679829e+00 -8.078429e-02 -3.061246e+00 -4.211117e+00 -3.926117e-02 -1.199127e+01 -4.476158e+00 -9.532215e-02 -1.713583e+00 -3.725487e+00 -4.550879e-02 -4.571069e+00 -2.665069e+00 -5.726749e-02 5.654927e+00 -2.625699e+00 -3.577211e-02 -1.134466e+01 -8.708656e+00 -2.681199e-02 7.653100e+00 7.045845e+00 -5.390533e-02 5.708871e+00 -2.669846e+00 -1.091295e-01 3.995058e+00 -6.044507e+00 -5.444318e-02 -1.458254e+00 -7.567886e+00 -3.991358e-02 2.843897e+00 -2.454024e+00 -7.523634e-02 -3.444867e+00 -2.164672e+00 -3.492118e-02 9.877134e+00 1.147799e+00 -4.460315e-02 8.047682e+00 -6.714412e+00 -6.456109e-02 -3.375019e+00 -1.181466e+01 -3.971665e-02 5.905502e-01 9.793858e+00 -3.054689e-02 -5.536727e+00 -3.341431e+00 -4.489359e-02 -9.647354e+00 -1.688623e+00 -5.164386e-02 -6.759974e+00 -9.978072e-02 -6.299004e-02 6.229875e+00 -4.813413e+00 -4.575836e-02 -9.202726e+00 4.387995e+00 -6.243007e-02 -1.917718e+00 -9.519709e+00 -8.411410e-02 -1.167231e+01 -1.144319e+01 -2.552990e-02 -2.012070e+00 8.013179e+00 -3.078300e-02 -7.698483e+00 -5.541133e-01 -5.239476e-02 5.194259e+00 -3.197719e+00 -1.028529e-01 3.919802e+00 -8.703584e+00 -4.104860e-02 6.741425e-01 -5.790132e+00 -5.456035e-02 1.129317e+00 -5.979022e+00 -5.257236e-02 -2.992536e+00 4.302215e+00 -4.335125e-02 -1.372397e+01 1.050254e+00 -3.645750e-02 -8.663807e+00 3.095937e+00 -7.975300e-02 -4.246931e+00 1.247351e+01 -3.888124e-02 3.518060e+00 -1.039590e+01 -3.949616e-02 4.982460e+00 1.086706e+01 -4.446790e-02 1.025264e+01 8.889806e+00 -3.925357e-02 -9.293958e+00 -7.328232e+00 -4.036420e-02 -4.846475e+00 -9.946144e+00 -3.467123e-02 4.152511e+00 -5.070915e+00 -3.576722e-02 4.746582e+00 1.854845e-01 -6.399161e-02 6.552935e+00 -1.405775e+00 -3.890347e-02 1.367658e+01 -4.162829e+00 -5.088731e-02 3.462555e+00 -8.200343e+00 -4.073321e-02 2.006639e+00 -6.276755e+00 -5.425729e-02 1.422128e-01 -9.927691e+00 4.222745e-01 5.243279e+00 4.363621e+00 -4.287291e-02 -4.901289e+00 6.670740e+00 -3.131381e-02 -3.968951e+00 9.858470e+00 -3.992526e-02 -2.470056e+00 4.844869e+00 -3.872779e-02 1.271324e+01 -5.162916e+00 -4.590377e-02 1.472370e+00 -3.553343e+00 -4.080533e-02 -8.512486e+00 -1.455402e+00 -6.614779e-02 -3.718527e+00 3.263647e+00 -6.334140e-02 4.573847e+00 -7.599941e+00 -4.010729e-02 8.482159e+00 8.154745e+00 -4.115598e-02 7.177618e+00 -4.102593e+00 -5.111187e-02 -5.176439e+00 -8.930097e+00 -3.093361e-02 -5.291727e+00 -3.934186e+00 -3.883066e-02 1.036274e+01 -2.033412e+00 -5.151356e-02 9.269243e+00 2.282211e+00 -4.499850e-02 -6.022754e+00 -6.401315e+00 -5.665177e-02 -1.402014e+00 2.920157e-01 -5.954835e-02 5.785349e+00 -1.133348e+00 -4.219067e-02 -9.428910e+00 2.168019e+00 -7.637125e-02 -5.132309e+00 -6.323330e+00 -4.080876e-02 1.015037e+01 -6.937050e+00 -6.685792e-02 1.883607e+00 -2.189787e+00 -6.244274e-02 5.746245e+00 -5.754364e+00 -6.127452e-02 3.259825e+00 3.780456e+00 -6.645620e-02 4.483595e+00 -3.862641e+00 -8.208746e-02 1.954614e+00 7.379148e+00 -4.526746e-02 1.028119e+00 -5.135698e-01 -7.937580e-02 -4.947479e+00 -2.732890e+00 -4.797566e-02 -5.765880e+00 1.343657e+00 -6.918035e-02 6.505279e+00 -1.396812e+01 -4.916624e-02 -5.556471e+00 -5.888502e+00 -1.326959e+00 8.903071e+00 -2.594548e+00 -1.063660e-01 3.930639e+00 1.299096e+00 -5.933395e-02 5.931113e+00 -1.278654e+01 -3.938208e-02 -6.426629e+00 2.821780e-01 -5.294529e-02 -7.511555e+00 5.604675e+00 -4.528570e-02 -3.873701e+00 -6.164747e+00 -5.264402e-02 1.372933e+00 -6.028862e+00 -3.135978e-02 7.748811e+00 -5.000758e+00 -4.626594e-02 -2.734977e+00 1.549961e+00 -3.641545e-02 -1.176999e+01 -4.895389e+00 -4.384493e-02 -2.668484e+00 -1.536782e-01 -5.688044e-02 5.363512e+00 3.942225e+00 -5.882464e-02 -2.056795e+00 -5.043345e-01 -3.946022e-02 -1.250573e+01 1.657788e+00 -4.970387e-02 8.713516e+00 4.352554e+00 -3.897572e-02 -1.217707e+01 -3.662012e+00 -3.252917e-02 -6.529176e+00 9.128659e+00 -3.523367e-02 -1.697845e+00 -3.023127e+00 -4.853828e-02 -5.578767e+00 -6.214853e+00 -5.328000e-02 -2.200267e-01 -1.633639e+00 -6.735710e-02 7.028694e+00 6.137311e+00 -8.039989e-02 -1.876941e+00 9.042253e+00 -2.855035e-02 -5.896315e+00 -5.868319e+00 -5.600308e-02 2.186977e+00 8.802725e+00 -3.390891e-02 -2.270294e+00 -4.947509e-01 -5.658192e-02 -7.494590e+00 -5.681360e+00 -5.108511e-02 2.233322e+00 8.515732e+00 -5.316506e-02 1.039726e+00 -2.680064e+00 -4.833748e-02 8.567340e+00 -7.117389e+00 -7.622787e-01 1.399688e+01 4.958905e+00 -7.194640e-02 3.989202e+00 4.077972e+00 -4.732146e-02 -5.768249e+00 8.295088e-01 -5.296000e-02 5.074330e+00 8.624883e-01 -3.300825e-02 -7.711989e+00 1.836925e+00 -3.768050e-02 6.404532e+00 -1.314016e+00 -3.205045e-02 -1.101924e+01 -2.698744e+00 -5.298879e-02 -6.487538e+00 8.507529e-01 -8.637733e-02 -5.609487e+00 -7.449009e+00 -3.979196e-02 -5.057509e+00 6.305215e+00 -5.574095e-02 -5.429927e+00 -2.002127e+00 -2.764954e-02 -9.404011e+00 6.127682e+00 -7.604957e-02 -6.695880e-01 2.884807e+00 -6.752963e-02 5.510969e+00 7.374889e+00 -5.189954e-02 4.207347e+00 2.469617e+00 -4.869253e-02 -6.486771e+00 -8.605081e-01 -2.649925e-02 1.100310e+01 6.346539e+00 -7.605432e-02 7.302829e-01 -3.623658e+00 -4.793105e-02 -5.057364e+00 -1.033801e+00 -4.215050e-02 7.894783e+00 -4.263762e+00 -5.152108e-02 4.087169e+00 -2.318459e+00 -4.538034e-02 -1.006146e+01 -4.171350e+00 -2.966050e-02 7.991516e+00 4.038365e+00 -3.775856e-02 -1.160925e+01 -6.472821e+00 -5.436745e-02 -1.653469e+00 -2.000041e+00 -5.769806e-02 5.923896e+00 6.502522e+00 -4.415172e-02 4.250464e+00 4.672922e+00 -3.732160e-02 1.210162e+01 -5.213705e+00 -4.570139e-02 7.172961e+00 -4.808190e+00 -6.769157e-02 5.294935e+00 -4.336345e+00 -9.576443e-02 2.176491e+00 -5.998003e+00 -5.796154e-02 2.330441e+00 -3.111083e+00 -9.235680e-02 2.546897e+00 6.172781e+00 -8.261493e-02 -9.826849e-01 -2.753526e+00 -5.844193e-02 5.507784e+00 -5.540825e+00 -5.510255e-02 2.188401e+00 -4.793228e+00 -5.051790e-02 2.647891e+00 5.913326e+00 -5.794627e-02 -6.160577e+00 1.000665e+00 -5.346134e-02 1.478913e+01 -1.130267e+01 -3.816201e-02 -3.246969e+00 -7.343794e+00 -3.911899e-02 -9.830601e+00 2.164796e-01 -3.950935e-02 1.107663e+01 3.172896e+00 -6.890199e-02 5.203193e+00 -5.809319e+00 -4.929092e-02 -2.005091e+00 3.598572e+00 -4.033220e-02 -4.906238e+00 -5.371611e+00 -4.054842e-02 6.269755e+00 3.784762e+00 -7.184570e-02 5.859663e+00 6.480634e+00 -4.418463e-02 -2.479735e+00 2.942352e-01 -3.724291e-02 -9.114838e+00 5.964894e+00 -7.489604e-02 -1.021941e+00 8.641039e+00 -2.389142e-02 -6.337683e+00 -5.897303e+00 -6.414139e-02 3.239156e+00 -5.594855e+00 -5.182261e-02 1.541069e+00 1.547021e+00 -5.639283e-02 1.488394e+01 2.233075e+00 -4.088612e-02 -9.563651e+00 4.481637e+00 -3.981497e-02 -4.246114e+00 -7.690623e+00 -6.364541e-02 5.897672e-01 3.123797e+00 -3.989796e-02 6.646342e+00 -1.656653e+00 -4.227826e-02 -9.503022e+00 -4.468622e+00 -5.499060e-02 -5.577186e+00 -1.854029e+00 -5.074862e-02 4.759794e+00 5.890001e+00 -4.849854e-02 -4.412403e+00 -6.427657e+00 -5.623647e-02 -2.014730e+00 3.710933e+00 -7.173315e-02 5.979400e+00 4.293750e+00 -6.303755e-02 3.726089e+00 -3.882727e+00 -4.785898e-02 -4.723799e+00 9.518657e+00 -3.016119e-02 -5.725959e+00 1.254609e+00 -5.533348e-02 -7.932633e+00 -5.558796e+00 -4.906204e-02 -2.729872e+00 1.055243e+01 -4.222303e-02 3.150813e+00 7.232384e+00 -4.498451e-02 1.967157e+00 2.480077e+00 -8.135527e-02 -5.283219e+00 5.069974e+00 -6.460973e-02 3.289979e+00 6.872762e-01 -8.084098e-02 -5.399359e+00 -9.416075e-01 -6.825369e-02 -4.576959e+00 -6.498007e+00 -2.871609e-02 5.745173e+00 -5.777872e+00 -4.189091e-02 -7.422607e+00 4.680357e+00 -4.903002e-02 -5.636035e+00 9.985797e+00 -3.964786e-02 -2.088614e+00 1.515380e-01 -3.826967e-02 -9.109263e+00 -7.030066e+00 -3.318051e-02 -8.590241e+00 -9.673384e+00 -4.653296e-02 1.528560e+00 -6.876985e+00 -6.355911e-02 -3.713710e+00 -5.742090e+00 -5.369383e-02 1.334521e+00 -3.372560e+00 -7.866132e-02 2.322659e+00 -1.239747e+01 -4.125066e-02 -6.828987e+00 2.312525e+00 -6.524520e-02 5.464114e+00 6.504944e+00 -4.692012e-02 -3.754077e+00 -2.603254e+00 -4.437595e-02 -5.126780e+00 -7.495899e+00 -6.705139e-02 3.529395e-01 1.065882e+01 -4.282035e-02 -2.069065e+00 1.222480e+00 -4.040041e-02 1.123252e+01 4.568515e+00 -3.731136e-02 -8.042964e+00 -7.167005e+00 -3.427848e-02 -9.635900e-01 2.352379e+00 -5.816268e-02 -7.839740e+00 3.594183e+00 -3.298444e-02 8.938523e+00 -1.081434e+00 -3.912493e-02 1.104753e+01 -7.025802e+00 -6.317607e-02 1.677460e+00 2.131816e+00 -6.754445e-02 5.894000e+00 -5.573461e-01 -7.128977e-02 -4.963285e+00 1.127971e+01 -2.192241e-02 -3.216936e+00 -2.926093e+00 -9.211000e-02 -4.846453e+00 -3.957048e+00 -3.834681e-02 -1.161447e+01 -6.668999e+00 -6.016910e-02 -3.279523e+00 5.953538e+00 -3.713617e-02 8.479920e+00 -7.599300e+00 -6.437433e-02 -1.937901e+00 6.788870e+00 -4.670944e-02 4.259634e+00 -2.463361e-02 -5.107401e-02 -7.218195e+00 1.005219e+01 -2.968430e-02 5.905424e+00 1.513317e+00 -4.596292e-02 -6.697165e+00 1.014231e+01 -3.931243e-02 -9.990696e-01 5.212805e-02 -6.536075e-02 -4.025685e+00 -1.112811e+01 -1.265710e-01 -1.020405e+01 2.441588e+00 -4.484525e-02 -5.748456e+00 -4.812385e+00 -9.970514e-02 6.254129e-01 4.776639e+00 -5.195519e-02 -6.047105e+00 -4.210347e+00 -5.309134e-02 4.448802e+00 -5.200554e+00 -4.923866e-02 2.768340e+00 1.067026e+01 -3.622122e-02 6.718511e+00 4.983865e+00 -7.208701e-02 -1.810419e+00 4.524222e+00 -4.082659e-02 1.024399e+01 5.509246e+00 -7.030180e-02 1.707537e+00 5.080455e+00 -5.205949e-02 7.333839e+00 -6.358009e+00 -5.446098e-02 2.536409e-01 1.361916e+00 -5.099104e-02 9.421319e+00 -1.025351e+01 -3.202388e-02 1.633852e+00 -8.413707e+00 -3.817798e-02 -8.628835e+00 -6.840220e+00 -3.700584e-02 3.047292e+00 -9.679537e+00 -3.092357e-02 2.132990e+00 -8.860770e+00 -2.505207e-02 6.255014e+00 -6.715923e+00 -4.153732e-02 -6.304424e+00 2.010512e+00 -4.471550e-02 -6.430039e+00 -6.925135e+00 -5.980275e-02 -3.557575e+00 5.236806e+00 -6.351902e-02 -2.299991e-01 -1.084891e+01 -3.440588e-02 1.441887e+00 -2.886058e+00 -6.486654e-02 5.926740e+00 5.428670e+00 -6.715664e-02 3.193019e+00 -1.311182e+01 -4.876758e-01 6.369923e+00 -4.875113e-01 -6.554347e-02 -4.248326e+00 -4.241808e+00 -4.861503e-02 -4.587872e+00 2.271392e+00 -4.950618e-02 8.885376e+00 4.690343e+00 -8.061245e-02 -3.152755e+00 1.054825e+01 -4.177558e-02 3.404818e+00 6.527913e+00 -4.415039e-02 3.698056e+00 1.102203e+01 -3.587633e-02 -5.421958e+00 -3.721862e+00 -6.946544e-02 6.190686e+00 3.872783e+00 -2.705818e-02 -8.284494e+00 6.459545e+00 -4.437252e-02 -3.288821e+00 -2.228099e+00 -3.499413e-02 1.018170e+01 7.757623e+00 -4.988773e-02 -6.408136e-01 -1.218262e+01 -4.003698e-02 1.752902e+00 -5.540912e-01 -3.323172e-02 -8.163472e+00 -4.894258e+00 -5.904634e-02 4.764840e+00 -8.481874e+00 -3.880348e-02 -1.817741e+00 7.717953e+00 -5.005823e-02 -1.037395e+00 5.380159e+00 -4.090029e-02 4.529708e+00 1.444887e+01 -4.976121e-02 3.073143e+00 -1.228015e+01 -3.934154e-02 6.973309e+00 -3.902247e+00 -6.952432e-02 -9.613932e-01 -1.047364e+01 -3.707299e-02 4.205765e+00 -6.327879e+00 -6.664412e-02 3.484537e+00 3.568186e+00 -4.127482e-02 -5.223429e+00 6.538715e+00 -5.452173e-02 -5.154785e+00 -1.398390e+00 -7.256848e-02 -4.528050e+00 -5.892478e+00 -3.497700e-02 -5.319838e+00 7.589529e+00 -1.968523e+00 -1.152253e+01 5.984721e+00 -4.284396e-02 -2.788185e+00 -9.011225e+00 2.665897e-01 2.460859e+00 5.316495e+00 -7.642443e-02 3.789655e+00 1.128335e+01 -3.598272e-02 5.511631e+00 5.071038e+00 -4.378909e-02 6.129216e+00 5.178627e+00 -6.568276e-02 -1.210406e-01 -2.786370e+00 -7.936741e-02 2.553008e+00 -5.738920e+00 -3.283503e-02 8.445285e+00 -8.203995e-01 -5.502321e-02 5.635226e+00 -3.119303e+00 -5.001972e-02 8.940350e+00 6.530967e+00 -4.204383e-02 3.662093e+00 -7.954107e+00 -4.232124e-02 -4.874489e+00 -2.190420e+00 -4.085762e-02 7.585243e+00 5.623881e+00 -7.677538e-02 2.991562e+00 6.699541e-01 -6.232542e-02 -4.485976e+00 -3.494983e+00 -6.597001e-02 6.428918e+00 -1.735368e+00 -7.016675e-02 6.988024e+00 -5.082069e+00 -3.846906e-02 -7.036180e+00 -5.522204e+00 -4.538678e-02 -2.168373e+00 -7.850659e+00 -5.016381e-02 5.839938e+00 -4.402048e+00 -6.523804e-02 5.643479e+00 4.930337e+00 -6.006626e-02 1.542905e+00 -9.133558e+00 -4.531025e-02 -2.911413e+00 4.418820e+00 -4.454124e-02 -5.119777e+00 3.564623e+00 -4.893079e-02 -6.285669e+00 7.172853e+00 -5.365916e-02 5.225331e+00 -5.718558e+00 -6.664476e-02 4.238567e+00 -6.371658e-01 -4.224215e-02 -5.770259e+00 -6.479756e+00 -5.259367e-02 -1.970579e+00 7.501560e+00 -4.691413e-02 1.858646e+00 -1.698239e+00 -7.582945e-02 -4.651681e+00 -9.738072e+00 -4.744747e-02 -2.271210e+00 -1.023197e+01 -2.531483e-02 -1.176633e+00 1.223269e+01 -1.505099e+00 -1.193051e+00 3.275334e+00 -4.268526e-02 -5.366945e+00 1.428510e+00 -4.575408e-02 8.577538e+00 -7.103178e+00 -6.027476e-02 -1.418344e+00 1.807842e+00 -4.250276e-02 -5.689963e+00 -7.198442e+00 -3.986712e-02 4.140337e+00 8.605159e+00 -5.367269e-02 -6.287330e-01 -4.161799e+00 -4.809695e-02 -4.791195e+00 4.169109e+00 -6.285118e-02 3.283548e+00 -2.136970e+00 -8.437695e-02 2.826143e+00 5.359610e+00 -6.115998e-02 4.478675e-02 -6.921000e+00 -5.930752e-02 -3.384382e+00 -9.996019e+00 -3.674331e-02 8.827603e+00 -7.564429e+00 -4.961118e-02 6.109503e+00 -8.790607e+00 -4.158528e-02 1.766120e+00 6.021280e+00 -3.927332e-02 2.717866e+00 7.821170e+00 -4.786519e-02 -3.704200e-01 -1.631934e+00 -6.405424e-02 6.701521e+00 1.832016e+00 -4.096215e-02 7.298420e+00 3.386983e-01 -4.943226e-02 -7.261871e+00 2.492969e+00 -3.142215e-02 -7.335676e+00 6.468847e+00 -5.585712e-02 -5.558955e+00 -7.784020e+00 -3.633355e-02 -2.940734e+00 8.310237e+00 -5.519480e-02 -2.204399e+00 9.412348e+00 -3.452780e-02 8.276443e+00 -4.567863e+00 -3.322982e-02 -6.031824e+00 -5.962592e+00 -5.985507e-02 2.883015e+00 5.490258e+00 -6.584814e-02 -5.588240e-01 -4.143854e+00 -6.267568e-02 5.812139e+00 1.885854e-01 -8.656830e-02 -5.877681e+00 2.526036e+00 -5.193109e-02 -7.387377e+00 3.630573e+00 -7.134612e-02 5.370952e+00 -6.212978e+00 -5.924496e-02 2.414397e+00 -7.419073e+00 -6.298540e-02 5.798404e-01 9.552404e+00 -3.799069e-02 3.339219e+00 -8.820798e-01 -4.711251e-02 -6.602142e+00 4.719155e+00 -5.848723e-02 1.490724e+00 -5.452278e+00 -3.833015e-02 5.605716e+00 -1.639170e+00 -3.266275e-02 -7.622364e+00 3.371899e+00 -5.965035e-02 4.500725e+00 7.360765e+00 -2.628369e-02 6.223210e+00 5.675150e+00 -5.011125e-02 -5.580197e+00 -1.114492e+00 -5.906424e-02 5.646369e+00 -8.475535e+00 -4.563658e-02 -4.980974e+00 5.319710e+00 -4.275545e-02 5.381381e+00 -4.187538e+00 -6.174170e-02 5.466360e+00 -3.374333e+00 -6.827723e-02 5.957388e+00 6.903666e+00 -4.764564e-02 -2.419850e+00 -9.931380e+00 -4.629257e-02 -1.199361e-01 4.822416e+00 -5.628204e-02 1.699542e+00 3.818238e+00 -5.586372e-02 3.266986e+00 4.487093e+00 -2.749661e-02 -9.022402e+00 1.013571e+00 -3.340954e-02 -8.087731e+00 1.140695e+00 -5.923516e-02 5.878785e+00 4.466818e+00 -5.753617e-02 -1.227383e+00 5.376449e+00 -6.769640e-02 -9.308341e-01 5.232506e+00 -4.187486e-02 -8.778904e+00 -5.905593e+00 -5.820838e-02 -5.176098e+00 4.732166e+00 -6.368004e-02 -2.516089e+00 2.207959e+00 -3.973678e-02 6.821599e+00 -4.194356e+00 -5.194546e-02 -5.215382e+00 -4.853254e+00 -4.473918e-02 -8.930804e+00 8.572233e+00 -5.250235e-02 -1.305623e+00 -6.123593e+00 -5.004598e-02 -1.265821e+00 -4.369466e+00 -3.300095e-02 9.289577e+00 4.860230e+00 -5.799750e-02 4.286040e-01 3.860926e+00 -4.647971e-02 -6.097981e+00 1.317769e+00 -4.852664e-02 8.620027e+00 -6.848564e-01 -5.947071e-02 -8.369994e+00 2.882969e+00 -2.578963e-02 9.584020e+00 1.409426e+00 -5.942209e-02 -8.226968e+00 -7.046629e+00 -5.753990e-02 -1.034338e+00 -1.264140e+00 -4.972865e-02 -6.871733e+00 -4.863448e+00 -5.780016e-02 4.109717e+00 1.565506e+00 -5.605808e-02 -7.866613e+00 -2.401687e+00 -3.934522e-02 1.368766e+01 4.206671e+00 -4.146443e-02 6.249139e+00 6.812425e+00 -5.077728e-02 -3.598606e+00 4.190517e+00 -7.997729e-02 -4.325779e+00 2.153729e+00 -6.887168e-02 6.252947e+00 -6.099472e+00 -4.077790e-02 1.031105e+01 -1.001400e+01 -4.712474e-02 -8.802864e-01 -2.395004e+00 -6.747163e-02 6.212966e+00 -5.198846e+00 -4.941216e-02 2.586643e+00 3.205225e+00 -4.097816e-02 -5.099807e+00 -5.493218e+00 -5.198757e-02 2.233542e+00 5.088934e+00 -4.844119e-02 7.318823e+00 -1.036037e+01 -2.511819e-02 -1.139311e+00 8.257271e+00 -3.059448e-02 2.676592e-01 5.388761e+00 -4.565544e-02 -4.449149e+00 -6.862689e+00 -5.756958e-02 -2.635611e+00 -3.908652e+00 -5.770584e-02 -6.457937e+00 -4.429248e+00 -8.510175e-02 1.566057e+00 6.288265e+00 -4.309154e-02 -1.328790e+01 9.253256e-02 -2.594697e-02 1.114404e+01 7.990034e+00 -3.261725e-02 -3.757209e+00 3.334338e+00 -6.333979e-02 -2.981096e+00 -1.196457e-01 -4.535295e-02 -6.462839e+00 5.755980e+00 -3.494462e-02 -6.928280e+00 -7.277592e-01 -4.152862e-02 7.910790e+00 4.309953e-01 -4.669989e-02 -6.779669e+00 4.657508e+00 -6.026347e-02 -1.079679e+00 1.606612e+00 -6.183872e-02 5.757218e+00 -4.391140e+00 -4.674719e-02 -3.926766e+00 -2.740091e+00 -4.291178e-02 7.898685e+00 9.215088e-01 -4.301745e-02 -6.130938e+00 8.090984e+00 -5.136976e-02 -1.135447e-01 -4.580404e+00 -4.513373e-02 -4.085396e+00 -1.677437e+00 -6.685676e-02 -4.333415e+00 6.293749e+00 -8.049591e-02 4.814672e-01 -6.572517e+00 -6.371278e-02 3.804579e+00 3.950326e+00 -5.933250e-02 3.780351e+00 -5.055099e+00 -3.609013e-02 -6.739777e+00 -5.381121e+00 -5.778072e-02 3.697733e+00 -8.287792e+00 -4.241288e-02 3.096457e+00 -3.938218e+00 -5.948681e-02 -6.932382e+00 -6.716273e+00 -5.575118e-02 6.316587e-02 -4.401747e+00 -8.226460e-02 -2.834216e+00 -9.198587e+00 -4.593632e-02 -3.595680e+00 -1.040100e+01 -4.120016e-02 -9.524925e+00 6.876011e+00 -4.147929e-02 -7.599367e+00 5.773835e+00 -4.024812e-02 -2.133177e+00 -1.964788e+00 -3.429297e-02 -8.016886e+00 -6.234828e+00 -3.726266e-02 9.208705e+00 -1.006843e+01 -2.576979e-02 1.758304e-01 1.333561e+01 -3.903574e-02 1.053814e+00 -6.285789e-01 -4.779588e-02 -6.752572e+00 -5.041287e+00 -5.941411e-02 4.392821e+00 -3.599768e+00 -5.841558e-02 -7.307429e+00 8.724942e+00 -3.245338e-02 2.665471e+00 -5.258637e+00 -9.952680e-02 -7.927016e-01 -1.174494e+01 -3.885724e-02 1.324680e+00 4.127627e+00 -6.262865e-02 4.209434e+00 3.612208e+00 -7.597111e-02 -3.700952e+00 7.028283e+00 -4.926558e-02 -3.120853e+00 -4.310617e-01 -9.936407e-02 4.545854e+00 -5.461707e+00 -4.135878e-02 6.596266e+00 5.007542e+00 -7.844117e-02 -3.889695e+00 -1.057337e+00 -6.702268e-02 -4.297469e+00 -7.599088e+00 -6.011821e-02 8.547949e-02 5.175465e+00 -6.136549e-02 -6.337950e-01 5.323605e+00 -3.639360e-02 -7.759367e+00 -5.950574e+00 -6.037088e-02 -5.044667e+00 -8.603668e+00 -4.367593e-02 -3.893680e+00 6.872005e+00 -3.459665e-02 -5.894034e+00 -1.003559e+01 -1.384987e+00 4.785460e+00 8.608003e+00 -2.641845e-02 -5.107653e+00 3.160404e+00 -5.570114e-02 4.648993e+00 4.768557e+00 -6.194405e-02 -2.596797e-02 -4.996591e+00 -4.652581e-02 2.121974e+00 3.000646e+00 -5.552554e-02 4.653423e+00 -3.281895e+00 -1.056558e-01 3.314958e+00 3.840507e+00 -4.321840e-02 -5.641812e+00 2.270409e+00 -7.020766e-02 -4.158532e+00 -4.468966e+00 -2.997698e-02 8.381195e+00 -2.148422e+00 -9.136266e-02 -4.924617e+00 -6.298117e+00 -8.744169e-01 1.451641e+01 2.969882e+00 -3.870678e-02 1.059341e+01 9.344209e+00 -4.018764e-02 -4.694113e+00 -9.739355e+00 -2.561696e-02 2.795777e+00 4.059316e+00 -6.031588e-02 -1.992856e+00 -4.660239e+00 -6.739880e-02 5.418667e+00 4.446294e+00 -5.713498e-02 3.237076e+00 -1.581334e-01 -4.062363e-02 1.173847e+01 1.569594e+00 -7.418381e-02 -4.578720e+00 7.373158e+00 -4.470111e-02 4.481449e-01 -9.740094e+00 -4.232180e-02 -1.054598e+01 8.538713e+00 -3.635865e-02 -4.092712e+00 6.490653e-01 -6.055770e-02 5.983578e+00 1.427030e+01 -5.492394e-01 -6.013184e+00 6.757465e+00 -3.515926e-02 -6.301519e+00 -5.859655e+00 -6.462716e-02 4.474577e+00 3.145420e+00 -4.530194e-02 7.704805e+00 -6.602724e+00 -5.531470e-02 -8.344789e-01 -2.781197e+00 -5.686946e-02 -7.173985e+00 -1.010022e+00 -6.655582e-02 6.579930e+00 -2.488439e+00 -4.730297e-02 4.634689e+00 9.029766e+00 -3.378225e-02 -1.410394e+00 -1.178400e+00 -8.297092e-02 3.319857e+00 6.013951e+00 -7.829926e-02 2.767179e+00 6.696905e+00 -4.133968e-02 3.336177e+00 4.738873e+00 -5.753909e-02 -1.531539e+00 -1.248820e+01 -4.167103e-02 -6.657999e+00 -3.144696e+00 -5.470861e-02 -6.737916e+00 -4.161492e+00 -4.611197e-02 3.459071e+00 6.236302e+00 -7.160933e-02 -3.450745e-02 -1.853374e+00 -4.349941e-02 -5.387306e+00 -5.758916e+00 -3.750800e-02 -6.675037e+00 1.042360e+01 -2.636165e-02 -2.818496e-01 2.803903e-02 -8.731573e-02 -5.895552e+00 -2.825848e+00 -5.912206e-02 -7.633011e+00 -5.891867e+00 -5.740327e-02 -4.661423e+00 -2.111265e+00 -6.401764e-02 6.649942e+00 4.986327e+00 -6.663635e-02 -8.360340e-01 -8.347804e+00 -3.872680e-02 -2.167722e+00 8.443699e+00 -5.367413e-02 -2.947415e+00 2.143100e-01 -8.918220e-02 3.467582e+00 -6.167938e+00 -3.678524e-02 4.917378e+00 7.211900e+00 -4.016082e-02 -6.908361e+00 3.743019e-01 -8.217702e-01 1.576179e+01 -5.681717e+00 -5.277983e-02 -4.360028e+00 -7.438386e+00 -3.900753e-02 -4.877669e+00 -1.189343e+01 -3.964177e-02 1.734530e+00 -9.048991e+00 -2.648999e-01 -1.223694e+01 -2.635768e-01 -5.982210e-02 -4.255438e+00 -3.028828e+00 -4.011707e-02 -9.141376e+00 9.105099e-01 -4.049359e-02 1.133169e+01 -1.250629e+01 -2.853899e-02 1.333075e+00 3.395622e+00 -7.238845e-02 6.117324e+00 -3.689967e+00 -2.274763e+00 -1.567708e+01 7.636635e+00 -4.660784e-02 1.430480e+00 3.401604e+00 -7.041139e-02 5.729343e+00 3.853723e-01 -4.884274e-02 -7.155076e+00 1.402756e+00 -7.034532e-02 -5.185149e+00 4.864448e+00 -6.905460e-02 3.960394e+00 -8.694603e+00 -4.022876e-02 8.250770e+00 7.035875e+00 -4.365977e-02 -8.289974e+00 -7.491231e+00 -3.513750e-02 1.292085e+00 6.079087e+00 -7.667226e-02 -2.556798e+00 -3.432968e-02 -5.755327e-02 5.745336e+00 6.546639e+00 -5.108637e-02 5.851274e+00 -4.184042e+00 -4.838792e-02 -5.051498e+00 -3.523199e+00 -4.183958e-02 7.783387e+00 2.868808e+00 -3.519697e-02 -8.523156e+00 5.542066e+00 -4.262824e-02 -3.500168e+00 -6.413073e+00 -3.373838e-02 8.411435e+00 6.612467e+00 -2.989786e-02 5.286905e+00 -2.864141e+00 -3.930070e-02 7.326641e+00 -3.176276e+00 -6.741132e-02 -3.097409e+00 -6.362774e+00 -5.696642e-02 -3.187902e+00 1.167753e+01 -3.898263e-02 6.402699e+00 3.908992e+00 -3.725167e-02 5.323398e+00 1.760913e+00 -4.626849e-02 8.530094e+00 8.204784e+00 -3.183896e-02 -2.623643e+00 1.558813e+00 -3.130255e-02 1.232747e+01 3.940623e+00 -5.107579e-02 -6.756583e+00 -5.321224e+00 -4.762892e-02 -3.107798e+00 3.003819e+00 -4.898032e-02 8.701418e+00 -5.046577e+00 -8.725378e-02 1.734159e-01 1.917052e+00 -3.889351e-02 -1.256207e+01 5.274733e-01 -4.430274e-02 -6.346035e+00 -6.643637e+00 -3.851378e-02 -5.914296e+00 3.031387e+00 -3.859127e-02 6.611711e+00 5.892673e+00 -7.586983e-02 -2.674953e+00 -4.339107e+00 -6.813503e-02 5.641671e+00 -9.517434e+00 -4.622264e-02 1.526846e+00 4.968487e+00 -7.728235e-02 4.425107e+00 -3.884366e+00 -7.500049e-02 -2.401126e+00 8.988572e-01 -7.235874e-02 6.760316e+00 -1.188170e+01 -2.908536e-02 -4.985307e+00 4.026544e+00 -3.791488e-02 1.268241e+01 -6.056030e+00 -4.468359e-02 -8.253850e+00 6.298450e+00 -7.476549e-02 2.269447e+00 1.165945e+01 -7.392033e-01 1.048160e+01 3.822288e+00 -5.763217e-02 -2.907380e+00 -7.908130e+00 -4.267886e-02 -5.738966e+00 3.068847e+00 -4.570345e-02 -6.167009e+00 3.409649e+00 -5.415291e-02 4.190172e+00 -1.469339e+00 -4.750945e-02 -6.864304e+00 -8.230583e+00 -4.431695e-02 4.531333e+00 1.429955e+01 -4.670800e-02 -4.767904e+00 2.988931e+00 -6.094104e-02 -3.147786e+00 -5.209132e+00 -4.761981e-02 1.469111e+00 4.678067e+00 -8.011927e-02 -3.802608e+00 1.607743e+00 -6.056564e-02 -3.960744e+00 8.679014e+00 -5.274749e-02 1.879773e+00 1.952336e+00 -4.806657e-02 -6.945910e+00 1.527194e+01 -6.062110e-01 -2.884338e+00 -7.148147e+00 -5.806968e-02 1.179762e+00 9.011196e+00 -1.189194e+00 1.966726e+00 -4.997571e+00 -6.526903e-02 5.111914e+00 -7.271703e+00 -6.123458e-02 1.228804e+00 -9.639886e-01 -5.243478e-02 5.345635e+00 5.095156e+00 -6.414072e-02 4.697801e-01 -8.017099e+00 -3.494161e-02 -8.467337e+00 -5.153444e+00 -4.841333e-02 1.914876e+00 -6.317004e+00 -4.072241e-02 5.605989e+00 9.059700e+00 -3.497950e-02 -2.900524e+00 -6.084270e+00 -2.905585e-02 7.105906e+00 6.384247e+00 -1.611070e-02 1.068698e+00 9.084896e+00 -4.325450e-02 -6.224951e+00 -8.356525e+00 -4.501783e-02 -5.464278e+00 6.561742e-01 -5.664157e-02 5.543463e+00 -2.717708e+00 -9.142178e-02 -4.702739e+00 9.076423e+00 -1.430761e+00 6.458946e+00 1.273353e+01 4.211550e-01 -6.319111e+00 9.669410e+00 -3.560441e-01 1.084665e+00 -7.169470e+00 -3.517678e-02 2.255644e+00 2.677777e+00 -5.311888e-02 -7.366180e+00 2.877341e+00 -5.737561e-02 4.579290e+00 -5.751263e+00 -6.196595e-02 -5.317072e+00 2.236796e+00 -2.551284e-02 1.049771e+01 -4.711421e+00 -8.260062e-02 -3.383869e-01 3.743723e+00 -5.777503e-02 3.531739e+00 4.921379e+00 -4.023238e-02 -8.778042e+00 5.808956e+00 -4.114559e-02 4.963886e+00 9.460437e+00 -4.100420e-02 5.961196e+00 8.630620e+00 -4.181927e-02 7.687264e+00 -9.300310e+00 -4.390175e-02 -9.269717e-01 -2.662686e+00 -4.384007e-02 -5.523025e+00 2.335367e+00 -5.093711e-02 -6.992485e+00 3.452184e+00 -3.985891e-02 1.411468e+01 4.844561e+00 -7.242336e-02 -2.802630e+00 5.589759e+00 -7.204513e-02 -1.432543e+00 -9.261794e+00 -3.536149e-02 9.443321e+00 3.854555e+00 -7.559063e-02 -4.395607e+00 3.706072e+00 -5.790710e-02 4.090868e+00 1.941815e+00 -5.819799e-02 5.773593e+00 9.014998e+00 -3.906874e-02 5.950478e+00 6.514660e+00 -4.704618e-02 5.271815e+00 -1.797413e+00 -7.063668e-02 -4.285855e+00 4.295110e+00 -6.234710e-02 3.922770e+00 -4.179305e+00 -4.799649e-02 3.600423e+00 1.556336e+01 -6.451506e-01 -7.446825e-01 -4.379040e+00 -3.657197e-02 -7.583406e+00 5.029030e+00 -7.247952e-02 -2.849943e+00 -9.077847e+00 -3.585432e-02 -7.467556e+00 1.087634e+01 -4.086271e-02 -9.225463e-01 -8.116302e+00 -3.645431e-02 -7.910184e-01 8.908552e+00 -5.314872e-02 1.443081e+00 6.197478e+00 -7.071124e-02 -1.102974e+00 -9.588018e+00 -4.015935e-02 7.378604e+00 1.556921e+01 -6.563059e-01 -8.519610e-01 -2.668549e+00 -6.640269e-02 6.331437e+00 -3.906636e+00 -5.128741e-02 4.687700e+00 1.981647e+00 -6.516033e-02 -3.962650e+00 1.260048e+00 -3.513368e-02 1.295742e+01 -4.778154e+00 -5.325148e-02 3.655157e+00 -4.841792e+00 -1.020898e-01 6.204206e-01 -3.626607e+00 -5.582266e-02 5.027526e+00 -1.120931e+01 -3.463326e-02 -7.573363e-01 -1.173390e+01 -3.703802e-02 1.740061e-01 -2.444726e+00 -6.546897e-02 -3.764291e+00 1.525083e+00 -6.694698e-02 -4.330193e+00 1.289309e+00 -5.369399e-02 -7.450179e+00 -9.040279e+00 -4.653846e-02 -5.270309e+00 -7.087990e+00 -6.651839e-02 2.685765e+00 -1.552702e+00 -5.066437e-02 -6.759249e+00 -3.788032e+00 -4.416376e-02 -9.633963e+00 6.676047e+00 -4.425567e-02 3.936503e+00 -1.260503e-01 -8.181191e-02 -5.869514e+00 -6.643316e+00 -6.151289e-02 2.448423e+00 1.738786e+01 1.076742e+00 2.097984e+00 5.789464e+00 -2.933722e-02 5.897326e+00 5.077133e+00 -5.202467e-02 -6.471943e+00 -5.958845e+00 -3.649836e-02 4.893876e+00 4.510091e+00 -5.168518e-02 1.921395e+00 -3.443762e+00 -3.187260e-02 9.473727e+00 8.398673e+00 -3.581228e-02 -4.394940e+00 -5.289569e+00 -4.992436e-02 1.948291e+00 -7.689967e+00 -4.629045e-02 5.478214e+00 -5.702209e+00 -5.372681e-02 2.538133e+00 -3.206861e-01 -5.712137e-02 5.700321e+00 8.756246e+00 -5.226823e-02 2.202047e+00 -1.597494e+00 -4.201217e-02 -9.901391e+00 -3.587385e+00 -4.391765e-02 -4.760141e+00 8.638361e+00 -3.604247e-02 -4.386461e+00 4.196858e-01 -5.880300e-02 -8.199205e+00 -8.969170e+00 -4.159458e-02 -7.044284e-01 4.218608e+00 -4.367987e-02 -9.908195e+00 -4.371585e+00 -1.068892e-01 2.195369e+00 2.794127e+00 -6.597868e-02 -4.469356e+00 4.754346e+00 -5.421946e-02 -4.100038e-01 1.801245e+01 2.941579e-01 6.371740e+00 -4.739368e+00 -6.203827e-02 4.889225e+00 1.054439e+01 -4.073619e-02 -2.571221e+00 5.760319e+00 -5.609237e-02 -6.306183e+00 8.238687e+00 -5.222434e-02 3.784231e+00 -3.986816e+00 -4.838036e-02 3.469727e+00 1.759611e+00 -5.070979e-02 -7.656290e+00 -5.696117e+00 -3.248934e-02 -9.735762e+00 -6.442113e+00 -5.760456e-02 1.877063e+00 -7.638175e+00 -3.468009e-02 1.545544e+00 -9.256738e+00 -3.056499e-01 -1.212669e+01 4.516810e+00 -8.003565e-02 -4.216913e+00 5.898949e+00 -6.556982e-02 1.439960e+00 9.316293e+00 -4.278649e-02 -5.724885e+00 -1.205120e+01 -3.972678e-02 2.102723e+00 -2.977916e+00 -5.318996e-02 5.422307e+00 -4.439652e+00 -9.518585e-02 -2.622838e+00 -5.870989e+00 -3.609290e-02 4.774696e+00 -4.070602e+00 -8.241963e-02 -2.083638e+00 4.062587e+00 -7.438254e-02 -4.045269e+00 5.933187e+00 -5.195101e-02 7.337978e+00 -5.810637e+00 -4.546655e-02 -8.836573e+00 6.185503e+00 -7.179552e-02 1.968577e+00 3.704878e+00 -4.420207e-02 -5.844862e+00 -5.537501e-01 -3.020578e-02 1.244051e+01 6.910420e+00 -3.576584e-02 1.095251e+01 -1.722553e+00 -4.483633e-02 -6.225852e+00 -3.722336e+00 -7.143146e-02 -2.319742e+00 -8.012108e-01 -5.234861e-02 5.235340e+00 1.988749e+00 -2.853710e-02 -1.046195e+01 1.875363e+01 6.316705e-01 -3.149768e-01 -1.878695e+00 -4.616462e-02 8.823410e+00 -9.740770e-01 -2.695066e-02 -9.754462e+00 8.125200e+00 -4.011419e-02 -6.155210e+00 -3.272421e+00 -3.626875e-02 1.047705e+01 -1.164153e+00 -7.080182e-02 -4.577432e+00 4.916436e-01 -3.531190e-02 1.045007e+01 -2.048095e-01 -6.998199e-02 -5.177604e+00 6.648987e+00 -3.845838e-02 -7.215032e+00 3.356880e+00 -4.217519e-02 7.119376e+00 2.793054e+00 -5.044134e-02 -7.140352e+00 3.646291e+00 -7.155851e-02 6.110775e+00 -6.098693e+00 -3.903824e-01 -1.406871e+01 5.810235e+00 -5.377878e-02 -5.953770e+00 2.124086e+00 -6.001055e-02 -4.031628e+00 4.402227e+00 -4.410818e-02 -5.468968e+00 -3.227296e+00 -6.132432e-02 5.748458e+00 -3.378954e+00 -6.817739e-02 6.251300e+00 4.772395e+00 -5.535880e-02 -3.654663e-01 -6.128249e+00 -3.978956e-02 5.465334e+00 5.638603e+00 -4.795901e-02 -5.423842e+00 4.463397e+00 -5.900133e-02 -1.634668e+00 5.005075e+00 -6.149352e-02 -1.968965e+00 1.581826e-01 -5.469313e-02 5.453756e+00 -3.216880e+00 -6.999966e-02 -2.762629e+00 6.655062e+00 -3.434071e-02 7.628094e+00 2.942512e+00 -3.804113e-02 -1.229373e+01 -4.180251e+00 -5.258453e-02 4.423454e+00 1.463441e+00 -2.669376e-02 -9.683099e+00 -8.540367e+00 -4.103012e-02 2.345106e+00 -8.975430e+00 -2.904404e-02 -5.106075e+00 -6.207667e+00 -4.270189e-02 -7.734347e+00 8.916835e+00 -5.207210e-02 2.051110e+00 -1.705736e+00 -5.779849e-02 6.108582e+00 -1.011768e+01 -2.952353e-02 -1.119433e+00 -6.467550e+00 -5.330601e-02 -1.220321e+00 6.294320e+00 -4.139974e-02 -2.751936e+00 1.988168e+00 -7.548095e-02 -5.490093e+00 -7.575584e+00 -4.283178e-02 4.795566e+00 2.879809e+00 -4.265519e-02 7.642489e+00 2.188289e-02 -3.946661e-02 7.826283e+00 -7.209359e+00 -3.849049e-02 8.908358e+00 1.614997e+00 -6.264237e-02 -4.235504e+00 -4.100977e+00 -3.797071e-02 6.684102e+00 1.957089e+00 -5.511540e-02 4.751425e+00 5.468139e+00 -3.794613e-02 4.250929e+00 -7.365685e+00 -6.051685e-02 -6.791977e-01 -4.548250e+00 -3.658371e-02 6.155375e+00 -5.662366e+00 -5.982574e-02 3.671260e+00 6.644135e+00 -5.488500e-02 -5.936219e+00 -3.682387e+00 -4.592819e-02 8.229971e+00 -2.163338e+00 -7.833800e-02 2.829213e+00 1.264231e+00 -6.355488e-02 -4.212706e+00 5.786199e-01 -8.367100e-02 -5.449152e+00 -5.091136e+00 -4.458080e-02 -2.202529e+00 1.239085e+01 -3.879119e-02 -4.354187e+00 5.566763e+00 -3.881866e-02 -3.333283e+00 5.696953e-01 -5.993805e-02 -4.527616e+00 8.523156e+00 -5.005236e-02 -1.145208e+00 7.356694e+00 -4.506973e-02 -1.450103e+00 -2.093683e+00 -1.524799e+00 -1.230138e+01 8.184586e-02 -6.402171e-02 6.712764e+00 4.796274e-01 -5.599358e-02 6.069264e+00 -4.565982e+00 -2.529146e-02 9.260397e+00 -7.226104e+00 -6.086459e-02 1.138422e+00 -1.385813e+00 -5.007643e-02 4.989086e+00 -8.679190e+00 -4.498924e-02 -5.440093e+00 -1.786192e+00 -3.826294e-02 1.340141e+01 4.952021e+00 -5.469147e-02 8.285782e-01 7.203414e-01 -5.500035e-02 5.654835e+00 -4.435676e+00 -3.640636e-02 6.193784e+00 -6.361498e+00 -6.166225e-02 -4.869573e+00 -6.440639e+00 -6.142776e-02 -4.776690e+00 -7.262141e+00 -4.394130e-02 5.461751e+00 -5.365747e+00 -5.266590e-02 2.934956e+00 4.578058e+00 -6.785768e-02 -3.007289e+00 -1.781878e+00 -4.533654e-02 -1.458093e+01 -1.799904e+00 -5.619252e-02 -7.463713e+00 -3.584360e+00 -6.633978e-02 6.387635e+00 3.461428e+00 -7.130206e-02 6.042004e+00 5.274710e+00 -7.707620e-02 -3.681678e+00 5.019950e+00 -6.627174e-02 2.540140e+00 -4.281112e+00 -4.004985e-02 7.058701e+00 -2.793585e+00 -4.696362e-02 4.707906e+00 -3.076019e+00 -5.883500e-02 -7.559726e+00 -9.424598e+00 -4.504600e-02 -4.178715e+00 5.147777e+00 -4.448444e-02 6.365571e+00 4.378821e+00 -4.118951e-02 1.098668e+01 1.071747e+01 -4.192033e-02 3.809602e+00 1.706358e+00 -4.846616e-02 8.794345e+00 -1.573322e+00 -5.067651e-02 5.547716e+00 -5.022656e+00 -8.505884e-02 -6.490258e-01 -3.095681e+00 -4.939784e-02 9.350564e+00 5.593719e+00 -7.553075e-02 -2.165115e+00 -6.317433e+00 -4.835441e-02 6.509528e-01 1.412521e+00 -3.142061e-02 9.700046e+00 -4.573167e+00 -5.404826e-02 4.309125e+00 8.066785e+00 -3.256532e-02 -3.590375e+00 -3.731664e+00 -3.493178e-02 -7.929401e+00 -9.442113e+00 -4.417274e-02 2.384523e+00 2.645638e+00 -6.072045e-02 -3.392505e+00 -1.525892e-02 -4.880127e-02 9.199299e+00 -4.058367e+00 -3.903291e-02 6.938850e+00 -7.902389e+00 -2.772625e-02 4.291948e+00 -3.407169e+00 -3.558907e-02 6.506265e+00 -3.506100e+00 -5.367816e-02 -7.035388e+00 2.369143e+00 -4.746528e-02 -7.150736e+00 8.604733e+00 -3.742657e-02 6.279780e+00 9.489070e+00 -1.576623e+00 -5.953167e+00 -6.263553e+00 -4.267502e-02 6.233682e+00 -3.334932e+00 -3.707162e-02 7.060929e+00 -4.932096e+00 -5.079089e-02 3.195818e+00 -4.368236e+00 -4.828963e-02 -5.469851e+00 3.521729e+00 -4.082398e-02 -5.414497e+00 9.165062e+00 -5.710616e-01 -1.250870e+01 3.168858e+00 -4.171167e-02 -5.648748e+00 -6.384313e+00 -3.240082e-02 1.127969e+01 -1.331295e+01 -1.523517e+00 7.942739e+00 2.582447e+00 -6.244617e-02 -3.597595e+00 1.148169e+01 -3.820737e-02 -6.105745e+00 1.025121e+01 -2.681598e-02 -3.531615e+00 2.284577e+00 -6.028045e-02 -4.210309e+00 -4.717257e+00 -8.535902e-02 3.955009e-01 4.063532e+00 -3.746725e-02 -1.192192e+01 6.658895e+00 -7.245702e-02 -1.352982e-02 1.803960e-01 -5.655074e-02 -8.272599e+00 -1.425900e+00 -3.437024e-02 -8.572549e+00 -4.854950e+00 -1.009374e-01 1.372755e+00 -4.097092e+00 -5.532220e-02 -6.512309e+00 -2.418755e+00 -6.497559e-02 7.078101e+00 -4.082326e+00 -7.993869e-02 -2.549976e+00 5.448029e+00 -4.341464e-02 -4.529596e+00 8.281127e-01 -6.440452e-02 -4.697383e+00 1.946517e+00 -6.252430e-02 -4.026304e+00 -1.583525e+01 -1.082512e+00 2.697436e+00 5.430748e+00 -4.064844e-02 -3.542256e+00 -1.710142e+00 -4.408600e-02 -6.182539e+00 7.102456e+00 -4.508388e-02 -2.390482e+00 -7.577181e+00 -4.083823e-02 4.658115e+00 2.048103e+00 -7.181427e-02 -4.581669e+00 1.100297e+00 -3.412118e-02 -8.885471e+00 -6.020061e+00 -5.699688e-02 -4.810403e+00 6.482488e+00 -7.004154e-02 7.778974e-01 -1.973488e+00 -3.547730e-02 6.678171e+00 1.961044e+00 -2.888396e-02 8.664915e+00 7.322168e-01 -4.771671e-02 9.369552e+00 7.093580e+00 -5.094530e-02 -4.029377e+00 -1.949019e+00 -4.791663e-02 -6.754061e+00 6.824475e+00 -4.059221e-02 2.343900e+00 -9.961020e+00 -4.535464e-02 -3.282474e-02 -1.378707e+00 -8.182650e-02 -5.324763e+00 -1.484857e+00 -3.127428e-02 9.868788e+00 -5.911923e+00 -4.191526e-02 -7.760690e+00 -3.456706e+00 -4.405517e-02 -5.162317e+00 -4.494457e+00 -9.596292e-02 2.200377e+00 2.193929e+00 -3.424542e-02 -8.656373e+00 -7.513512e+00 -6.243809e-02 -1.804340e+00 -4.244821e+00 -8.755568e-02 -2.132735e+00 -8.720383e+00 -3.970971e-02 -2.906676e+00 -1.017857e+01 -2.963130e-02 -4.537257e-01 -1.073681e+01 -3.947914e-02 6.470335e+00 7.410008e+00 -4.365760e-02 2.244248e+00 -4.888931e+00 -9.268153e-02 -1.182597e+00 -4.064775e+00 -4.638488e-02 -4.831165e+00 -2.756027e+00 -6.299746e-02 6.387324e+00 -5.150232e+00 -4.269950e-02 -8.733711e+00 -8.159403e-01 -6.125684e-02 6.689372e+00 4.758123e+00 -3.924188e-02 5.429935e+00 -8.941396e+00 -4.012753e-02 -1.984598e+00 -1.213369e+01 -3.948195e-02 -3.823415e+00 6.805290e+00 -4.916397e-02 5.687145e+00 -8.065693e+00 -3.454110e-02 -7.537478e-01 5.304379e+00 -6.357618e-02 -1.075997e+00 2.319929e+00 -4.147753e-02 -1.024757e+01 -5.904269e+00 -4.692880e-02 1.526240e+00 8.390316e+00 -5.083497e-02 4.567986e-02 -6.863004e+00 -3.811921e-02 1.336430e+01 5.087623e+00 -4.879660e-02 7.216263e+00 8.816025e+00 -5.146210e-02 -1.353652e+00 -9.852758e+00 -4.518500e-02 -2.119311e+00 8.574831e+00 -5.029153e-02 -1.537665e+00 5.255127e+00 -6.752305e-02 -1.775630e+00 -6.376882e+00 -5.225417e-02 -3.473580e+00 -1.496911e+00 -3.817575e-02 7.580150e+00 5.574548e+00 -4.131555e-02 5.697744e+00 -1.037541e+01 -3.894368e-02 -6.792257e+00 7.993772e+00 -3.055336e-02 -2.433500e+00 5.063323e+00 -4.484512e-02 1.414490e+01 -2.165797e+00 -5.132414e-02 5.273063e+00 -8.754741e+00 -3.866215e-02 1.297245e+00 5.904850e+00 -3.540156e-02 -7.228768e+00 -6.979926e-01 -5.603192e-02 -8.496066e+00 2.982302e+00 -5.807880e-02 -3.326191e+00 1.565528e+01 -7.531300e-01 1.085649e+00 -4.479903e+00 -9.760211e-02 2.117877e+00 1.120493e+01 -2.842090e-02 3.001688e+00 3.077614e-03 -5.379673e-02 -7.859151e+00 3.964101e-01 -6.279340e-02 6.660210e+00 -6.097820e+00 -5.937354e-02 -5.012865e+00 -6.775558e+00 -3.966421e-02 5.270899e+00 -6.937419e+00 -5.901439e-02 -2.602744e+00 5.184984e+00 -3.180392e-02 -6.985364e+00 1.048482e+01 -1.951486e-02 -3.197598e+00 -2.176234e+00 -5.957611e-02 5.925474e+00 4.931967e+00 -5.807984e-02 -1.973844e-02 -7.740899e+00 -3.875955e-02 -4.417145e+00 2.455601e+00 -5.635557e-02 -8.203663e+00 3.915246e+00 -5.983800e-02 3.949643e+00 -6.383621e+00 -5.492218e-02 1.707770e+00 -5.035372e+00 -5.644504e-02 4.063234e+00 4.696872e+00 -5.711972e-02 -1.375805e-01 4.062228e+00 -5.014748e-02 -6.643682e+00 6.308113e-01 -6.509197e-02 -5.016188e+00 6.612011e+00 -3.848291e-02 -2.911180e-01 4.605175e+00 -4.287586e-02 -9.810408e+00 7.279651e+00 -4.236674e-02 -4.066323e-01 8.803754e-01 -4.273757e-02 -1.049357e+01 9.746011e+00 -4.062078e-02 -4.531472e+00 1.217946e+00 -6.920165e-02 7.203777e+00 -1.547226e+00 -4.911309e-02 5.359335e+00 5.461298e+00 -4.394900e-02 -4.945495e+00 5.011158e+00 -7.075895e-02 4.779285e+00 7.087570e+00 -4.347244e-02 3.033174e+00 -1.091841e+00 -4.094851e-02 8.089066e+00 -8.600676e-03 -3.775773e-02 7.613019e+00 -1.065745e+00 -3.479282e-02 -8.856471e+00 -5.118145e+00 -4.447123e-02 -2.672598e+00 -3.833638e-02 -2.869756e-02 8.627670e+00 8.665061e+00 -5.282854e-02 3.456898e+00 2.899658e+00 -5.246614e-02 4.196068e+00 -3.768929e+00 -6.922754e-02 -2.050668e+00 -4.668419e+00 -8.752564e-02 1.627132e+00 -1.214591e+01 -4.132668e-02 7.164581e+00 7.365184e+00 -5.065093e-02 -4.035401e+00 2.041277e+00 -4.039416e-02 7.670763e+00 2.779654e+00 -7.940836e-02 -5.403147e+00 3.034195e+00 -4.653093e-02 -6.598123e+00 6.469994e-01 -6.581759e-02 -4.898726e+00 -7.581307e-02 -8.239517e-02 3.858867e+00 4.675271e+00 -7.174046e-02 4.462426e+00 -5.569622e+00 -5.236121e-02 3.171926e+00 -1.278738e+00 -7.755044e-02 -5.373320e+00 -2.676148e-01 -2.853876e-02 8.872608e+00 1.901646e+00 -7.836150e-02 -5.341529e+00 -4.982637e+00 -2.797373e-02 7.177484e+00 6.915383e+00 -4.295294e-02 3.649680e+00 -9.599052e+00 -4.517070e-02 -4.489567e+00 -4.603279e+00 -5.483455e-02 4.818718e+00 1.073265e+00 -5.478656e-02 -8.269098e+00 8.133636e+00 -4.896947e-02 -2.464596e+00 1.485460e+01 -3.397512e-02 2.071130e+00 4.570668e+00 -6.140368e-02 3.520728e+00 -4.373302e+00 -7.044662e-02 -1.754287e-01 -1.120208e+01 -4.111715e-02 -9.521872e+00 7.038671e-01 -3.623706e-02 7.167464e+00 -3.422915e+00 -6.434005e-02 6.266011e+00 5.139553e+00 -7.875812e-02 -3.309770e+00 -5.859654e+00 -4.773340e-02 -3.446128e+00 7.199241e+00 -5.017168e-02 5.521976e+00 6.538856e+00 -4.011510e-02 -1.196448e+00 9.672367e+00 -2.641233e-02 -4.543931e+00 5.280012e+00 -6.377866e-02 -1.511766e+00 -7.517615e+00 -6.361721e-02 1.778180e+00 -3.275992e+00 -4.328221e-02 -5.162535e+00 4.853583e+00 -5.442986e-02 2.174176e+00 1.357838e+01 -5.940873e-02 6.288231e+00 -3.059018e+00 -4.429916e-02 8.677197e+00 -3.776470e+00 -4.728301e-02 8.817530e+00 -2.572690e+00 -4.569637e-02 9.049747e+00 7.429419e-01 -4.783908e-02 9.080409e+00 1.915495e+00 -3.241503e-02 -8.228019e+00 -1.983864e+00 -4.466083e-02 -1.052949e+01 -6.900610e+00 -5.095143e-02 -6.322221e-01 -7.337933e+00 -6.053873e-02 -1.626082e+00 -5.553281e+00 -3.951342e-02 1.263041e+01 1.403120e+00 -3.843676e-02 -1.265894e+01 6.246664e-01 -5.774992e-02 5.824591e+00 -2.444366e+00 -3.653962e-02 7.091355e+00 -4.286533e+00 -4.717270e-02 3.398966e+00 4.766520e+00 -6.603955e-02 -2.200961e+00 6.203699e+00 -5.266974e-02 -5.718257e+00 -3.586808e+00 -4.022488e-02 1.148849e+01 -4.220551e+00 -4.087312e-02 7.451456e+00 2.517971e-01 -6.871831e-02 -4.757306e+00 8.415958e+00 -3.896784e-02 7.384720e+00 -7.633638e+00 -6.119334e-02 1.389799e+00 1.076824e+01 -3.139636e-02 -5.329958e+00 -3.826927e+00 -7.331448e-02 -2.076498e+00 -5.242558e+00 -5.992332e-02 5.101402e+00 -6.022931e+00 -4.522513e-02 -1.186626e+00 2.185230e+00 -5.092476e-02 9.427887e+00 -5.041983e+00 -5.596485e-02 -5.968254e+00 1.089662e+00 -7.857288e-02 3.405956e+00 -4.119978e+00 -8.139420e-02 -3.068398e+00 6.613050e-01 -4.858895e-02 -7.403945e+00 -6.708146e+00 -4.745588e-02 7.164992e+00 -3.582393e+00 -8.351087e-02 -4.524707e+00 2.896727e+00 -2.648985e-02 -9.350864e+00 -3.941556e+00 -8.674695e-02 1.691196e+00 3.708187e+00 -4.381397e-02 -5.945471e+00 -3.206690e+00 -5.001897e-02 -6.426969e+00 8.007751e+00 -5.102053e-02 -2.463182e+00 -1.859140e+00 -5.481741e-02 5.759071e+00 6.832469e+00 -4.528863e-02 -3.392020e+00 5.597690e+00 -6.934164e-02 2.817833e+00 5.218016e+00 -2.921099e-02 7.122135e+00 1.215744e+00 -4.260377e-02 -6.392066e+00 -4.045070e-01 -6.695063e-02 7.172083e+00 -6.526845e+00 -3.328396e-02 -5.009049e+00 -1.025564e+00 -4.062735e-02 1.212118e+01 4.485460e+00 -4.936209e-02 -6.192043e+00 6.393732e+00 -3.493848e-02 -1.050692e+01 -5.962797e-01 -7.351501e-02 -4.743869e+00 -6.407341e+00 -3.360562e-02 3.363893e+00 -7.768841e+00 -3.573896e-02 2.177399e+00 -4.182798e+00 -6.483409e-02 5.921237e+00 5.521358e+00 -3.852753e-02 4.240964e+00 4.833767e+00 -7.325672e-02 -3.453174e+00 -5.679212e+00 -5.958505e-02 4.658563e+00 -6.556119e+00 -5.935407e-02 -4.711176e+00 -2.081558e+00 -4.073387e-02 7.933185e+00 -2.785958e+00 -3.547228e-02 6.772496e+00 -4.750745e+00 -8.738525e-02 -2.715071e+00 4.414816e+00 -2.999474e-02 8.056791e+00 9.447623e-01 -6.744911e-02 7.335747e+00 3.633092e+00 -4.014211e-02 7.177144e+00 -3.627192e+00 -7.599489e-02 -3.292867e+00 -8.352563e+00 -4.831819e-02 5.618325e+00 -2.153258e+00 -6.185338e-02 6.319118e+00 1.474189e+01 -5.940660e-02 2.491237e+00 -6.132786e+00 -5.181126e-02 1.545754e+00 3.046137e+00 -5.900611e-02 -3.907787e+00 -2.297583e+00 -5.258651e-02 -7.559610e+00 3.668096e+00 -4.011900e-02 6.904027e+00 8.139632e+00 -4.816850e-02 2.802657e+00 -1.000835e+01 -3.780577e-02 -7.256248e+00 6.100542e+00 -7.596045e-02 -1.619086e+00 -1.321961e+01 -1.206486e+00 -9.391915e+00 -2.243044e+00 -4.679246e-02 5.024487e+00 -6.801446e+00 -5.854236e-02 1.591003e+00 -3.874074e+00 -7.353764e-02 -4.380291e-01 4.184634e+00 -6.042462e-02 -3.078474e+00 -5.220462e+00 -5.333051e-02 -5.395912e+00 5.741767e+00 -7.107485e-02 2.237505e+00 4.328928e+00 -7.494373e-02 -4.178102e+00 9.547180e+00 -3.298047e-02 5.957999e-01 3.781726e+00 -5.984000e-02 4.681463e+00 -3.848975e+00 -8.389605e-02 2.345165e+00 -2.766574e+00 -4.796140e-02 4.625029e+00 4.652098e+00 -6.372809e-02 4.735524e+00 -4.639861e+00 -4.834101e-02 -4.750024e+00 -2.549813e+00 -4.240724e-02 -5.881705e+00 -4.874790e+00 -6.624725e-02 5.605443e+00 3.336866e+00 -6.708877e-02 5.722948e+00 2.669966e-01 -3.963442e-02 1.182381e+01 7.381642e-01 -6.175607e-02 6.131341e+00 2.065059e+00 -6.815784e-02 -4.470077e+00 2.779015e+00 -3.735888e-02 -9.221721e+00 1.183574e+00 -7.711492e-02 -5.552590e+00 5.637843e+00 -9.579836e-01 1.488403e+01 4.765235e+00 -4.097250e-02 -9.521321e+00 -1.251542e+01 -2.670461e-02 -1.758316e+00 5.812764e+00 -6.414221e-02 1.359997e-01 2.431495e+00 -8.110460e-02 -5.518085e+00 1.459207e+00 -7.470482e-02 -5.021423e+00 -1.409479e+01 -3.888426e-01 -6.034543e+00 5.434133e+00 -6.517100e-02 2.370858e+00 8.771246e+00 -3.377562e-02 -3.521670e+00 -2.594201e+00 -4.392463e-02 -5.756669e+00 4.264732e-01 -4.447065e-02 -6.508506e+00 -3.078907e+00 -7.316104e-02 -3.525871e+00 7.912508e+00 -4.894560e-02 4.061730e+00 6.321059e+00 -6.915469e-02 -3.852831e-01 3.423997e+00 -2.133643e-02 -1.167089e+01 -4.064133e+00 -4.307969e-02 8.079418e+00 -4.359970e+00 -5.611091e-02 -6.772348e+00 4.557759e+00 -8.077706e-02 -4.088355e+00 8.736329e+00 -5.255642e-02 -2.094753e+00 -1.912776e+00 -7.864084e-02 -4.838562e+00 8.037596e+00 -3.697940e-02 7.127226e+00 6.294528e+00 -3.776694e-02 2.674136e+00 -6.534379e+00 -4.055202e-02 5.770046e+00 -6.918516e-01 -8.328452e-02 -5.420783e+00 7.829363e+00 -4.099069e-02 8.610883e+00 -1.116066e+01 -4.156899e-02 8.680921e+00 6.031606e+00 -7.119603e-02 2.052761e-02 1.336051e+00 -4.226733e-02 -6.288982e+00 3.402378e+00 -6.200685e-02 5.738189e+00 4.488916e+00 -3.936367e-02 -4.470725e+00 5.202248e+00 -7.791483e-02 -3.471621e+00 -4.650542e+00 -4.832693e-02 -4.745063e+00 7.658772e+00 -4.970759e-02 -3.736986e+00 -3.811965e+00 -7.066442e-02 -1.632317e+00 5.240828e-01 -5.850472e-02 6.382775e+00 -9.294460e+00 -4.713942e-02 4.207397e+00 5.017987e+00 -7.591113e-02 -3.350748e+00 1.126717e+01 -4.145792e-02 2.599384e+00 -1.156156e+00 -3.179947e-02 -1.156832e+01 -2.198273e+00 -6.764472e-02 -3.926893e+00 2.425082e+00 -5.270129e-02 5.213482e+00 4.828838e+00 -6.682067e-02 -3.354822e+00 5.847665e+00 -5.357632e-02 -6.415720e+00 -1.020973e+01 -4.607680e-02 2.450849e-01 4.771417e+00 -5.252629e-02 -6.797921e-01 5.154053e+00 -3.948467e-02 1.308410e+01 -1.328603e+00 -7.332309e-02 -4.449256e+00 -6.670216e+00 -5.394452e-02 -2.140209e+00 -3.121664e+00 -3.166009e-02 -7.254082e+00 8.528430e+00 -2.012869e-02 -9.103192e+00 -5.362361e+00 -5.522947e-02 3.938378e+00 -6.482350e+00 -3.977370e-02 1.019265e+01 -2.733272e+00 -6.883816e-02 -3.485724e+00 6.605439e+00 -3.859589e-02 -1.084217e+00 6.924698e-01 -4.003062e-02 8.238182e+00 -1.380365e+01 -3.725052e-01 -6.638797e+00 2.760571e+00 -6.799626e-02 6.620872e+00 1.560778e+00 -3.297364e-02 -8.750037e+00 -1.199193e+00 -4.432565e-02 -1.094621e+01 6.236722e+00 -7.812490e-02 -8.980731e-01 -1.801454e+00 -6.060751e-02 6.442322e+00 1.245287e+00 -5.503636e-02 5.757270e+00 9.801589e+00 -6.637411e-01 -1.213637e+01 2.403954e-01 -4.445086e-02 -7.100726e+00 1.529627e+00 -3.915670e-02 1.410726e+01 1.282896e+00 -5.361962e-02 5.474076e+00 6.744945e+00 -4.609774e-02 -4.267482e+00 1.521181e+00 -6.088260e-02 -4.692344e+00 -1.098912e+01 -4.530223e-02 -9.506839e+00 -7.264602e+00 -2.260849e-02 -9.218196e+00 -5.362691e-01 -3.922530e-02 1.371170e+01 8.027586e-01 -5.598730e-02 -8.449286e+00 1.260270e+00 -5.147186e-02 -7.891218e+00 -5.755541e+00 -5.081556e-02 2.216170e+00 -9.261330e+00 -1.679154e+00 7.300443e+00 2.839621e+00 -6.391777e-02 5.735795e+00 1.032686e+01 -3.562801e-02 2.443457e-01 -7.495700e+00 -4.605199e-02 -1.251200e+01 -4.102076e+00 -4.457180e-02 8.482152e+00 3.638206e+00 -4.468190e-02 7.765018e+00 5.849225e+00 -6.708475e-02 -1.176021e+00 -1.843485e+00 -7.033798e-02 -4.561753e+00 -2.435264e-02 -4.569507e-02 9.408965e+00 9.870985e-01 -6.617188e-02 -4.990166e+00 1.066164e+00 -6.514099e-02 7.236147e+00 3.667150e+00 -5.584307e-02 4.124006e+00 3.641981e+00 -4.819906e-02 -7.019606e+00 5.143893e+00 -5.188766e-02 -6.690975e+00 -5.933307e+00 -4.037608e-02 -8.049932e+00 -4.238190e+00 -8.603272e-02 -4.140048e+00 -6.668851e+00 -5.361860e-02 -3.469557e+00 -2.513750e+00 -3.902426e-02 -1.280944e+01 -5.371304e+00 -4.468703e-02 1.467396e+00 -1.389468e+01 -1.679041e+00 4.540981e-01 3.780121e+00 -7.380290e-02 -4.390282e+00 1.710156e+00 -4.852947e-02 4.974914e+00 1.104987e+01 -4.168044e-02 -2.012514e+00 -6.391205e-01 -6.394330e-02 6.656794e+00 8.271059e+00 -4.739822e-02 2.908893e+00 1.151048e-02 -5.127234e-02 5.405264e+00 6.770066e+00 -2.079302e+00 -1.504776e+01 2.777157e+00 -3.594283e-02 6.236818e+00 8.197232e+00 -4.698999e-02 -3.676942e-02 4.637336e+00 -5.560326e-02 2.760354e+00 -6.906805e+00 -5.385219e-02 1.430409e+00 -7.457254e+00 -6.384690e-02 1.937698e+00 5.582008e+00 -1.536225e+00 -9.210905e+00 3.381947e+00 -6.978589e-02 6.478394e+00 -6.199782e+00 -4.806490e-02 6.661650e-02 2.896645e+00 -4.877990e-02 8.999601e+00 4.136048e+00 -3.138100e-02 8.826103e+00 -3.973742e+00 -5.231265e-02 4.815560e+00 -5.970739e+00 -6.288283e-02 5.120905e+00 5.117451e+00 -4.930106e-02 -6.263618e+00 -6.943429e+00 -5.849534e-02 1.886679e+00 -5.070198e+00 -4.272176e-02 -2.848243e+00 2.894775e-01 -5.206564e-02 5.485571e+00 6.269664e+00 -3.834030e-02 -2.495430e+00 -4.384044e-01 -4.271187e-02 8.693395e+00 1.667717e+00 -5.289850e-02 5.341890e+00 -7.426651e+00 -4.385320e-02 5.880253e+00 6.467649e+00 -2.161396e+00 -1.500150e+01 2.211210e+00 -3.468839e-02 -1.478989e+01 -5.955568e+00 -4.524174e-02 -1.012695e+00 5.682086e+00 -6.057464e-02 -2.182623e-01 -3.809736e+00 -4.114089e-02 7.775841e+00 -5.282905e+00 -5.703899e-02 -6.474442e+00 2.079774e+00 -3.800766e-02 7.255831e+00 6.162146e+00 -3.895931e-02 -8.458759e+00 -8.000421e+00 -6.141214e-02 -8.264050e-01 -1.150290e+01 -3.924200e-02 -5.231106e+00 -6.402903e+00 -4.809849e-02 -3.353080e-01 -6.715979e+00 -4.406555e-02 -8.181911e+00 7.728652e+00 -2.989268e-02 -3.116663e+00 2.733251e+00 -5.208632e-02 -8.000782e+00 -4.703379e+00 -5.281200e-02 -5.522855e+00 -2.489988e+00 -7.064944e-02 -4.467942e+00 -7.831836e+00 -6.146051e-02 -1.860327e+00 3.956369e+00 -6.262087e-02 -3.761164e+00 4.153609e+00 -3.617160e-02 5.387248e+00 1.266609e+00 -7.252999e-02 -5.295225e+00 -2.741516e+00 -6.378753e-02 6.717185e+00 3.433851e+00 -4.169279e-02 7.468128e+00 3.899821e+00 -5.927478e-02 4.638543e+00 5.845340e+00 -5.304388e-02 -6.051485e+00 -3.717628e+00 -6.803166e-02 -8.998314e-01 6.592645e+00 -3.914522e-02 -1.397255e+00 -6.654507e+00 -5.654756e-02 1.936601e+00 5.600112e+00 -3.265411e-02 -1.073104e+01 2.643495e+00 -4.775352e-02 8.899971e+00 -2.141592e+00 -4.797758e-02 5.027842e+00 6.283533e+00 -7.056332e-02 1.424485e+00 5.121076e+00 -6.798407e-02 4.356542e+00 6.795737e+00 -2.955104e-02 -4.448524e+00 -8.940551e+00 -4.281709e-02 -5.000811e+00 6.675550e+00 -4.085372e-02 -3.028064e+00 1.090819e+01 -3.918870e-02 1.283617e+00 -1.108055e+01 -3.229549e-02 -5.530413e-01 -4.490005e+00 -3.807906e-02 1.082713e+01 -6.590244e+00 -6.089935e-02 3.262415e+00 -7.466840e+00 -4.584769e-02 6.318477e+00 -7.063509e+00 -5.932808e-02 -3.842759e+00 -6.349550e+00 -5.369053e-02 -3.860776e+00 9.263238e+00 -5.292444e-02 -1.944087e-02 -7.633908e+00 -3.402939e-02 -3.082340e+00 7.924553e+00 -4.998279e-02 4.557053e+00 4.698525e+00 -5.758654e-02 -1.459627e+00 -9.960085e+00 -3.913925e-02 -1.003365e+01 -3.578255e+00 -4.969703e-02 5.015367e+00 -2.007071e+00 -3.574657e-02 -9.040723e+00 -7.779470e+00 -6.061385e-02 9.581509e-01 6.453963e+00 -3.817267e-02 -6.532069e-01 -1.222913e+00 -6.148498e-02 -4.014296e+00 -6.829108e+00 -5.423398e-02 2.083634e+00 5.900700e+00 -4.939856e-02 -6.017208e+00 2.368923e+00 -5.192747e-02 -7.483547e+00 -7.173778e+00 -5.757333e-02 -3.010832e+00 -6.086450e+00 -4.669195e-02 1.241998e+00 -1.903949e+00 -4.238455e-02 -5.849674e+00 -5.337111e+00 1.681231e-01 -1.042264e+01 -1.103463e+01 -1.707932e+00 -1.091304e+01 -5.558554e+00 -5.116646e-02 2.750556e+00 3.078884e-01 -6.180446e-02 -4.410365e+00 7.550791e+00 -4.017854e-02 9.028475e+00 -7.597143e+00 -3.392588e-02 8.038416e+00 6.745595e+00 -3.889491e-02 1.556280e+00 3.117671e+00 -9.900672e-01 1.564687e+01 -3.391222e+00 -5.895240e-02 5.706041e+00 8.905994e+00 -3.823752e-02 1.015873e+01 -5.182386e-01 -5.753208e-02 6.624429e+00 -1.025364e+00 -3.496999e-02 7.152248e+00 5.590881e-01 -4.256577e-02 -6.466209e+00 8.312618e+00 -1.984825e+00 -1.388262e+01 -1.238974e+00 -8.418103e-02 -5.690127e+00 3.478284e+00 -1.099162e-01 2.481739e+00 -1.836562e+00 -3.976106e-02 8.101790e+00 3.967310e+00 -6.015919e-02 4.620329e+00 4.955569e+00 -5.557120e-02 2.771240e+00 9.749525e+00 -3.361416e-02 -1.179001e+00 4.890806e+00 -6.076985e-02 -1.230899e+00 -7.717834e+00 -6.042990e-02 1.010156e+00 -1.044725e+01 -4.576868e-02 -1.299006e+00 5.538608e+00 -6.456391e-02 3.074895e+00 1.289306e+01 -3.508579e-02 7.065939e-01 3.195105e+00 -6.317680e-02 6.068721e+00 -5.649086e+00 -4.250241e-02 -1.514952e+00 3.849559e+00 -6.675341e-02 5.654815e+00 -4.073670e+00 -5.317114e-02 -6.899336e+00 -6.685021e+00 -5.562397e-02 -4.274574e+00 9.172612e-01 -4.077304e-02 8.223881e+00 5.755643e+00 -6.907619e-02 3.142110e+00 6.606999e+00 -7.591498e-02 -1.933641e-01 3.279484e+00 -6.872642e-02 -4.106240e+00 1.303322e+00 -4.181970e-02 -1.061066e+01 -5.250190e-01 -5.610026e-02 6.178741e+00 -1.175505e+01 -3.517518e-02 3.438279e-01 2.962697e+00 -6.490615e-02 6.012824e+00 5.616457e+00 -6.760160e-01 -1.456745e+01 4.632946e+00 -6.273758e-02 3.677760e+00 1.021469e+01 -1.595479e+00 -6.475582e+00 1.088087e+01 -3.903446e-02 -8.400075e-01 9.035329e+00 -5.285236e-02 -1.674750e+00 1.906199e+00 -6.437431e-02 -4.654894e+00 -6.799263e+00 -4.891913e-02 1.084978e-01 1.114101e+00 -1.010563e-01 4.033409e+00 3.203436e-01 -4.623516e-02 9.274618e+00 4.722224e+00 -4.380263e-02 6.839536e+00 -1.019230e+00 -5.513975e-02 5.945458e+00 -9.175070e+00 -3.993374e-02 -2.545564e+00 -4.016436e-01 -4.174890e-02 8.842589e+00 -6.582615e+00 -4.909176e-02 1.067438e+00 3.092075e+00 -6.318431e-02 -4.491690e+00 7.093076e+00 -4.488586e-02 5.103283e+00 -4.647917e+00 -4.503267e-02 -4.466983e+00 -7.369541e+00 -3.500904e-02 -1.187224e+01 5.797624e+00 -6.533241e-02 -6.880054e-02 -6.063280e+00 -5.069005e-02 -4.114699e+00 1.157989e+01 -4.211575e-02 -1.070337e+00 -4.181873e+00 -9.357961e-02 3.406586e+00 1.373563e+00 -6.966715e-02 -5.219261e+00 -6.440856e+00 -3.399403e-02 -5.245257e+00 -5.361076e+00 -3.363837e-02 -6.640614e+00 -3.086680e+00 -2.650433e-02 -9.030960e+00 -5.156532e+00 -4.938606e-02 3.108681e+00 6.423012e+00 -3.996510e-02 4.117853e+00 -6.837301e+00 -5.030582e-02 -2.080248e+00 -6.111530e+00 -5.855342e-02 -5.586533e+00 -7.038683e+00 -5.826292e-02 3.098662e+00 -3.235576e+00 -4.637087e-02 -6.422708e+00 4.923137e+00 -6.990639e-02 4.428925e+00 1.161144e+01 -4.147033e-02 1.918713e+00 -5.266918e+00 -2.688683e-02 -8.726864e+00 4.072305e+00 -3.892111e-02 -5.058427e+00 3.693358e+00 -5.870376e-02 -2.682875e+00 4.524595e-01 -5.343771e-02 -8.093554e+00 -3.439230e+00 -8.410429e-02 -4.768177e+00 -4.183380e+00 -7.701238e-02 -3.355094e+00 2.162485e+00 -6.051278e-02 5.812911e+00 -5.326691e+00 -8.614874e-02 -1.323555e+00 -3.818429e+00 -7.533909e-02 -2.521394e+00 8.926283e+00 -3.629572e-02 -4.593275e+00 -1.056378e+01 -4.727256e-02 -1.017185e+01 -1.207562e+01 -2.753215e-02 -5.231040e+00 -1.131272e+01 -2.321244e+00 1.179885e+01 -5.456132e+00 -5.494785e-02 -5.411016e+00 -9.944857e+00 -4.485721e-02 -3.369115e+00 -1.027372e+01 -2.848967e-02 -1.789532e+00 1.952210e+00 -3.632612e-02 -1.248670e+01 -5.130222e+00 -4.802677e-02 2.737377e+00 -2.660982e+00 -7.801288e-02 2.990682e+00 -1.162827e+00 -5.169090e-02 -7.459095e+00 -1.542124e+00 -5.076507e-02 5.433576e+00 1.015329e+01 -3.250523e-02 -7.051302e+00 -8.974798e+00 -4.520394e-02 4.743034e+00 2.013300e+00 -4.737507e-02 -7.074386e+00 -4.558886e+00 -8.407434e-02 -2.672766e+00 4.741264e+00 -4.866779e-02 -6.393088e+00 -4.454336e+00 -5.477797e-02 -6.370309e+00 -3.075348e+00 -4.183158e-02 -5.536327e+00 2.576283e+00 -6.065707e-02 -4.075375e+00 7.282745e+00 -4.181334e-02 -1.503494e+00 -3.862728e+00 -3.853801e-02 -9.111569e+00 -1.811378e+00 -4.254258e-02 -6.405219e+00 -3.329128e+00 -3.151713e-02 -7.149765e+00 -8.925998e+00 -3.912624e-02 -2.687305e+00 1.048838e+00 -3.708301e-02 -9.859745e+00 -1.289628e+01 -2.748251e-02 -8.651249e-01 1.746325e+00 -5.801441e-02 -4.497313e+00 -3.972947e+00 -7.130981e-02 -2.534455e+00 8.696533e-01 -3.572103e-02 1.333012e+01 -5.839411e+00 -2.797046e-02 7.622281e+00 -4.955413e+00 -8.974826e-02 -9.892886e-01 6.222617e-02 -4.407738e-02 -6.799961e+00 -2.990532e-01 -6.289993e-02 -4.899442e+00 -1.039199e+01 -2.255619e-02 -6.053885e+00 -4.572955e+00 -4.233557e-02 7.827821e+00 1.469622e+01 -6.218973e-02 -3.007114e+00 -6.204635e+00 -4.831271e-02 6.348041e-01 -7.955620e+00 -4.054267e-02 1.153740e+01 -5.987203e+00 -4.606577e-02 -4.253353e-01 -2.086477e+00 -4.618513e-02 9.495244e+00 1.723310e+00 -5.372157e-02 5.325376e+00 -1.347526e+01 -4.190037e-02 5.462608e+00 -4.252788e-01 -3.693436e-02 -9.653863e+00 4.045346e+00 -3.602764e-02 1.269452e+01 -8.936892e-01 -8.857206e-02 4.429132e+00 5.370978e+00 -3.894978e-02 -1.225548e+01 6.072465e+00 -6.828441e-02 1.126695e+00 6.181928e+00 -4.329064e-02 -4.167162e+00 -4.729689e-01 -6.893864e-02 -5.001671e+00 4.738599e+00 -5.395102e-02 -9.527653e-01 5.729694e+00 -6.766100e-02 3.733099e+00 -4.761593e-01 -5.289010e-02 5.726922e+00 4.419935e+00 -5.089581e-02 3.027173e+00 2.069940e+00 -3.938267e-02 -5.953535e+00 -5.537966e+00 -2.661508e-02 -7.809447e+00 -5.741378e+00 -1.796121e+00 1.266218e+01 -1.539801e+00 -5.567519e-02 6.103216e+00 -9.500690e+00 -4.127759e-02 -2.805248e+00 -3.921229e+00 -6.368477e-02 6.139288e+00 -6.071670e+00 -4.635065e-02 -9.276971e-01 5.023435e+00 -6.599949e-02 4.468257e+00 5.215723e+00 -5.686437e-02 1.025458e+00 5.536019e+00 -5.444293e-02 -6.995120e+00 -7.541437e+00 -5.762049e-02 -3.541661e-01 -5.469534e+00 -5.570680e-02 -5.882607e+00 5.717636e+00 -6.443155e-02 2.698023e+00 -1.001431e+00 -6.900559e-02 -4.888013e+00 6.718327e+00 -6.868140e-02 1.326559e-01 4.868421e+00 -7.811510e-02 -4.287261e+00 7.910316e+00 -5.079070e-02 5.378759e+00 5.320488e+00 -5.659930e-02 1.179863e+00 6.344377e+00 -7.240155e-02 1.103833e+00 5.585155e+00 -3.962702e-02 -4.288276e+00 8.368047e+00 -2.885338e-02 1.571910e+00 -1.885366e+00 -3.631870e-02 -9.367145e+00 -1.533687e+01 -4.126738e-01 7.361039e-01 6.763845e+00 -3.554395e-02 -1.064615e+01 3.655130e+00 -5.677058e-02 -2.941160e+00 -1.087346e+00 -3.692913e-02 7.743762e+00 -7.499944e+00 -6.068743e-02 -2.493344e+00 -3.635353e+00 -5.283452e-02 -6.675678e+00 -4.974108e+00 -8.165327e-02 -1.744825e+00 -5.720170e+00 -3.544410e-02 9.936292e+00 -6.171654e+00 -5.725672e-02 3.528060e+00 4.797602e+00 -7.323979e-02 -4.361723e+00 5.701802e+00 -7.581636e-02 -2.964293e+00 6.532469e+00 -6.698362e-02 1.650201e+00 1.447058e+01 -2.076524e-02 3.971027e+00 -4.140350e+00 -7.663034e-02 1.724737e-01 -5.541659e+00 -4.231730e-02 -2.572475e+00 -4.295547e+00 -8.272233e-02 9.600897e-01 3.827455e+00 -3.815724e-02 -1.238102e+01 8.217801e+00 -2.926410e-02 1.234918e+00 -7.683419e+00 -4.347069e-02 -7.017699e+00 7.292042e+00 -3.987243e-02 2.748454e+00 -4.895439e+00 -3.096288e-02 -1.051287e+01 -3.030741e+00 -4.877642e-02 5.054290e+00 -5.918662e+00 -4.074143e-02 6.803607e+00 1.405548e+00 -3.091581e-02 -8.071391e+00 7.430717e+00 -5.034999e-02 5.584094e+00 2.558794e+00 -8.281370e-02 -5.562594e+00 -6.390692e+00 -5.538168e-02 -4.964568e+00 2.303272e+00 -4.867913e-02 4.657862e+00 3.479632e+00 -5.730199e-02 4.714905e+00 -5.592681e+00 -6.059124e-02 5.034071e+00 8.446823e+00 -2.976616e-02 2.872105e+00 -7.732775e+00 -6.383519e-02 1.372363e+00 -4.929772e+00 -3.281005e-02 5.428007e+00 1.297045e+01 -3.842789e-02 3.412014e+00 -4.207939e+00 -5.564199e-02 5.091130e+00 5.253260e+00 -7.263841e-02 -3.202085e+00 -9.622497e+00 -4.335042e-02 -3.237555e+00 -1.101325e+01 -3.112938e-02 -2.649932e-01 -1.953802e+00 -5.634275e-02 -8.341995e+00 4.568428e+00 -3.960168e-02 -4.492145e+00 -1.077766e+00 -5.169085e-02 -7.639454e+00 -1.074937e+00 -5.873980e-02 6.385491e+00 -9.379440e+00 -2.879751e-02 -5.423172e+00 9.743818e+00 -3.426152e-02 -2.424213e+00 4.173253e+00 -5.966464e-02 -2.210564e+00 -6.423049e+00 -5.019671e-02 -2.924176e+00 -6.089913e+00 -4.735454e-02 -2.023384e+00 -6.671605e+00 -4.992983e-02 -1.813770e+00 -3.735919e+00 -3.309747e-02 -7.826714e+00 -4.375564e+00 -7.387798e-02 -6.138962e-01 5.014915e+00 -3.905873e-02 -4.273646e+00 -3.272977e+00 -2.777719e-02 1.216136e+01 -6.438209e+00 -4.571392e-02 -6.277555e-02 1.374375e+00 -3.787076e-02 1.151746e+01 5.287006e+00 -6.073474e-02 2.931086e+00 -2.603261e+00 -4.442757e-02 9.146068e+00 1.631486e+00 -3.258022e-02 -1.203024e+01 -7.166468e+00 -3.288113e-02 -4.391708e+00 -3.472273e+00 -4.406498e-02 -5.400578e+00 6.281326e+00 -7.282715e-02 -2.178132e-01 1.171632e+00 -4.050557e-02 8.250591e+00 4.463314e+00 -6.385741e-02 -3.333477e+00 -7.945776e+00 -4.063711e-02 -5.972504e+00 4.467463e+00 -5.555922e-02 -2.541489e+00 -8.558592e-01 -3.595943e-02 7.637500e+00 -4.923985e+00 -5.275767e-02 4.318719e+00 8.118300e+00 -3.376852e-02 -5.308804e+00 -3.954552e+00 -6.826225e-02 7.073899e-02 -5.047432e+00 -5.505548e-02 -6.555057e+00 1.578462e+01 -8.587051e-01 -8.310390e-01 -2.802988e+00 -6.894250e-02 2.651652e+00 -1.200724e+01 -2.822304e-02 -5.823175e+00 2.747744e+00 -3.776528e-02 7.475546e+00 -3.792681e+00 -8.121003e-02 -4.278651e+00 -9.951783e+00 -2.741374e-02 -1.861762e+00 -1.128411e+01 -1.178753e+00 1.159759e+01 -1.886721e+00 -3.365237e-02 1.083750e+01 -5.182786e+00 -8.650915e-02 -1.119578e+00 1.354535e+01 -3.930092e-02 -6.476386e+00 -4.164969e+00 -9.687077e-02 3.268329e+00 5.242755e+00 -6.444739e-02 3.327996e+00 1.065215e+01 -3.809166e-02 2.930077e+00 -3.887382e+00 -4.815665e-02 3.992532e+00 6.455977e+00 -7.339583e-02 -1.565271e+00 -3.173360e-01 -8.211970e-02 -5.545827e+00 -6.792888e+00 -3.194098e-02 -3.717880e+00 7.738277e+00 -4.066398e-02 9.103999e+00 3.840124e+00 -5.302682e-02 -7.638724e+00 7.582652e+00 -4.882092e-02 -3.926274e+00 1.254489e+01 -1.999376e+00 6.787226e+00 -5.044066e+00 -4.237829e-02 -3.773482e+00 -7.551023e+00 -4.264447e-02 5.805583e+00 3.244697e-01 -4.227008e-02 -1.110108e+01 6.901549e+00 -4.175256e-02 -2.434508e+00 5.535345e+00 -5.042664e-02 -6.218741e+00 -4.364924e+00 -8.412903e-02 -4.038375e+00 6.280360e+00 -6.367007e-02 -1.498554e-01 -7.303891e+00 -5.874128e-02 1.597486e+00 6.498229e+00 -4.659902e-02 6.377290e+00 5.138534e+00 -6.291883e-02 -1.643788e+00 -5.539902e-01 -6.678282e-02 7.307945e+00 2.341598e+00 -5.260209e-02 -7.955695e+00 -1.343116e+00 -6.601495e-02 7.246923e+00 -1.026878e+01 -4.371962e-02 8.299204e-01 3.480442e+00 -5.986981e-02 -3.689479e+00 -1.796605e+00 -4.955120e-02 -7.280879e+00 2.072113e+00 -5.799136e-02 6.239686e+00 6.352776e+00 -6.950556e-02 -8.599045e-01 9.222483e+00 -4.988686e-02 -4.146930e-01 -3.392458e+00 -8.354364e-02 -4.816666e+00 8.898945e+00 -4.998529e-02 2.857321e+00 -7.786158e+00 -3.919939e-02 9.615964e+00 3.608636e+00 -5.686169e-02 4.794993e+00 -4.136785e+00 -5.772882e-02 -7.187848e+00 -1.092203e+01 -3.026748e-02 -1.999158e+00 1.342260e+01 -3.954153e-02 -2.661700e+00 6.551457e+00 -3.755882e-02 3.577161e+00 -1.207782e+00 -4.698632e-02 5.375638e+00 -7.016816e+00 -4.592836e-02 7.098044e+00 1.838029e-01 -5.174332e-02 -8.198565e+00 9.845930e-01 -4.912325e-02 -7.748558e+00 6.118209e+00 -2.821213e-02 5.942394e+00 5.026939e+00 -3.953848e-02 5.779218e+00 6.338773e+00 -3.819008e-02 9.491330e+00 -4.679226e+00 -4.662161e-02 9.101559e+00 2.501802e+00 -3.986785e-02 1.196524e+01 4.583221e+00 -6.242054e-02 4.356983e+00 2.710184e+00 -3.558369e-02 6.660293e+00 2.745062e+00 -5.483064e-02 5.293782e+00 2.959297e+00 -3.627246e-02 -1.234841e+01 -4.870313e+00 -8.886422e-02 -2.526387e+00 8.463236e+00 -3.294739e-02 -9.033591e+00 9.347473e+00 -5.229915e-02 -7.342369e-01 -5.624116e+00 -4.534696e-02 -3.134120e+00 2.432390e+00 -4.208330e-02 8.489208e+00 3.348604e+00 -3.713369e-02 7.032159e+00 4.600840e+00 -5.794171e-02 -1.821366e+00 -4.964036e+00 -2.432383e-01 1.436656e+01 -7.911446e+00 -5.854152e-02 -9.016533e-01 -2.420915e+00 -4.316432e-02 -6.088383e+00 -8.791048e+00 -2.381756e-02 -9.386934e+00 1.177171e+00 -3.831920e-02 -1.301484e+01 6.888394e-01 -4.035830e-02 -6.224861e+00 -8.504935e+00 -4.291423e-02 -6.044446e+00 -1.181503e+01 -3.460682e-02 2.115347e-01 5.328794e+00 -3.806458e-02 1.251553e+01 -2.042048e+00 -4.387127e-02 9.257566e+00 6.664567e+00 -3.564177e-02 8.562213e-01 -5.123971e+00 -9.299539e-02 6.269050e-01 5.353969e+00 -5.540962e-02 -9.092547e-01 3.637537e-01 -6.369857e-02 -4.828746e+00 5.256182e-01 -3.973482e-02 -6.220612e+00 7.824454e+00 -4.686461e-02 4.318649e+00 -8.046994e+00 -6.005973e-02 -1.434484e+00 -7.312168e+00 -5.353551e-02 -1.621378e+00 -2.376809e+00 -3.236976e-02 -1.172780e+01 -3.791898e+00 -9.642459e-02 3.860417e+00 -1.443117e+00 -5.580545e-02 -8.197682e+00 9.010159e-01 -6.452066e-02 6.833844e+00 -7.196923e+00 -5.817553e-02 -3.398013e+00 2.412197e+00 -6.040636e-02 5.815881e+00 -9.097306e+00 -2.675782e-02 -2.851069e+00 4.725245e+00 -6.387698e-02 -3.206843e+00 2.933352e+00 -4.791354e-02 9.274962e+00 3.178001e+00 -4.348845e-02 -6.827374e+00 7.075546e+00 -3.798812e-02 1.313862e+00 6.192973e+00 -6.736736e-02 4.599556e-02 1.812978e+00 -7.064168e-02 -5.733916e+00 5.331520e+00 -6.272204e-02 -1.505188e+00 -4.634044e+00 -5.625964e-02 -7.345037e+00 8.469661e+00 -1.900073e+00 1.022896e+01 -1.447500e+01 -4.617588e-02 -2.592096e+00 2.563530e+00 -5.000322e-02 4.616276e+00 1.070923e+01 -4.191316e-02 -4.763968e+00 -2.788871e+00 -6.885733e-02 -3.706466e+00 1.628854e+00 -4.245222e-02 -1.124156e+01 -5.266739e+00 -5.884530e-02 5.342094e+00 8.677057e+00 -4.774412e-02 1.483826e+00 9.328095e+00 -3.922304e-02 6.571905e+00 2.312122e-01 -6.139046e-02 -4.929296e+00 6.205355e+00 -6.758188e-02 -9.708353e-01 5.782063e+00 -2.867457e-02 1.116781e+01 5.134360e+00 -6.803946e-02 4.659859e+00 4.045788e+00 -7.288380e-02 -4.390476e+00 4.270998e+00 -3.614888e-02 -8.857772e+00 -6.265424e+00 -3.967112e-02 6.343309e+00 -5.716785e+00 -4.965185e-02 2.569398e+00 5.667473e+00 -6.813475e-02 3.537147e+00 9.429460e+00 -8.086776e-01 -1.261799e+01 -6.105857e+00 -4.496223e-02 -1.229595e+00 6.306597e+00 -5.162450e-02 -5.987622e+00 -2.083501e-01 -2.968093e-02 9.890413e+00 4.438145e-01 -5.090485e-02 -7.837621e+00 4.908082e+00 -6.408850e-02 4.475659e+00 -6.718705e+00 -4.925063e-02 -2.806819e+00 2.195925e+00 -5.029431e-02 4.817728e+00 -6.796507e+00 -5.990752e-02 3.202189e+00 5.125141e+00 -4.602169e-02 7.286047e+00 7.840397e+00 -2.632804e-02 8.912372e+00 3.323664e+00 -4.161412e-02 -1.067979e+01 4.011809e+00 -7.327366e-01 -1.514924e+01 4.919009e-01 -7.228306e-02 -5.860738e+00 1.524682e+01 -2.277080e+00 -4.437144e+00 1.459183e+01 -5.987391e-02 -3.106344e+00 9.008077e+00 -4.931998e-02 2.816257e+00 -5.969224e+00 -3.359861e-02 4.736149e+00 -5.020284e+00 -5.397698e-02 -5.924026e+00 -9.520464e+00 -2.685395e-02 -8.578077e-02 -7.910711e+00 -2.667482e-02 -6.322058e+00 7.766642e+00 -5.318394e-02 -4.924294e+00 4.249124e+00 -4.994075e-02 -7.493656e+00 8.378307e+00 -4.561773e-02 -1.101972e+00 -6.660787e-01 -6.611545e-02 7.333438e+00 -4.022186e+00 -6.235143e-02 6.124500e+00 -6.864590e+00 -5.637481e-02 2.715235e+00 -7.552330e+00 -5.867434e-02 -2.610070e+00 1.350168e+01 -2.000603e+00 -3.508159e+00 -7.713300e+00 -5.973391e-02 -1.354749e+00 -8.264923e+00 -5.803316e-02 -1.179980e+00 6.009207e+00 -6.921331e-02 -1.202215e+00 1.095043e+01 -4.157219e-02 -4.281744e+00 -3.481244e+00 -8.062971e-02 2.500526e+00 -1.093566e+00 -5.360745e-02 -1.481317e+01 -4.603927e+00 -9.251308e-02 2.393410e+00 4.415807e+00 -5.851576e-02 -2.267888e+00 -4.356017e+00 -4.214227e-02 8.335234e+00 6.686707e+00 -7.467883e-02 -3.705031e-01 9.394156e+00 -5.179228e-02 6.388012e-01 -2.442765e+00 -3.543594e-02 7.350373e+00 -3.321307e+00 -6.575172e-02 -3.315028e+00 1.340230e+00 -6.185012e-02 7.141137e+00 5.452483e+00 -5.555120e-02 2.462589e-01 1.337191e+00 -3.905148e-02 1.199683e+01 -2.090857e+00 -3.262862e-02 -8.591425e+00 5.403635e+00 -6.012492e-02 1.531262e+00 -5.265368e+00 -9.174453e-02 2.098572e+00 -6.297153e+00 -5.407870e-02 -5.198874e+00 2.649998e+00 -7.325243e-02 -5.265473e+00 8.911232e+00 -5.006107e-02 2.587851e+00 -2.207919e+00 -5.322357e-02 5.762868e+00 9.466128e+00 -5.019311e-02 -1.239681e-01 7.791176e+00 -3.720907e-02 1.213108e+01 4.223202e-01 -6.258661e-02 -4.603237e+00 4.404924e+00 -6.818739e-02 5.439933e+00 5.367592e-01 -7.263399e-02 -5.586020e+00 6.131285e+00 -6.574608e-02 1.498736e+00 -7.324278e+00 -5.588615e-02 1.100999e+00 5.024079e+00 -5.522644e-02 5.363098e-02 -1.851607e+00 -5.491222e-02 -8.603293e+00 4.457619e+00 -4.262020e-02 7.534062e+00 -5.894475e+00 -4.247117e-02 7.333714e+00 6.290185e+00 -3.851210e-02 4.269610e+00 -1.157891e+00 -2.876466e-02 9.566949e+00 1.616647e+00 -3.842070e-02 1.436540e+01 -2.895609e+00 -6.842696e-02 2.590373e+00 1.786184e-01 -4.943489e-02 -7.692359e+00 2.621609e-01 -6.027607e-02 6.509440e+00 -5.223798e+00 -5.895269e-02 5.056399e+00 -8.057850e+00 -2.729324e-02 4.205979e+00 -1.641279e+00 -4.238695e-02 -1.078146e+01 -3.378596e+00 -4.817888e-02 4.465115e+00 3.322877e+00 -6.595425e-02 -4.814791e+00 1.315708e+00 -8.108314e-02 -6.201876e+00 -7.350863e+00 -5.193643e-02 -1.290512e+01 8.300207e+00 -4.417485e-02 1.139061e+00 -7.804726e+00 -5.580128e-02 -1.996630e+00 4.581116e+00 -7.619285e-02 -4.459653e+00 -9.905730e+00 -1.359555e+00 -3.083074e+00 -2.961328e+00 -4.504121e-02 -6.583815e+00 -6.747900e+00 -5.565818e-02 2.289502e+00 4.961801e+00 -5.553693e-02 2.740485e+00 1.367017e+00 -3.997008e-02 -6.341383e+00 9.035065e+00 -4.860468e-02 -1.137691e+00 -6.240550e+00 -5.377979e-02 2.841710e+00 1.026778e+00 -4.007549e-02 -6.456652e+00 6.859365e+00 -3.209702e-02 7.767140e+00 -2.397859e+00 -3.452946e-02 1.097248e+01 4.362773e+00 -4.619170e-02 -6.293713e+00 -3.743505e+00 -4.654676e-02 -5.857170e+00 -8.646160e+00 -4.348753e-02 -6.653930e+00 4.080013e+00 -5.985273e-02 4.374306e+00 1.264528e+01 -7.729558e-02 8.172581e+00 -5.268341e+00 -4.592627e-02 8.326127e+00 -3.181166e+00 -3.856640e-02 1.171834e+01 -5.531957e+00 -3.852628e-02 1.089554e+01 9.632338e-01 -6.131893e-02 -4.346753e+00 1.457081e-01 -2.779055e-02 8.912009e+00 -4.571062e+00 -5.608863e-02 5.482880e+00 7.942623e+00 -4.399508e-02 -1.875195e+00 5.766925e+00 -5.718880e-02 1.084087e+00 -8.221438e+00 -3.621357e-02 -4.065094e+00 -2.573064e+00 -8.137330e-02 -5.668231e+00 2.197999e+00 -3.572560e-02 6.980342e+00 -1.105263e+01 -3.379914e-02 3.750093e+00 -7.438553e+00 -3.601409e-02 -5.239381e+00 -3.943243e+00 -3.853224e-02 1.134865e+01 -4.307545e+00 -8.148499e-02 1.728527e+00 -5.287851e+00 -3.485003e-02 -7.574724e+00 -4.353982e+00 -9.822707e-02 2.597210e+00 4.264228e+00 -5.404052e-02 -2.311841e+00 -7.826183e+00 -5.635340e-02 1.084756e+00 4.741332e+00 -2.799816e-02 7.554605e+00 -4.656194e+00 -8.374263e-02 -2.725557e-01 1.863811e+00 -4.779648e-02 4.934731e+00 -4.612155e+00 -4.945558e-02 4.056441e+00 -4.731664e+00 -8.299394e-02 -1.633092e-01 -4.124897e-01 -3.723217e-02 7.980886e+00 2.456323e+00 -4.899731e-02 5.078600e+00 2.484867e+00 -3.955734e-02 -6.207868e+00 4.473240e+00 -3.037277e-02 -7.154336e+00 -3.567200e+00 -4.841362e-02 4.837464e+00 1.490928e+00 -5.713588e-02 5.816039e+00 -7.137203e+00 -5.802259e-02 -3.872895e+00 6.871521e+00 -5.059177e-02 -5.532566e+00 -5.300247e+00 -5.199394e-02 -5.109452e+00 5.289033e+00 -7.090150e-02 -2.775091e+00 4.112914e+00 -6.934734e-02 5.767858e+00 -5.174263e+00 -4.627473e-02 -4.484074e+00 2.832748e-01 -7.400399e-02 -5.827941e+00 2.784969e+00 -5.877632e-02 6.210096e+00 1.316900e+01 -4.619383e-02 -7.229335e+00 6.106639e+00 -6.463159e-02 2.145110e+00 1.410474e-01 -4.409339e-02 9.228168e+00 -4.843331e+00 -8.239803e-02 -2.833512e+00 1.357798e+01 -3.978450e-02 -1.984612e+00 6.162126e+00 -7.144899e-02 3.546323e+00 9.498580e-01 -5.957596e-02 7.034668e+00 8.545269e-01 -7.165960e-02 -5.445595e+00 -3.028905e+00 -6.379184e-02 -3.673018e+00 -8.493665e-01 -6.388065e-02 7.106579e+00 8.539457e+00 -3.161026e-02 -4.186918e+00 -1.466906e+00 -7.595688e-02 -5.203531e+00 -6.359807e+00 -3.904058e-02 -1.155445e+01 2.238712e+00 -5.920771e-02 -3.990082e+00 -8.852846e+00 -3.908519e-02 2.661909e+00 5.012690e-01 -4.780189e-02 5.495352e+00 -6.868386e+00 -5.966933e-02 3.171305e+00 8.593130e+00 -4.872039e-02 3.638546e+00 6.191226e+00 -4.125901e-02 -3.737603e+00 6.524212e+00 -5.273588e-02 -6.248741e+00 5.726573e+00 -7.207002e-02 -2.809478e+00 8.006560e+00 -1.359414e+00 7.424788e+00 1.879919e+00 -7.556239e-02 -5.425420e+00 -6.966221e+00 -5.057200e-02 -1.383574e+00 4.741781e+00 -6.728868e-02 5.778504e+00 -6.119460e+00 -3.189631e-02 -5.848707e+00 5.374497e+00 -4.561282e-02 7.485813e+00 9.775857e+00 -3.178143e-02 1.951084e+00 -6.897953e+00 -5.492328e-02 -4.008463e+00 -2.794351e+00 -6.515978e-02 -3.995106e+00 -1.618194e+00 -3.487777e-02 -1.244877e+01 6.701162e+00 -1.948136e-01 1.359555e+01 6.182956e+00 -6.880652e-02 7.120908e-01 6.650017e+00 -4.082180e-02 4.335878e+00 7.307978e+00 -4.595119e-02 5.319233e+00 1.774799e+00 -3.498080e-02 7.412346e+00 -1.677801e+00 -4.582431e-02 9.667941e+00 -3.915651e+00 -7.102593e-02 -2.361402e+00 -1.264549e+01 -1.321495e+00 1.038354e+01 9.826975e+00 -3.518696e-02 -3.477607e+00 3.302272e+00 -4.198509e-02 8.062735e+00 -6.745125e+00 -4.638105e-02 -9.621407e-01 -1.427700e+00 -3.488172e-02 7.518382e+00 4.265181e+00 -5.308611e-02 3.033101e+00 -8.074109e+00 -5.749279e-02 -2.638503e+00 1.688340e+00 -4.765011e-02 5.050653e+00 3.773611e+00 -3.314034e-02 -8.698331e+00 8.344851e+00 -5.124206e-02 -4.239212e+00 2.760675e+00 -3.923821e-02 -1.319339e+01 -1.060914e+01 -3.852388e-01 1.106445e+01 8.481917e+00 -4.427240e-02 2.000559e+00 -1.724298e+00 -7.759158e-02 -5.852189e+00 7.590699e+00 -4.858291e-02 5.590601e+00 8.993617e+00 -5.139570e-02 -2.031038e+00 5.240451e+00 -2.816847e-02 7.517024e+00 8.504577e+00 -3.764429e-02 -6.281582e+00 -6.049674e+00 -3.759418e-02 1.338493e+01 9.427003e-01 -5.938378e-02 -4.859286e+00 -1.748101e+00 -5.240642e-02 -8.122952e+00 3.947117e+00 -3.609455e-02 6.385923e+00 -6.506936e+00 -4.604090e-02 7.609047e+00 -6.954667e+00 -4.231915e-02 6.595533e+00 4.048397e+00 -4.279735e-02 -6.451389e+00 -3.710569e+00 -6.772154e-02 -1.644455e+00 1.713674e+00 -5.403542e-02 6.157965e+00 4.619365e+00 -7.069638e-02 -3.922513e+00 -6.881956e+00 -5.303778e-02 1.611742e+00 4.052417e+00 -5.691608e-02 3.972013e+00 4.663617e+00 -4.797106e-02 -6.751788e+00 -6.441324e-03 -3.867976e-02 -6.476056e+00 3.242601e+00 -2.918486e-02 9.315230e+00 -1.578210e+00 -3.575456e-02 -9.623943e+00 4.915708e+00 -5.157874e-02 3.031192e-03 -2.427933e+00 -3.250902e-02 -8.606894e+00 -7.556041e+00 -5.346671e-02 -2.013895e+00 1.312234e+00 -3.979686e-02 1.217217e+01 3.914299e+00 -3.121443e-02 -7.984939e+00 2.516891e+00 -5.138261e-02 5.087734e+00 -4.623583e+00 -4.322724e-02 -4.292827e+00 5.970695e-01 -3.587905e-02 -9.910462e+00 -6.199539e+00 -4.591978e-02 8.480605e+00 -3.886684e+00 -5.108658e-02 5.151852e+00 -3.564964e+00 -8.625004e-02 2.434726e+00 -1.193357e+01 -3.562786e-02 -2.801505e+00 -4.099859e+00 -3.476187e-02 -1.176304e+01 -5.328109e+00 -5.296200e-02 4.066713e+00 -7.444057e+00 -4.513190e-02 6.786678e+00 9.582006e+00 -3.303055e-02 -2.755162e+00 9.124350e+00 -2.945386e-02 3.003398e-01 2.774476e+00 -5.249170e-02 -8.278420e+00 -4.672844e+00 -9.353604e-02 -2.927073e+00 -8.755145e+00 -4.053084e-02 -5.386167e+00 -6.609591e+00 -4.751853e-02 -2.272191e-01 -1.378374e+01 -2.031635e+00 -9.725110e+00 6.001684e+00 -6.844000e-02 2.895481e+00 -6.534735e+00 -3.148349e-02 -9.831964e+00 -7.113619e+00 -5.097531e-02 -3.343239e-01 -2.651120e+00 -5.990437e-02 -3.557956e+00 -1.161733e+01 -4.372073e-02 8.489214e+00 -4.688765e+00 -4.438949e-02 3.650028e+00 -1.684004e+00 -3.272346e-02 1.092592e+01 6.353037e+00 -4.116341e-02 5.745825e+00 -3.213785e+00 -8.125126e-02 -4.158348e+00 -7.429661e+00 -5.526086e-02 6.046547e-01 1.329663e+01 -3.903789e-02 5.091282e+00 1.746255e+00 -5.960222e-02 6.417373e+00 4.024603e+00 -5.182977e-02 -7.858656e+00 2.871502e+00 -3.490592e-02 -9.434677e+00 -5.060281e+00 -8.910512e-02 2.356505e+00 -1.376609e-01 -6.529421e-02 -5.179421e+00 9.018912e-01 -4.838919e-02 5.348393e+00 -9.598147e-01 -4.730625e-02 1.015157e+01 -1.285392e+00 -5.032527e-02 -7.842727e+00 1.178041e-01 -4.411917e-02 -7.192601e+00 -2.894792e-01 -3.946851e-02 8.814637e+00 -1.890550e+00 -4.688359e-02 5.144170e+00 -6.275765e+00 -4.348768e-02 7.759916e+00 6.832055e+00 -6.843729e-02 2.421697e+00 4.980896e+00 -5.610441e-02 2.102763e+00 8.530996e+00 -1.328941e+00 6.588797e+00 5.445414e+00 -4.359139e-02 -5.333732e+00 -4.086428e+00 -8.268815e-02 -3.528393e+00 -6.761987e+00 -5.329697e-02 1.433956e+00 -7.493833e+00 -3.729757e-02 4.649813e+00 3.378664e+00 -4.348272e-02 -6.749929e+00 9.084352e+00 -5.007464e-02 -1.617887e+00 -4.253316e+00 -8.120015e-02 1.313732e+00 5.917373e+00 -5.876163e-02 1.642105e+00 -3.227535e+00 -8.156405e-02 2.849358e+00 6.669456e+00 -6.988930e-02 1.942037e+00 5.249044e+00 -3.904015e-02 -4.250392e+00 5.088870e+00 -5.181099e-02 -9.157743e-01 5.603515e+00 -5.495999e-02 4.756090e-01 3.827415e-01 -4.974161e-02 -8.138597e+00 -5.158165e+00 -4.999839e-02 3.999098e+00 -8.444073e+00 -2.035084e+00 1.176935e+01 -9.190454e+00 -4.243209e-02 4.105015e+00 -4.899792e+00 -4.580947e-02 -4.837149e+00 -1.848992e+00 -7.244947e-02 -5.423013e+00 -1.610569e+00 -5.518728e-02 -8.675261e+00 5.796620e+00 -6.024932e-02 1.501383e-01 -4.306520e+00 -5.495441e-02 -6.832514e+00 6.500456e+00 -6.562299e-02 3.103671e-01 -6.432445e+00 -4.696690e-02 1.606745e+00 2.383720e+00 -3.665373e-02 7.717205e+00 1.000978e+00 -6.919537e-02 -4.950999e+00 2.167080e+00 -3.925303e-02 -6.121503e+00 -1.661883e+00 -7.778212e-02 -5.297494e+00 -4.380547e+00 -6.696812e-02 -2.778129e-01 -2.206980e+00 -4.087216e-02 -6.084020e+00 4.972089e+00 -4.243455e-02 7.388122e+00 6.310071e+00 -6.445494e-02 1.325416e+00 8.216063e+00 -4.739324e-02 4.846623e+00 -7.245777e+00 -3.510059e-02 4.204243e+00 2.959472e+00 -6.471992e-02 6.133381e+00 5.376086e+00 -3.782791e-02 -3.687786e+00 -3.324567e+00 -7.328425e-02 -3.516809e+00 -1.322929e+00 -2.739966e-02 9.085113e+00 1.027411e+01 -2.912266e-02 -6.404419e+00 -1.090579e+01 -4.413902e-02 -1.350378e+00 4.823902e+00 -5.755951e-02 3.926500e+00 4.936276e+00 -5.455778e-02 -1.144177e+00 4.425740e+00 -4.950212e-02 2.556762e+00 2.386917e+00 -3.980781e-02 7.975018e+00 -3.604821e-01 -6.416383e-02 7.611496e+00 -5.599132e+00 -4.773732e-02 -3.979546e+00 8.510774e+00 -4.847049e-02 4.594283e+00 6.389942e+00 -3.829500e-02 -2.900844e+00 -3.377913e+00 -4.157426e-02 -1.049514e+01 -6.803234e-02 -5.473824e-02 6.117854e+00 -1.591736e+00 -4.544015e-02 -7.098467e+00 -8.071251e+00 -5.935868e-02 -1.142325e+00 -9.297086e+00 -4.293132e-02 -5.349503e+00 2.456419e+00 -4.178483e-02 -6.723404e+00 -4.578735e-02 -3.503392e-02 1.149291e+01 -7.849862e+00 -5.754395e-02 -1.346454e+00 -4.101849e+00 -5.508666e-02 5.624516e+00 1.128634e+00 -4.123291e-02 -1.111586e+01 -4.419220e+00 -6.126450e-02 5.984742e+00 -8.587476e+00 -4.387785e-02 -7.087781e+00 -4.016083e+00 -4.754281e-02 4.635681e+00 -1.216259e-01 -4.523592e-02 -7.217881e+00 -7.369916e+00 -3.149309e-02 -3.050809e+00 -5.480378e+00 -9.539296e-02 -6.994238e-01 1.064322e+01 -3.734700e-02 3.356811e+00 7.061232e+00 -4.056142e-02 3.606365e+00 -3.469939e+00 -5.281786e-02 5.319316e+00 -1.087060e+01 -3.875471e-02 -7.743735e+00 -5.616678e+00 -3.794600e-02 1.077144e+01 -7.063244e+00 -6.099193e-02 3.797763e+00 -4.735909e+00 -5.316705e-02 4.958934e+00 -1.060883e+01 -3.672781e-02 6.058104e+00 -6.711084e+00 -3.191752e-02 8.910670e+00 2.972372e+00 -3.853200e-02 -5.824915e+00 -5.543351e+00 -4.255873e-02 -3.120795e+00 1.760846e+00 -4.963597e-02 5.184014e+00 2.836423e+00 -6.051702e-02 -4.194881e+00 6.179537e+00 -6.849203e-02 2.457196e+00 -1.670633e+00 -4.812645e-02 -7.438851e+00 9.160089e+00 -4.845532e-02 2.983471e+00 -1.925555e+00 -4.702977e-02 -7.430474e+00 -7.043941e+00 -6.254481e-02 3.638127e+00 -4.569691e+00 -8.370895e-02 7.473361e-01 2.505135e+00 -3.782409e-02 7.757323e+00 -5.095022e+00 -7.864182e-02 6.024302e-01 -1.206865e+01 -4.024812e-02 7.474054e+00 -6.984542e+00 -5.465917e-02 2.430424e+00 -8.048505e+00 -3.371362e-02 8.354300e+00 8.768663e+00 9.675094e-01 1.641497e+01 6.445042e+00 -6.702232e-02 -1.606640e-01 -1.629281e+00 -6.535491e-02 -4.194921e+00 1.186856e+01 -1.783929e-01 9.404666e+00 5.753143e+00 -6.314500e-02 2.547671e-01 8.300936e+00 -4.367488e-02 1.093582e+00 1.018831e+01 -2.508779e-02 -2.948735e+00 -8.606974e+00 -3.469669e-02 -2.338991e+00 -8.220969e+00 -5.923043e-02 -2.656697e-01 2.351254e+00 -4.847244e-02 4.767715e+00 6.307940e+00 -6.382579e-02 1.608067e+00 -1.247728e+00 -7.582168e-02 -5.296408e+00 -2.259672e+00 -7.584827e-02 -5.323474e+00 2.717785e+00 -4.212343e-02 1.397325e+01 -2.735781e+00 -8.885599e-02 -5.259916e+00 1.872147e+00 -6.548905e-02 7.350219e+00 3.745206e-01 -3.162763e-01 1.526099e+01 -5.752325e+00 -4.484853e-02 1.491785e+00 -8.283134e+00 -3.853089e-02 3.825153e+00 1.042668e+01 -2.643851e-02 -5.209635e+00 -4.443742e+00 -4.487411e-02 -5.417442e+00 -5.269871e+00 -6.269806e-02 5.521644e+00 -1.607001e-01 -4.797353e-02 5.407843e+00 4.335158e+00 -3.854157e-02 1.115056e+01 6.574027e+00 -4.198299e-02 5.532887e+00 2.502800e+00 -4.545844e-02 -7.361610e+00 9.606228e+00 -3.373452e-02 -3.762836e+00 6.117357e+00 -6.542493e-02 2.659110e+00 -3.963457e+00 -3.384198e-02 -8.251828e+00 2.414959e+00 -7.784383e-02 -5.910674e+00 6.116567e+00 -7.313954e-02 -2.749480e+00 -3.709794e+00 -8.442165e-02 -4.271376e+00 -4.797073e+00 -4.148863e-02 -3.968030e+00 -3.995005e+00 -5.149251e-02 5.620912e+00 7.240858e+00 -4.762882e-02 -4.425975e+00 -3.754291e+00 -7.595439e-02 -3.569743e+00 -9.972870e+00 -4.079824e-02 -3.995672e-01 2.515723e+00 -4.020076e-02 8.411318e+00 2.356125e+00 -5.538314e-02 6.051250e+00 -7.406129e+00 -5.445175e-02 1.167662e+00 6.288212e+00 -7.387552e-02 -2.079997e+00 1.298589e+00 -4.433414e-02 -7.313255e+00 -6.547299e+00 -5.253313e-02 -3.959502e+00 -6.808141e-01 -7.320727e-02 -5.295329e+00 -5.440773e+00 -5.001720e-02 3.644567e+00 9.207391e+00 -4.720860e-02 1.945763e-02 -2.202596e+00 -5.612367e-02 6.372246e+00 -1.152550e+01 -4.823599e-02 -9.540726e+00 -3.729625e+00 -6.745296e-02 -2.104342e+00 -2.332485e+00 -1.309194e+00 1.168112e+01 -2.784423e+00 -5.603518e-02 6.237824e+00 -4.945158e+00 -4.792915e-02 -5.471613e+00 1.611752e+00 -2.934835e-02 -1.182196e+01 7.552097e+00 -4.261412e-02 3.940164e+00 -1.552652e+00 -4.698167e-02 -7.347543e+00 8.857779e+00 -6.312997e-02 -1.215192e+01 -3.303066e+00 -6.508829e-02 -3.291569e+00 7.831348e+00 -4.051446e-02 2.649037e+00 -4.316967e+00 -6.728689e-02 7.013844e-01 8.163069e-01 -8.453213e-02 3.937859e+00 7.566934e+00 -2.424563e-02 -1.295710e+01 5.490636e+00 -3.774738e-02 -3.931051e+00 -1.174228e+01 -2.575258e-02 5.804933e+00 -6.188600e+00 -3.561253e-02 5.561133e+00 -4.453148e+00 -6.904682e-02 -3.902267e-01 -1.643373e+00 -1.606323e+00 -1.257868e+01 3.977498e+00 -3.214289e-02 -8.425662e+00 -6.498311e+00 -4.765705e-02 3.293463e-01 -1.074184e+01 -4.480465e-02 -1.659222e+00 -1.059755e+01 -4.413278e-02 -1.193920e+00 -7.681093e-01 -5.976513e-02 -4.769939e+00 -3.941442e+00 -6.761501e-02 -1.151456e+00 4.858570e+00 -5.214299e-02 8.874746e-02 6.205913e+00 -4.058279e-02 -9.211118e+00 -4.437996e+00 -5.163699e-02 5.034757e+00 8.323902e+00 -4.339600e-02 8.957465e-01 9.085531e+00 -5.176089e-02 -2.763751e+00 3.771739e+00 -5.248630e-02 4.511115e+00 -6.235208e+00 -5.421153e-02 3.375515e+00 6.857751e+00 -4.085714e-02 -9.103412e+00 -6.202224e+00 -4.589983e-02 -2.397637e+00 7.000117e+00 -7.123147e-02 -5.002223e-01 1.750490e+00 -7.983756e-02 -6.086472e+00 -7.313688e+00 -3.348676e-02 -5.126884e+00 8.843903e+00 -4.561448e-02 7.738630e-01 -1.174828e+01 -3.327875e-02 -1.898028e+00 -6.620465e+00 -4.436221e-02 7.361842e+00 2.647125e+00 -3.948138e-02 1.373263e+01 9.155922e+00 -3.270465e-02 5.282962e+00 -3.879822e+00 -6.281882e-02 -2.557266e+00 -4.964231e+00 -9.320662e-02 1.790805e+00 1.421033e+00 -3.149876e-02 -8.755572e+00 7.785539e+00 -4.029378e-02 2.809542e+00 1.070650e+01 -1.316945e+00 -7.923649e-01 -1.325230e+01 -3.858807e-02 -1.484870e-01 5.847389e+00 -4.624750e-02 7.433276e+00 7.992861e+00 -4.627756e-02 -3.170402e+00 -4.097800e+00 -3.328216e-02 -8.121910e+00 7.683661e+00 -3.815510e-02 1.258611e+00 7.109767e+00 -6.916572e-02 1.136901e+00 -7.469462e+00 -5.697638e-02 2.792931e+00 7.339084e+00 -4.073745e-02 1.243725e+01 -3.354475e+00 -4.629145e-02 4.640768e+00 3.454931e+00 -3.741350e-02 1.333846e+01 -7.160357e+00 -2.696479e-02 6.351906e+00 3.237094e+00 -7.277646e-02 -5.107959e+00 3.788868e+00 -5.662436e-02 -3.834711e+00 6.192356e+00 -3.787678e-02 -3.237511e+00 -1.147538e-01 -4.008713e-02 8.834764e+00 -6.373774e+00 -5.461268e-02 3.652458e+00 -3.124179e+00 -5.794195e-02 -3.068619e+00 -4.878905e+00 -7.905983e-02 -2.117442e+00 1.653937e+00 -6.099711e-02 6.724914e+00 2.238915e+00 -2.821290e-02 9.247042e+00 1.365533e+00 -5.591140e-02 6.300645e+00 9.060090e+00 -4.778370e-02 1.533213e+00 -4.764099e+00 -9.661538e-02 2.238415e+00 5.259616e+00 -6.132778e-02 -2.221812e+00 -2.952276e+00 -4.236378e-02 -6.105544e+00 -1.921697e+00 -4.496281e-02 5.218421e+00 5.064858e+00 -4.552237e-02 -6.661021e+00 4.965309e+00 -2.823527e-02 7.911800e+00 -1.331760e+01 -5.745787e-01 7.950813e+00 6.821765e+00 -6.843888e-02 1.568991e-01 -2.775012e-01 -5.710300e-02 6.602191e+00 4.469704e+00 -4.109977e-02 7.433364e+00 1.191514e+01 -4.058779e-02 2.594994e+00 -3.799641e+00 -3.027617e-02 -7.352980e+00 -3.199138e+00 -4.602577e-02 9.673514e+00 1.594132e+00 -8.121094e-02 -6.107851e+00 -7.407923e+00 -5.248267e-02 -6.481797e-02 5.840609e+00 -4.660463e-02 -5.872726e+00 -4.914645e+00 -1.907446e+00 1.495380e+01 -8.419448e+00 -2.107527e-02 -1.013333e+01 -5.421219e+00 -4.376585e-02 -3.761109e+00 -1.002614e+01 -4.102706e-02 -1.686136e-01 -8.814731e+00 -3.433779e-02 -2.062397e+00 5.018754e+00 -5.490202e-02 -7.616574e-01 -5.058557e+00 -5.893550e-02 6.019978e+00 -6.207040e+00 -4.932873e-02 -4.068609e+00 6.102576e+00 -5.853051e-02 7.826046e-01 -7.285872e+00 -3.139453e-02 -2.680870e+00 3.608934e+00 -6.446216e-02 5.714560e+00 -1.217489e+00 -4.433513e-02 9.654714e+00 4.116631e+00 -5.603031e-02 -3.378320e+00 -1.444251e+00 -7.509074e-02 3.588197e+00 4.565009e+00 -4.851688e-02 -7.291752e+00 -4.273926e+00 -3.316287e-02 6.201475e+00 -3.834666e+00 -4.662420e-02 9.752771e+00 -8.075642e+00 -5.798957e-02 -2.511974e+00 8.703419e+00 -4.644885e-02 2.551079e+00 8.110673e+00 -3.549419e-02 -6.832263e+00 -3.700604e+00 -6.810359e-02 -3.437046e+00 8.737581e+00 -4.408698e-02 1.275362e+00 -8.980309e+00 -3.780901e-02 -1.026182e+01 6.463192e+00 -7.071445e-02 -1.359877e+00 3.869667e+00 -4.657073e-02 8.863130e+00 3.593965e+00 -5.550840e-02 4.954722e+00 -3.495265e+00 -4.343785e-02 -6.290027e+00 4.728227e+00 -5.851772e-02 4.401775e+00 -6.936469e+00 -3.876482e-02 1.054762e+01 2.524489e+00 -6.063451e-02 6.870881e+00 -3.984720e+00 -4.163455e-02 -5.031055e+00 -1.850331e+00 -4.098587e-02 -6.184757e+00 5.500629e+00 -6.083223e-02 -1.493552e+00 -1.443444e+01 -4.818755e-02 3.071750e+00 -5.923487e+00 -8.543205e-02 -1.132703e+00 1.031561e+00 -5.520654e-02 -4.763847e+00 -1.512431e+01 -6.677553e-01 -3.840057e+00 4.921569e+00 -4.979822e-02 1.426447e+00 4.225146e+00 -6.628422e-02 -4.190357e+00 8.687753e+00 -4.159487e-02 -7.911635e+00 -5.347186e+00 -6.151766e-02 5.866598e+00 -6.518280e+00 -5.555569e-02 3.578120e+00 -1.525802e+01 -6.414160e-01 3.138072e+00 5.646132e+00 -2.018258e+00 -1.473600e+01 -1.369807e+01 -4.804514e-02 5.289334e+00 -5.717505e+00 -3.134343e-02 9.543881e+00 6.967132e+00 -7.116194e-02 -9.778195e-01 -7.329426e+00 -3.230591e-02 2.309717e+00 7.644226e+00 -3.270222e-02 7.605684e+00 6.139738e+00 -3.749013e-02 -3.167069e+00 -4.101914e-01 -5.097478e-02 5.794939e+00 9.076042e+00 -3.063853e-02 4.564623e+00 1.412327e+00 -5.057364e-02 -8.458000e+00 1.491048e+00 -6.460549e-02 -4.839164e+00 3.081290e+00 -4.887566e-02 4.575797e+00 7.552559e+00 -3.990280e-02 -2.129256e+00 3.689698e+00 -6.477226e-02 -4.764380e+00 -3.118253e+00 -5.647916e-02 6.420677e+00 3.756940e+00 -5.600875e-02 -2.872857e+00 -8.750523e+00 -3.738968e-02 3.471382e+00 2.570038e+00 -4.958737e-02 4.508670e+00 3.833562e+00 -5.462148e-02 4.307449e+00 -4.203492e+00 -3.318008e-02 -8.255545e+00 3.154872e+00 -5.212303e-02 -8.269436e+00 -3.766533e+00 -6.357892e-02 -2.348086e+00 5.912424e+00 -7.269561e-02 -3.567261e+00 -1.321445e+00 -4.659128e-02 5.618366e+00 5.753172e+00 -6.057588e-02 -5.556740e-01 -4.853942e+00 -4.292646e-02 -5.102472e+00 1.774322e+00 -4.882332e-02 -8.010589e+00 -4.415446e+00 -5.922892e-02 6.062283e+00 -1.495197e+00 -6.081106e-02 -4.462829e+00 -7.867629e+00 -5.569528e-02 -3.426004e+00 3.726435e+00 -7.150283e-02 -5.466971e+00 5.807314e+00 -3.527747e-02 4.373017e+00 -4.795900e+00 -8.221119e-02 1.498250e+00 5.881143e+00 -5.201658e-02 -6.727914e+00 5.334283e+00 -6.946391e-02 -3.314967e+00 -3.004680e+00 -4.951325e-02 -7.075137e+00 6.853092e+00 -1.257000e+00 9.649989e+00 2.969392e-01 -4.752345e-02 5.714677e+00 5.695333e+00 -5.581438e-02 3.162821e-01 -1.128603e+01 -3.865271e-02 -6.635073e+00 6.846417e+00 -4.035812e-02 -3.817996e+00 -3.336492e-01 -6.182459e-02 -4.913760e+00 -3.135472e+00 -5.595866e-02 6.246826e+00 -7.271766e+00 -5.459138e-02 -3.154102e+00 5.152915e+00 -5.365311e-02 1.761406e+00 1.430638e+01 -2.110269e+00 -4.142511e+00 7.456523e+00 -2.851386e-02 5.740009e+00 8.804968e+00 -1.323450e-02 -1.214643e+01 -6.403950e+00 -4.612610e-02 1.345357e+00 1.991566e+00 -6.267481e-02 6.710890e+00 -3.349124e+00 -6.704662e-02 -3.936313e+00 5.554293e+00 -5.331036e-02 1.914188e+00 4.846402e-01 -5.449224e-02 6.552555e+00 -6.285179e-01 -4.130359e-02 -6.590285e+00 -5.004313e+00 -9.796334e-02 1.532802e+00 -1.324781e+01 -5.576252e-01 8.034347e+00 -1.116144e+01 -2.958340e-02 -1.619352e+00 3.212513e+00 -3.614885e-02 7.271616e+00 2.656364e+00 -4.041659e-02 -1.084827e+01 7.692654e+00 -4.071549e-02 -2.300298e+00 -3.562068e+00 -4.208902e-02 -1.096208e+01 -1.063416e+01 -5.159643e-02 -1.026024e+01 3.441084e+00 -9.794396e-02 2.403172e+00 7.178985e+00 -3.694084e-02 1.752161e+00 6.644478e+00 -7.196161e-02 1.015609e+00 1.068753e+01 -3.557142e-02 2.264729e+00 -1.558947e+00 -2.951148e-02 -8.060923e+00 -5.334709e+00 -7.825388e-02 -7.081718e-01 -5.404785e+00 -4.165250e-02 -2.535083e+00 -8.269039e+00 -5.828457e-02 8.578904e-01 8.218434e-01 -3.986332e-02 -1.085365e+01 3.163189e+00 -3.822268e-02 -1.030533e+01 -9.424683e+00 -5.751064e-02 -1.160327e+01 -4.592601e+00 -6.666546e-02 -6.048984e-01 7.431262e+00 -3.842783e-02 3.224625e+00 -6.593993e+00 -5.477574e-02 2.806423e+00 -1.142465e+01 -3.215653e-02 -3.568833e+00 -4.138670e+00 -4.469521e-02 -6.176034e+00 3.321725e+00 -3.574043e-02 7.234203e+00 4.217614e+00 -3.230500e-02 -8.704596e+00 3.663810e+00 -6.972669e-02 -4.732633e+00 5.723391e+00 -5.833059e-02 -1.026031e-01 3.146894e+00 -8.944708e-02 2.273260e+00 -5.285362e+00 -5.347542e-02 -6.857437e+00 2.553831e+00 -6.613801e-02 -4.973724e+00 5.455224e+00 -5.622451e-02 1.579478e+00 1.454084e+01 -1.164568e+00 7.058814e+00 9.595353e+00 -5.047619e-02 -1.197570e+00 -8.083744e+00 -5.896041e-02 -5.382426e-01 -5.926941e+00 -2.881361e-02 -1.006721e+01 2.431628e+00 -4.895778e-02 5.018265e+00 -5.852677e+00 -3.569603e-02 6.544742e+00 1.164191e+01 -2.575417e-02 -9.479551e+00 -5.224275e+00 -4.345751e-02 2.886441e+00 -6.200480e+00 -4.875922e-02 -3.642737e+00 -7.715702e+00 -4.383811e-02 6.946910e+00 1.890459e+00 -5.873878e-02 6.345477e+00 -1.113447e+00 -7.432377e-02 -6.019712e+00 9.465012e+00 -2.945327e-02 -6.561282e-01 -8.165914e+00 -3.206366e-02 2.235527e-01 -1.083267e+00 -3.867069e-02 8.773222e+00 -1.694615e+00 -4.467883e-02 1.449445e+01 -7.279788e+00 -5.081941e-02 -1.379677e-01 4.980947e+00 -4.840208e-02 1.158614e+00 3.663971e-01 -1.083677e-01 4.605861e+00 -4.653951e+00 -7.250507e-02 -5.651215e-01 7.363724e+00 -4.445260e-02 -3.413082e+00 -4.519286e+00 -7.786334e-02 -3.151887e+00 -1.396289e+00 -6.381705e-02 -4.367353e+00 5.275293e+00 -5.309780e-02 1.654392e+00 -1.742365e+00 -2.587903e-02 -9.791727e+00 2.941994e+00 -7.566258e-02 -5.818760e+00 5.310380e+00 -4.003920e-02 6.594469e+00 1.574624e+00 -3.975612e-02 -6.810851e+00 -7.895670e+00 -5.678696e-02 -2.220031e+00 -7.976398e+00 -5.698400e-02 5.554520e-01 9.166136e-01 -9.382492e-02 4.762430e+00 -4.570202e+00 -6.039958e-02 6.649296e+00 -5.352027e+00 -4.624112e-02 -4.822306e+00 6.614237e+00 -3.885622e-02 4.993932e+00 -2.871759e+00 -6.940928e-02 2.995084e+00 1.027710e+01 -1.832290e+00 -1.067787e+01 5.636527e+00 -7.153698e-02 -3.396955e+00 9.105060e+00 -3.004244e-02 4.182073e+00 3.220299e+00 -3.127145e-02 -8.777230e+00 -1.111329e+01 -2.087335e-02 2.609696e+00 4.712510e+00 -4.440567e-02 -6.228664e+00 3.579478e+00 -6.872860e-02 -4.613696e+00 -1.412375e-01 -6.918102e-02 3.762224e+00 -8.409444e+00 -3.225912e-02 -1.940723e+00 -7.807748e+00 -4.177693e-02 -7.286989e+00 -6.664509e+00 -5.958417e-02 4.398287e+00 8.422177e+00 -4.260439e-02 -1.049132e+00 -6.950324e+00 -4.999440e-02 -1.269671e-01 5.516616e+00 -5.916603e-02 -5.774765e-01 -6.636876e-01 -4.490428e-02 5.760489e+00 9.143141e-01 -3.586302e-02 1.178056e+01 1.174751e+01 -3.984780e-02 3.231632e+00 -4.378445e+00 -8.506563e-02 -4.210203e+00 1.765356e+00 -5.506847e-02 -4.269619e+00 -5.333419e+00 -4.457992e-02 8.695642e+00 2.334988e+00 -4.420164e-02 1.439973e+01 6.200300e-01 -7.718663e-02 -6.016446e+00 4.641254e+00 -5.926812e-02 4.203436e+00 -5.595661e+00 -3.305730e-02 6.003336e+00 9.540852e-02 -4.453578e-02 1.459579e+01 4.555605e+00 -6.547591e-02 5.948550e+00 1.073790e+00 -6.030903e-02 -4.523263e+00 1.309245e+01 -3.315156e-02 -7.400768e-01 -3.249581e+00 -7.826979e-02 -4.402237e+00 -2.399075e+00 -1.910054e+00 -1.554544e+01 -2.475168e+00 -8.026003e-02 -5.861063e+00 6.145646e+00 -4.175701e-02 -4.596161e+00 3.474223e+00 -9.582444e-01 -1.553413e+01 5.547037e+00 -5.323321e-02 -5.885562e-01 1.815971e+00 -7.465804e-02 -6.371854e+00 6.547356e+00 -3.612098e-02 3.836089e+00 -1.155531e+01 -1.765655e+00 -1.017148e+01 -2.007219e+00 -3.255707e-02 1.111701e+01 -6.259416e+00 -4.398466e-02 3.743618e-02 -3.429681e+00 -2.587981e-02 -9.411285e+00 -7.073721e+00 -4.938385e-02 -2.186434e+00 -4.205524e+00 -4.553046e-02 4.198871e+00 6.049529e+00 -6.491400e-02 2.815610e+00 -8.124087e+00 -2.668151e-02 5.322802e+00 -4.676869e+00 -5.358453e-02 5.744516e+00 1.874770e+00 -5.260922e-02 5.967989e+00 -4.053246e+00 -6.964549e-02 7.807468e-01 -8.640702e-01 -5.265117e-02 6.767093e+00 8.384660e+00 -4.961666e-02 -4.050794e+00 -7.964665e+00 -5.593862e-02 -1.052265e+00 -6.567803e+00 -4.611471e-02 -3.255981e+00 4.656801e+00 -6.450656e-02 -3.599972e+00 1.657111e+00 -4.493482e-02 -7.970240e+00 -4.526064e+00 -6.964294e-02 1.242494e+00 7.778375e+00 -4.319080e-02 -3.329756e+00 -7.990644e+00 -5.799332e-02 -2.914779e+00 3.903600e+00 -4.040533e-02 -1.070150e+01 -7.400435e+00 -5.116070e-02 1.631740e+00 1.349940e+01 -4.939323e-01 -1.198743e+00 -3.518904e+00 -4.082124e-02 -5.560721e+00 -1.145587e+01 -3.851938e-02 5.755105e+00 -1.843432e+00 -5.299822e-02 6.771168e+00 -5.373981e+00 -5.496784e-02 4.679694e+00 -5.035315e+00 -8.811750e-02 4.900604e-01 -7.237084e+00 -3.207651e-02 3.661674e+00 -1.589196e+00 -4.772163e-02 -8.045936e+00 8.524017e+00 -2.821149e-02 9.522573e+00 -9.701789e+00 -4.240122e-02 3.428811e+00 5.971657e+00 -6.132298e-02 2.593860e+00 7.428484e+00 -4.036090e-02 -1.862451e+00 4.494373e+00 -1.904146e+00 -1.359082e+01 6.497572e+00 -7.185900e-02 -1.581886e+00 7.213471e+00 -5.046907e-02 -6.282421e+00 -4.939947e+00 -8.523336e-02 -2.537676e+00 -6.599274e-01 -5.351883e-02 6.248210e+00 -9.688983e-01 -6.559585e-02 -5.478110e+00 -6.608869e+00 -4.696825e-02 -1.265929e+00 8.553231e+00 -4.487074e-02 -1.507635e+00 4.360976e+00 -3.578844e-02 6.320742e+00 7.077998e+00 -2.904922e-02 -5.441136e+00 7.347580e+00 -3.873245e-02 3.183974e+00 5.911101e+00 -6.904902e-02 4.040141e+00 -8.832979e+00 -3.899904e-02 9.558189e+00 -2.402070e+00 -3.648081e-02 8.240320e+00 -4.221002e+00 -6.844114e-02 -1.043206e-01 -4.960212e+00 -4.424646e-02 8.992176e+00 4.599470e+00 -6.013477e-02 5.461755e+00 4.981214e+00 -3.607151e-02 5.885032e+00 4.784775e+00 -5.539960e-02 -2.073678e+00 3.475712e+00 -5.180569e-02 5.248668e+00 3.249527e+00 -2.697011e-02 -1.123874e+01 -7.452693e+00 -3.352877e-02 -5.486354e+00 -7.231896e+00 -5.250838e-02 -3.284431e+00 -6.023957e+00 -4.042352e-02 -6.273892e-02 -9.531621e+00 -3.851204e-02 -2.236081e+00 -6.658069e+00 -5.040288e-02 2.372561e+00 -5.195715e+00 -4.164428e-02 2.920986e+00 5.393971e+00 -2.782835e-02 7.880004e+00 -3.093094e+00 -4.113058e-02 -1.072294e+01 9.715920e+00 -3.967541e-02 7.947531e+00 -6.015170e+00 -4.132519e-02 -8.828062e-01 1.585959e+00 -5.213166e-02 -9.072426e+00 -2.757323e+00 -8.831438e-02 4.145768e+00 -2.506903e+00 -4.647936e-02 -7.476709e+00 -5.420612e+00 -8.408045e-02 -2.591623e+00 -6.586917e+00 -5.973710e-02 4.476244e+00 6.236716e+00 -4.747969e-02 -6.187377e+00 -2.548784e+00 -4.469471e-02 5.067881e+00 4.934175e+00 -5.216852e-02 3.393592e+00 -2.079708e+00 -7.182647e-02 3.089356e+00 1.892470e+00 -1.088392e-01 4.515453e+00 1.023673e+01 -2.516947e-02 -1.741061e+00 2.001818e+00 -5.859984e-02 6.451077e+00 -2.634026e+00 -7.421943e-02 -5.360000e+00 -6.227894e+00 -3.438924e-02 5.783113e+00 -5.224742e+00 -4.055164e-02 -3.383225e+00 6.110889e+00 -6.877413e-02 3.125488e+00 -1.979496e+00 -6.028448e-02 -4.592257e+00 -2.490100e+00 -6.911788e-02 3.376515e+00 9.178527e-01 -4.943574e-02 -8.410901e+00 2.355091e-01 -4.172620e-02 -1.159812e+01 -2.303864e+00 -7.869950e-02 4.110476e+00 -5.267355e+00 -3.864020e-02 1.144637e+01 -4.950492e+00 -3.908188e-02 8.052576e+00 3.492998e+00 -5.862702e-02 -4.311527e+00 -7.658226e+00 -5.469101e-02 9.138769e-01 4.284933e-01 -4.321929e-02 -7.404834e+00 2.036350e+00 -5.394394e-02 -4.559681e+00 1.491947e+00 -5.695770e-02 -4.243020e+00 4.659899e+00 -3.061629e-02 -8.210488e+00 -7.628813e+00 -3.173558e-02 -4.002301e+00 1.127915e+01 -3.709246e-02 1.016623e+00 6.931065e+00 -6.819618e-02 2.696789e+00 5.058760e+00 -5.060160e-02 1.434276e+00 6.946433e+00 -4.255768e-02 5.613360e+00 -2.828754e+00 -4.333754e-02 -6.268293e+00 5.106565e+00 -5.619053e-02 -1.783313e+00 5.217523e+00 -3.927950e-02 -1.291061e+01 1.103976e+00 -4.755628e-02 -8.396202e+00 7.109122e+00 -3.603182e-02 4.557981e-01 -3.684699e+00 -7.300954e-02 -3.210957e+00 -1.396433e+00 -4.294417e-02 9.616338e+00 3.548749e+00 -7.452910e-02 -5.426075e+00 8.736794e+00 -4.558125e-02 1.170612e+00 2.193947e+00 -2.919169e-02 -8.140435e+00 -1.150580e+00 -7.578386e-02 3.993858e+00 -2.429885e+00 -4.251421e-02 -6.635355e+00 7.918057e-01 -4.507455e-02 9.931727e+00 -5.319063e+00 -5.530297e-02 5.061872e+00 7.968749e+00 -3.860016e-02 1.502856e+00 -1.148778e+00 -4.637615e-02 5.664003e+00 -2.700404e+00 -4.456407e-02 4.980429e+00 -3.997119e+00 -5.217395e-02 5.290645e+00 6.931281e+00 -4.058453e-02 5.355985e+00 2.454068e+00 -4.395026e-02 -7.493167e+00 1.080946e+00 -5.459541e-02 6.467609e+00 3.686194e+00 -5.448465e-02 -3.696060e+00 3.326754e+00 -5.902945e-02 -4.217014e+00 -1.555001e+00 -6.036049e-02 7.831808e+00 6.006837e-02 -5.951259e-02 7.110684e+00 -6.239502e+00 -5.312182e-02 -5.968149e+00 -8.579098e+00 -5.692539e-02 -5.793724e-02 5.482245e+00 -5.387567e-02 1.385413e+00 -7.398845e+00 -3.143995e-02 1.919432e+00 -6.846654e+00 -4.807063e-02 -3.548948e+00 9.115809e+00 -1.451007e-01 -1.061028e+01 5.794878e+00 -4.301071e-02 -5.530715e+00 5.879812e+00 -3.643646e-02 -3.064243e+00 4.008848e+00 -6.858299e-02 -4.614268e+00 5.423721e+00 -5.875082e-02 3.124838e+00 -8.317632e+00 -5.566335e-02 -1.249652e+00 -8.212578e+00 -5.696582e-02 -2.568370e+00 -1.629970e+00 -6.566571e-02 -4.335904e+00 -4.646977e+00 -6.822698e-02 -2.325217e+00 -4.921621e+00 -1.413767e+00 1.573816e+01 -4.499407e+00 -4.648986e-02 4.109660e+00 6.158588e+00 -6.256249e-02 3.043205e-01 5.238863e+00 -5.934711e-02 3.721715e+00 5.464355e+00 -6.172448e-02 3.711797e+00 1.112075e+00 -7.876923e-02 3.458342e+00 -2.462274e+00 -8.347797e-02 -5.657165e+00 9.477780e+00 -3.300874e-02 5.178457e+00 -7.693911e+00 -3.360599e-02 -4.913308e+00 -4.706141e+00 -7.250515e-02 -1.186275e+00 -4.203244e-01 -5.768099e-02 -4.623466e+00 -5.097017e+00 -7.620515e-02 -1.821734e+00 6.268090e+00 -7.087892e-02 -2.338946e+00 6.789670e+00 -6.370364e-02 1.985225e+00 9.436446e+00 -3.881946e-02 -6.366533e+00 -4.878471e+00 -4.276717e-02 -4.682626e+00 -8.414155e+00 -3.258598e-02 -9.075714e+00 -7.314421e+00 -5.112152e-02 -1.519717e+00 -1.465591e+00 -3.291788e-02 7.216196e+00 5.152925e+00 -5.215199e-02 3.834833e-01 7.366213e+00 -4.782835e-02 -4.648752e+00 -5.012575e+00 -3.639850e-02 -8.698709e+00 3.853761e+00 -5.876305e-02 -4.260247e+00 -4.086005e+00 -6.820875e-02 -2.520981e+00 8.294740e+00 -4.750234e-02 -3.405031e+00 -1.807259e+00 -7.371364e-02 -5.875736e+00 -7.303591e-02 -5.919053e-02 -5.265360e+00 -5.792422e+00 -4.582548e-02 2.533062e+00 -4.963022e+00 -3.263309e-02 -7.865570e+00 -1.483370e+00 -4.513915e-02 9.960729e+00 7.977989e+00 -4.240370e-02 -2.810927e+00 2.883255e+00 -4.960992e-02 -8.394080e+00 6.382560e+00 -4.861689e-02 -5.981355e+00 7.022428e+00 -6.724928e-02 2.425476e+00 2.851911e+00 -4.958271e-02 -8.004324e+00 6.425721e+00 -6.414218e-02 -1.865195e+00 -4.265649e+00 -7.523977e-02 9.920382e-01 1.214627e+00 -5.027772e-02 6.238081e+00 6.927032e+00 -3.655937e-02 -1.313933e+00 2.393726e+00 -6.489999e-02 7.135927e+00 -7.166445e-03 -8.134785e-02 4.478751e+00 1.197184e+00 -6.293003e-02 -4.906271e+00 6.360899e+00 -3.932711e-02 1.083265e+01 1.408266e+00 -3.689136e-02 -1.063539e+01 3.065239e+00 -7.343481e-02 -6.092455e+00 -1.150712e+01 -3.123317e-02 -3.349056e+00 1.353676e+00 -5.769180e-02 -4.855365e+00 -5.959718e+00 -5.028588e-02 4.253652e+00 -9.011613e+00 -3.488549e-02 -5.235249e-01 5.750669e+00 -6.476533e-02 -2.143710e+00 4.738277e-01 -4.481360e-02 9.829177e+00 -4.821514e+00 -5.253415e-02 -7.389832e+00 3.871969e+00 -3.849740e-02 7.603463e+00 -3.687536e+00 -6.787720e-02 -3.359849e+00 3.467113e+00 -6.169899e-02 -4.884855e+00 -6.568087e+00 -5.431142e-02 3.593287e+00 -5.057518e+00 -8.397273e-02 -2.831015e+00 -7.630737e-01 -4.479964e-02 1.011301e+01 -7.631418e+00 -3.206963e-02 2.285726e+00 6.256661e+00 -6.257012e-02 -2.024610e+00 3.972111e+00 -5.827740e-02 -4.032543e+00 -7.985758e+00 -4.336650e-02 6.774416e+00 -6.584192e+00 -4.838663e-02 -3.233998e+00 -4.927462e+00 -6.164768e-02 6.434238e+00 2.457071e+00 -3.932501e-02 1.238570e+01 5.007651e-01 -6.295892e-02 -5.629012e+00 2.110943e+00 -5.244045e-02 -8.853743e+00 -4.133753e+00 -5.403726e-02 5.985879e+00 5.248888e+00 -4.763273e-02 -7.049710e+00 -4.036707e+00 -5.381446e-02 -7.988412e+00 -2.576594e+00 -3.685381e-02 8.631684e+00 -1.223562e+00 -6.945691e-02 -5.500402e+00 -1.683061e+00 -2.699330e-02 -1.147393e+01 -8.294538e+00 -3.753411e-02 4.546386e+00 -4.068742e+00 -4.836654e-02 5.289171e+00 4.111054e+00 -6.119829e-02 -3.376357e+00 1.970328e+00 -3.897106e-02 1.273602e+01 -7.847844e+00 -1.778840e+00 1.213928e+01 -1.915262e+00 -8.245704e-02 -5.931731e+00 8.516340e-01 -7.505828e-02 -5.883559e+00 -7.561445e+00 -5.456663e-02 -4.358187e+00 1.509118e+00 -4.322464e-02 -7.579217e+00 1.068314e+01 -3.929128e-02 5.895301e+00 -1.087293e+01 -4.334592e-02 8.999445e-01 -4.610122e+00 -6.476527e-02 -1.133129e+00 2.852649e+00 -5.696299e-02 6.442380e+00 -5.437828e+00 -4.814199e-02 -5.229544e+00 -9.974281e+00 -3.220249e-02 -7.194468e+00 2.400589e+00 -6.805916e-02 -5.456097e+00 4.205465e+00 -4.056081e-02 -6.208827e+00 8.570565e-02 -7.762829e-02 -6.302507e+00 -1.856730e+00 -3.246284e-02 1.136398e+01 -3.283819e+00 -7.046044e-02 -3.807568e+00 -7.465205e+00 -5.231265e-02 -1.610991e+00 -3.000694e+00 -3.768639e-02 1.207602e+01 -3.783367e+00 -4.602675e-02 9.908895e+00 4.691936e+00 -5.085678e-02 2.490982e+00 9.208520e+00 -3.615224e-02 6.972730e+00 -9.904414e+00 -3.838222e-02 1.465103e+00 7.011321e+00 -7.063807e-02 1.122292e-01 -7.805455e+00 -5.444296e-02 1.077225e-01 6.335317e+00 -6.509144e-02 -1.411851e+00 -4.110625e+00 -4.825900e-02 -7.128169e+00 -1.314369e-01 -8.455209e-02 3.999537e+00 5.928184e+00 -6.798581e-02 4.550538e+00 6.868739e+00 -3.703238e-02 -2.521959e+00 -8.392322e-01 -4.602769e-02 -7.823139e+00 1.376783e+00 -4.696067e-02 5.867246e+00 2.226949e+00 -7.355478e-02 -6.454751e+00 -6.853406e+00 -4.687480e-02 1.422422e-01 5.773815e+00 -5.910585e-02 -9.372116e-01 3.685473e-02 -2.951916e-02 -8.785630e+00 -9.707009e+00 -3.892929e-02 -9.185407e+00 6.696767e+00 -3.719530e-02 -2.710585e+00 -4.842752e+00 -4.002137e-02 -4.141081e+00 4.568041e+00 -5.449898e-02 4.339496e+00 1.166803e+00 -3.345633e-02 7.517401e+00 -3.184031e+00 -3.352982e-02 7.636110e+00 -3.026222e+00 -5.579321e-02 6.732491e+00 -5.156962e+00 -4.677896e-02 -5.484889e+00 -6.503626e+00 -4.868121e-02 2.137600e+00 5.645320e+00 -4.365106e-02 -6.304372e+00 -2.311219e+00 -7.894140e-02 4.068057e+00 9.716681e+00 -2.959784e-02 -1.635430e+00 2.056997e+00 -6.570368e-02 -5.333269e+00 -1.340880e+00 -9.965734e-02 5.026053e+00 -4.298033e+00 -5.694542e-02 6.150489e+00 -1.045992e+01 -4.257947e-02 2.079880e+00 -1.909505e+00 -3.867760e-02 -1.067932e+01 1.016063e+01 -3.049181e-02 1.155133e-01 -2.949081e+00 -6.648582e-02 -4.326309e+00 3.707224e+00 -5.330555e-02 -3.138392e+00 6.527416e+00 -6.281383e-02 -6.121832e-01 6.828620e+00 -7.226456e-02 -1.724334e+00 9.785653e-01 -4.221134e-02 -7.508768e+00 -4.018016e+00 -6.376861e-02 -1.990640e+00 3.143153e+00 -4.170106e-02 -7.021050e+00 1.219158e+01 -2.568081e-02 -3.824342e-01 2.487429e+00 -5.966697e-02 -4.273404e+00 2.871568e+00 -3.033611e-02 -8.944231e+00 -1.000685e+01 -1.784363e+00 7.389728e+00 -7.867354e+00 -3.772989e-02 5.319761e+00 -2.629453e-01 -4.522302e-02 -8.196869e+00 5.134861e+00 -5.057053e-02 1.692597e+00 -5.058143e+00 -7.389678e-02 -2.294504e+00 1.958278e+00 -4.683282e-02 5.654113e+00 6.218597e+00 -6.197596e-02 3.687177e+00 -7.817032e+00 -5.263810e-02 -8.516319e-01 4.960526e+00 -5.745296e-02 -2.222873e+00 -3.497068e+00 -2.949366e-02 1.040562e+01 -2.103524e+00 -6.436661e-02 -4.718741e+00 1.528296e+00 -4.969721e-02 -8.651239e+00 -5.965523e+00 -2.921256e-02 -1.032611e+01 2.593945e+00 -7.191405e-02 -5.438049e+00 5.326721e+00 -3.951547e-02 -1.299389e+01 5.115891e+00 -3.937468e-02 1.133670e+01 7.436143e+00 -3.971642e-02 4.469133e+00 6.794775e+00 -7.128788e-02 -1.145298e+00 -6.099336e+00 -4.423735e-02 -2.631120e+00 -4.397795e+00 -5.975971e-02 6.657662e+00 6.898978e+00 -1.485814e+00 -9.523448e+00 -9.835998e+00 -4.096275e-02 -3.827435e+00 -5.632642e+00 -4.327606e-02 8.737314e+00 2.694838e+00 -3.328837e-02 -9.740004e+00 5.392951e+00 -5.007612e-02 1.440388e+00 8.580283e+00 -4.145489e-02 -5.452433e-01 9.910818e-01 -4.948074e-02 6.002324e+00 -7.552532e+00 -5.099394e-02 3.836039e-02 1.367557e+01 -3.718245e-02 5.262100e+00 6.228229e+00 -6.735091e-02 -2.018854e+00 6.070017e+00 -4.662436e-02 -6.531197e+00 -2.896873e+00 -3.160003e-02 6.997870e+00 7.693835e+00 -3.795304e-02 9.210898e+00 -5.366179e-01 -4.605944e-02 1.472630e+01 1.456751e+01 -2.719259e-01 -4.427845e+00 5.651729e+00 -5.400879e-02 9.256055e-01 2.947550e-01 -5.983396e-02 7.080468e+00 -6.007123e+00 -4.150304e-02 1.101145e+00 5.340916e+00 -3.111166e-02 -8.088165e+00 3.069440e+00 -6.364989e-02 -4.826651e+00 6.804868e+00 -4.252697e-02 6.088344e+00 -7.065078e+00 -5.867300e-02 3.734868e+00 4.341580e+00 -3.741333e-02 -5.440197e+00 -6.875321e+00 -3.430909e-02 5.130555e+00 1.162099e+01 -4.015350e-02 -2.977777e+00 -2.044758e+00 -6.595542e-02 -4.526978e+00 -1.405820e+01 -8.698794e-01 -7.252633e+00 4.642495e+00 -5.949039e-02 5.094484e+00 5.307677e+00 -5.536141e-02 -8.421503e-02 1.176028e+00 -7.043158e-02 -6.015821e+00 -9.725664e+00 -3.876993e-02 9.042604e+00 7.017835e+00 -2.757675e-02 6.564935e+00 5.661775e+00 -4.047532e-02 6.756192e+00 6.633814e+00 -3.823058e-02 -3.581091e+00 -3.322545e+00 -4.840152e-02 5.850691e+00 1.366057e+01 -3.697982e-02 3.285742e-01 2.715585e+00 -6.272427e-02 6.812334e+00 -7.452560e+00 -5.224622e-02 4.306252e-01 -5.940649e+00 -5.565318e-02 4.511545e+00 1.119407e+01 -3.676114e-02 3.406185e+00 7.444487e+00 -3.210231e-02 -6.952156e+00 3.503151e-01 -6.025218e-02 7.907567e+00 3.517214e+00 -6.356212e-02 -4.780849e+00 -5.885584e+00 -4.266036e-02 1.308293e+00 1.907116e+00 -3.810595e-02 -6.898889e+00 5.811963e+00 -4.676631e-02 8.290236e+00 6.872562e+00 -6.381087e-02 7.604792e-01 -5.542576e-01 -7.727451e-02 -6.545624e+00 -5.679122e+00 -3.718634e-02 7.312287e+00 -5.564719e+00 -8.790079e-02 -1.097714e+00 -2.748218e+00 -7.371748e-02 2.883223e+00 4.994653e+00 -3.675860e-02 -9.612651e+00 7.015073e+00 -6.337795e-02 1.353637e+00 4.596307e+00 -4.064255e-02 -6.247401e+00 1.441938e+00 -5.576582e-02 6.555613e+00 -2.122747e+00 -3.774437e-02 -1.394377e+01 -9.138116e+00 -3.351334e-02 -1.972596e+00 -3.321911e+00 -7.422064e-02 -4.610246e+00 5.468230e+00 -5.506354e-02 -1.917682e+00 6.752876e+00 -6.073353e-02 1.081780e+00 1.468398e+01 -1.173095e+00 -6.781385e+00 -3.433264e-01 -6.166635e-02 -4.611331e+00 -1.198810e+01 -3.127205e-02 2.521034e-01 -1.207757e+01 -3.176557e-02 -3.808409e-01 -6.788003e+00 -2.650786e-02 7.367036e+00 5.669623e+00 -5.473873e-02 2.717077e+00 -6.624674e+00 -5.074375e-02 -5.261622e+00 -1.488705e+00 -3.443719e-02 -9.907774e+00 2.861314e+00 -3.992164e-02 -6.904200e+00 4.552137e+00 -5.320029e-02 -1.636891e+00 5.337116e+00 -5.990171e-02 -2.032361e+00 4.796049e+00 -6.612429e-02 5.784712e+00 -8.696566e+00 -3.275362e-02 -2.433024e+00 4.785149e+00 -4.764348e-02 -7.405539e+00 -1.843710e+00 -5.856105e-02 7.305615e+00 3.119307e+00 -7.145917e-02 -5.568583e+00 2.881345e+00 -5.234435e-02 5.955579e+00 -1.287223e+01 -3.868287e-02 -4.656247e+00 1.920911e+00 -3.220638e-02 -9.687407e+00 2.862450e+00 -4.077567e-02 -1.112724e+01 -5.998099e+00 -4.086070e-02 -1.482106e+00 -5.770479e+00 -8.496726e-02 -1.741557e+00 2.337438e-01 -6.198106e-02 -5.055407e+00 1.226339e+00 -4.577368e-02 -8.131819e+00 5.917030e+00 -5.656708e-02 1.794648e+00 -3.731642e+00 -6.205055e-02 6.928781e+00 4.151773e+00 -4.821927e-02 -7.876133e+00 8.598781e+00 -4.809570e-02 -4.225592e+00 -8.540842e+00 -3.863232e-02 9.695775e+00 -3.742259e+00 -7.646769e-02 -3.977237e+00 4.947670e+00 -4.046309e-02 -1.074213e+01 4.488202e+00 -5.969945e-02 -3.223006e+00 -7.363319e-01 -6.915979e-02 -5.799497e+00 -4.732284e+00 -5.578705e-02 5.930365e+00 -3.513766e+00 -8.047126e-02 3.628304e+00 1.537699e+00 -7.213626e-02 -6.540372e+00 4.508261e+00 -6.390439e-02 -3.691302e+00 -5.905225e+00 -3.294771e-02 5.895672e+00 -9.858435e-01 -3.669113e-02 -1.325654e+01 -6.844524e+00 -4.791685e-02 1.892229e+00 2.599329e+00 -3.709872e-02 -5.976367e+00 -6.635829e+00 -3.720191e-02 6.602722e+00 -1.151351e+01 -2.933337e-02 1.422300e+00 4.899842e+00 -4.589076e-02 -6.907712e+00 3.417803e+00 -5.857008e-02 -3.761298e+00 4.532059e+00 -5.567329e-02 -2.286782e+00 -7.050409e+00 -5.281625e-02 -4.956085e+00 2.692909e+00 -8.729454e-02 2.719155e+00 5.614984e+00 -1.501934e-01 -1.403720e+01 6.710502e+00 -6.600141e-02 7.242578e-01 1.216165e+01 -3.961649e-02 2.291328e+00 -6.828308e+00 -4.565881e-02 -1.738086e+00 -1.075959e+00 -8.039454e-02 -6.206455e+00 8.377086e+00 -4.554353e-02 -3.780353e+00 3.763992e+00 -1.199166e-01 -1.461568e+01 6.771386e-01 -5.431609e-02 6.818717e+00 1.543171e+00 -8.482284e-02 2.942059e+00 -2.828198e+00 -2.718843e-02 9.935635e+00 2.464565e+00 -3.958293e-02 -1.383320e+01 -5.499618e+00 -7.954220e-02 7.941048e-01 -2.382056e+00 -4.163043e-02 -1.139718e+01 -9.867920e+00 -3.758421e-02 8.349957e-01 1.164627e+01 -3.763983e-02 -5.954295e-01 -6.902905e+00 -4.539170e-02 9.340229e-01 4.592839e+00 -6.540959e-02 -4.172958e+00 3.842661e+00 -5.006055e-02 4.301371e+00 -3.808395e+00 -6.091987e-02 7.104547e+00 -1.038314e+01 -3.937376e-02 -1.622229e+00 -5.563511e+00 -4.235526e-02 2.230059e+00 5.541210e+00 -5.140753e-02 5.030053e-01 -4.028208e+00 -4.481665e-02 5.103014e+00 2.901446e+00 -4.372154e-02 9.380688e+00 -7.431670e+00 -5.775597e-02 2.880370e+00 1.786939e+00 -6.130775e-02 -4.865570e+00 -2.744924e+00 -7.604996e-02 -5.497140e+00 -6.194133e+00 -5.178624e-02 -5.343216e+00 -1.370065e+01 -3.745985e-02 4.235736e+00 -6.857141e+00 -3.860776e-02 1.090363e+01 -7.463833e+00 -5.419018e-02 -4.035676e+00 5.241916e+00 -6.223171e-02 -3.289234e+00 2.390421e+00 -5.936839e-02 7.150281e+00 3.865608e+00 -4.970974e-02 -8.569734e+00 1.304937e+01 -1.426067e+00 -4.309566e+00 -1.225306e+01 -3.889350e-02 -6.129294e+00 2.785971e+00 -6.069284e-02 -4.293922e+00 3.937867e+00 -4.064624e-02 8.544215e+00 5.761225e+00 -5.667550e-02 2.779433e-01 -1.596144e+00 -5.048328e-02 -8.577224e+00 1.017715e+00 -6.163205e-02 -5.007285e+00 9.776751e+00 -3.820723e-02 -5.937317e+00 -9.195368e-01 -5.617743e-02 7.089469e+00 1.530529e+00 -6.082397e-02 7.393029e+00 2.200397e+00 -3.313322e-02 7.069332e+00 -3.160088e+00 -7.628737e-02 -4.703034e+00 -6.976498e+00 -1.646809e+00 1.227818e+01 5.609399e+00 -5.411195e-02 5.306469e-01 -1.170845e+01 -3.181076e-02 -9.396404e+00 -7.813783e+00 -5.554523e-02 2.366563e+00 -1.116489e+00 -3.009321e-02 1.361398e+01 -8.799979e-01 -4.538370e-02 6.175971e+00 7.720251e+00 -3.665136e-02 2.273229e-01 3.186027e+00 -3.592776e-02 1.149579e+01 5.321089e+00 -2.714224e-02 7.357327e+00 5.125453e+00 -5.131429e-02 2.164172e+00 1.528527e+01 -3.570903e-01 7.343413e-01 -1.052242e+01 -4.010447e-02 8.308357e-01 7.784056e+00 -4.328142e-02 4.655471e+00 -3.276825e+00 -7.105505e-02 2.782923e+00 2.383695e+00 -4.973813e-02 5.893640e+00 3.033726e+00 -1.059855e-01 3.588251e+00 5.004596e+00 -5.469858e-02 4.378641e+00 -1.331726e+01 -3.918876e-02 -1.377183e+00 -4.274572e+00 -4.856339e-02 -6.965394e+00 4.741601e+00 -5.442976e-02 3.915489e+00 -4.966304e+00 -7.936270e-02 -4.117810e+00 -7.540400e+00 -5.824100e-02 3.343162e+00 4.246910e-01 -5.867629e-02 7.645470e+00 6.813128e+00 -3.766051e-02 4.726155e+00 -1.176218e+01 -2.434670e-02 -9.317079e+00 5.050935e+00 -5.211378e-02 -1.025517e+00 2.935509e+00 -4.779930e-02 5.041941e+00 3.767432e-01 -4.295166e-02 1.000078e+01 -4.638360e+00 -5.850057e-02 6.597107e+00 9.050683e+00 -4.484611e-02 1.161740e+00 6.481898e+00 -6.628744e-02 -2.989275e-01 2.840202e+00 -5.317894e-02 5.365044e+00 -4.367738e+00 -5.466675e-02 5.885359e+00 -1.325834e+01 -3.874883e-02 -1.799321e-01 1.072623e+01 -1.537737e+00 4.606021e+00 5.341634e+00 -6.244523e-02 4.753293e+00 2.350857e+00 -1.001731e-01 4.024019e+00 6.602846e+00 -3.481469e-02 -2.031010e+00 -1.038666e+00 -8.007128e-02 4.245358e+00 -6.773932e+00 -4.280480e-02 -2.206437e+00 -1.103404e+01 -1.627084e+00 -7.224543e+00 -3.333388e+00 -5.941241e-02 -3.168071e+00 -2.980792e+00 -7.331710e-02 -4.417968e+00 4.199360e+00 -7.150218e-02 -5.078402e+00 -6.758131e+00 -5.516465e-02 4.189800e+00 -3.584670e+00 -4.432134e-02 9.850484e+00 -5.770127e-02 -6.934159e-02 -5.946403e+00 4.152813e+00 -3.871700e-02 -6.403660e+00 1.340410e+00 -5.500762e-02 -5.050082e+00 2.538589e+00 -6.890962e-02 -6.129292e+00 -5.272243e+00 -2.588344e-02 -9.980432e+00 7.497185e+00 -4.421465e-02 -4.364980e+00 2.646007e+00 -5.220026e-02 5.590588e+00 3.617612e+00 -4.767566e-02 -7.951951e+00 -6.709177e+00 -4.639229e-02 -3.110775e+00 7.324914e+00 -3.967147e-02 5.031488e+00 7.791687e+00 -4.137330e-02 -3.000757e+00 -8.211514e+00 -5.413867e-02 1.520331e+00 6.319614e+00 -4.030830e-02 -1.019604e+01 -3.444727e+00 -4.361071e-02 -6.670045e+00 -8.335628e+00 -3.372700e-02 -4.964383e+00 -7.898858e+00 -5.327114e-02 -2.974675e+00 -4.849415e+00 -5.112597e-02 -7.000242e+00 1.751454e+00 -4.655074e-02 1.468974e+01 5.733029e+00 -4.014838e-02 -5.206340e+00 7.003581e+00 -6.701715e-02 1.413724e+00 6.107460e+00 -7.195139e-02 -3.210287e+00 3.055445e+00 -4.849258e-02 5.109632e+00 -1.561541e-02 -7.287624e-02 3.859985e+00 -4.191895e+00 -3.210676e-02 6.579627e+00 6.115297e-01 -7.668559e-02 -6.121512e+00 -6.417240e-01 -4.379572e-02 -7.765215e+00 4.144828e+00 -4.822462e-02 3.575150e+00 7.949701e+00 -4.773621e-02 -4.408132e+00 -5.463186e+00 -6.130498e-02 -1.401579e+01 -5.879707e+00 -5.062155e-02 -5.837709e+00 -4.613346e+00 -7.383473e-02 -2.165139e+00 1.479186e-01 -4.494863e-02 5.759812e+00 4.033639e+00 -4.593098e-02 3.940277e+00 9.087393e+00 -4.768231e-02 4.667258e+00 1.204640e+01 -2.462378e-02 -6.773897e-01 -2.366286e+00 -7.587125e-02 -5.342547e+00 1.009852e+00 -4.190708e-02 -7.509207e+00 -4.754334e+00 -4.321527e-02 4.300552e+00 -2.672088e+00 -4.422430e-02 1.014986e+01 -4.273927e+00 -5.882785e-02 -1.635750e+00 5.920437e+00 -6.175184e-02 -1.732258e+00 -5.050432e+00 -5.366024e-02 5.125298e+00 -3.923956e+00 -5.134622e-02 -7.870530e+00 -1.511422e+01 -1.949800e+00 -1.716284e+00 4.786941e+00 -6.725402e-02 -4.796032e+00 -6.620480e+00 -3.975032e-02 -8.694372e+00 2.171905e+00 -6.447177e-02 -5.397047e+00 4.114750e+00 -4.068517e-02 -1.135946e+01 2.697983e+00 -4.706234e-02 -8.218553e+00 -8.903549e+00 -3.816292e-02 -5.607202e+00 6.555159e+00 -2.974749e-02 -7.132157e+00 3.281593e+00 -5.928335e-02 6.203955e+00 1.432593e+01 -4.300854e-02 -7.263819e-02 6.134372e+00 -6.212540e-02 -1.054745e+00 -1.316508e+01 -3.909346e-02 2.895988e+00 -1.844951e+00 -4.860359e-02 -8.598022e+00 7.095346e+00 -4.689263e-02 -5.770538e+00 -5.444025e+00 -5.433971e-02 5.663305e+00 3.776480e+00 -4.068018e-02 -1.113739e+01 6.467436e+00 -3.743684e-02 -4.244649e+00 8.453704e+00 -4.040552e-02 1.682437e-01 6.643995e-01 -6.514231e-02 -5.473701e+00 -5.296308e+00 -8.381567e-02 -9.545161e-01 -8.284709e-01 -3.927133e-02 -6.677788e+00 -3.989233e+00 -6.361598e-02 -1.916515e+00 -1.232284e+01 -3.783095e-02 -4.636235e+00 6.734895e-01 -5.891657e-02 7.306562e+00 -3.290188e-01 -5.068882e-02 6.527645e+00 -1.155113e+01 -3.837648e-02 -6.650948e+00 2.356503e+00 -5.166320e-02 5.747603e+00 1.018109e+01 -2.997150e-02 -9.966672e-01 -1.782786e+00 -7.864670e-02 4.164519e+00 2.100177e+00 -5.582098e-02 -4.377064e+00 3.152227e+00 -4.978258e-02 4.898659e+00 8.237030e+00 -4.136732e-02 -2.572204e+00 3.382555e+00 -5.981819e-02 6.296926e+00 1.505130e+01 -2.308068e+00 -5.879123e+00 -6.491127e+00 -3.472206e-02 1.037079e+01 8.605746e+00 -4.331275e-02 -1.786763e+00 -5.728534e+00 -4.572800e-02 -5.420526e+00 -1.836426e+00 -6.150491e-02 -5.093108e+00 6.488827e+00 -3.392132e-02 4.045357e+00 -9.113057e+00 -3.787887e-02 -5.339639e+00 4.714725e+00 -4.166292e-02 -6.561888e+00 -8.082331e+00 -3.972447e-02 -1.125260e+01 3.511707e+00 -7.268575e-02 -5.969568e+00 -6.680368e+00 -5.429264e-02 4.661699e+00 4.520421e-01 -7.136880e-02 3.929788e+00 -5.127730e+00 -7.465217e-02 -3.982781e-01 -3.367512e+00 -8.061153e-02 3.808550e+00 1.220044e+00 -4.606665e-02 5.520141e+00 9.323212e+00 -3.122503e-02 -4.529420e+00 7.133816e+00 -6.972486e-02 3.659488e-01 1.237406e+01 -3.950384e-02 -2.196551e+00 1.254870e+00 -4.029926e-02 -1.153510e+01 4.713826e+00 -5.817726e-02 -3.230850e+00 7.046658e+00 -6.666030e-02 -1.417821e-01 8.912546e+00 -3.427846e-02 7.289461e+00 -5.349356e+00 -4.422032e-02 9.236072e+00 1.947089e+00 -3.972959e-02 9.158893e+00 -1.087011e+01 -2.686575e-02 -2.897319e+00 -3.853479e-01 -6.601581e-02 -5.890328e+00 -4.139789e+00 -3.557981e-02 -9.611571e+00 -3.581986e+00 -7.273493e-02 -4.874457e+00 -6.895117e+00 -5.205050e-02 3.370183e+00 -2.664766e+00 -5.122783e-02 -8.312551e+00 1.042600e+01 -3.916962e-02 7.387802e+00 1.598762e+00 -4.878878e-02 6.283924e+00 4.214869e+00 -6.619395e-02 -4.189913e+00 -3.991133e+00 -4.309338e-02 -6.502441e+00 -7.546578e+00 -5.189751e-02 1.506567e+00 -3.569150e-02 -1.120779e+00 -1.610881e+01 5.838912e+00 -4.719350e-02 -6.925248e+00 -1.544761e+00 -6.138730e-02 -5.281991e+00 -3.522287e+00 -7.562327e-02 -4.459342e+00 3.749096e+00 -5.769171e-02 -3.802150e+00 -6.966425e+00 -4.683792e-02 -2.681758e+00 1.401501e+01 -4.369577e-02 3.267207e+00 4.790965e+00 -5.501805e-02 4.762187e+00 5.958387e+00 -5.379380e-02 -5.547217e-01 6.330714e+00 -2.818625e-02 -6.012390e+00 -4.219568e+00 -6.539343e-02 -6.024907e-01 4.190667e+00 -2.547289e-02 -9.322359e+00 2.370362e+00 -1.914118e-01 -1.496783e+01 3.192778e+00 -3.698204e-02 -6.501482e+00 9.756455e+00 -3.363612e-02 5.738411e+00 8.077751e+00 -3.883436e-02 1.129357e+00 -8.171262e+00 -3.931115e-02 -7.173808e+00 6.099024e+00 -6.915848e-02 -3.294674e+00 -1.123680e+01 -4.281158e-02 -1.195465e+00 -5.421584e+00 -4.219264e-02 2.682404e+00 6.986689e+00 -4.774899e-02 -5.710917e+00 -7.317592e+00 -5.514442e-02 -5.005917e+00 -2.467901e+00 -4.005684e-02 9.370060e+00 -1.411723e+00 -4.849270e-02 -8.780431e+00 -3.273093e+00 -4.378394e-02 4.689071e+00 -4.718150e+00 -3.870003e-02 1.206259e+01 -5.475434e+00 -5.193649e-02 4.905213e+00 1.617684e+01 -2.274731e+00 -3.805621e+00 -3.713233e+00 -4.041108e-02 -1.078228e+01 6.448206e+00 -3.593398e-02 -2.735041e+00 6.317290e+00 -6.275792e-02 -2.538201e+00 5.477287e+00 -5.220036e-02 -5.719334e-01 -1.797857e+00 -3.963209e-02 -6.912865e+00 5.637715e+00 -6.091401e-02 -2.623914e+00 -1.954408e+00 -6.252610e-02 -4.447220e+00 2.706074e-01 -3.311890e-02 8.026689e+00 2.234686e-01 -5.635257e-02 7.118923e+00 1.533270e+00 -3.621356e-02 -6.696883e+00 2.327646e+00 -5.400661e-02 6.736197e+00 6.140186e+00 -5.920758e-02 -1.995504e+00 1.161211e+00 -5.907853e-02 -4.979549e+00 3.477643e+00 -5.052556e-02 -8.675044e+00 
        </DataArray>
      </PointData>
      <Points>
        <DataArray type="Float32" NumberOfComponents="3" format="ascii">
          -1.107678e-01 -1.188341e-01 -1.008449e-01 1.370815e-01 -1.976692e-01 -6.052315e-02 -7.905019e-02 -1.582921e-01 1.272578e-01 -1.474112e-01 -1.967675e-01 2.679259e-02 3.771752e-02 -1.440989e-01 1.449337e-01 1.350167e-02 -1.280109e-01 -1.492550e-01 1.614701e-02 -1.518588e-01 -1.488805e-01 3.700748e-02 -1.696590e-01 1.450706e-01 -1.424400e-01 -1.187703e-01 4.668490e-02 1.225432e-02 -1.366672e-01 -1.493336e-01 -1.495595e-01 -1.948893e-01 8.293065e-03 -8.403197e-02 -9.407229e-02 -1.240770e-01 1.066539e-01 -2.038723e-01 -1.054057e-01 -8.383833e-02 -1.905510e-01 -1.241049e-01 -1.466426e-01 -1.591370e-01 -2.963023e-02 -5.322189e-02 -1.414721e-01 1.400052e-01 7.271422e-02 -1.008669e-01 -1.309994e-01 1.447930e-01 -1.731508e-01 3.849177e-02 7.718036e-02 -1.543070e-01 1.285291e-01 1.493666e-01 -1.296973e-01 1.076748e-02 6.999082e-02 -1.137053e-01 1.324219e-01 -6.347585e-02 -1.246001e-01 1.356930e-01 -6.912870e-02 -1.388350e-01 1.328622e-01 -1.305544e-02 -1.808131e-01 1.492973e-01 -2.064989e-02 -1.635963e-01 -1.483796e-01 5.298342e-02 -2.062920e-01 -1.402125e-01 -1.494084e-01 -1.162366e-01 1.297738e-02 1.433129e-01 -1.933430e-01 -4.382255e-02 1.456494e-01 -1.288745e-01 -3.574740e-02 6.072069e-03 -9.471303e-02 -1.496045e-01 -1.346767e-03 -1.363841e-01 -1.497768e-01 1.238965e-01 -1.541364e-01 8.414853e-02 -1.377121e-01 -1.357117e-01 -5.933845e-02 -1.020799e-01 -1.272883e-01 -1.097390e-01 1.053197e-01 -1.295594e-01 -1.064693e-01 -1.496297e-01 -1.648419e-01 -7.334789e-03 9.210889e-02 -1.767005e-01 1.180915e-01 -1.399193e-01 -1.428754e-01 -5.357936e-02 1.064486e-01 -1.626128e-01 1.053970e-01 1.097961e-01 -1.490657e-01 1.019073e-01 -1.483365e-01 -1.810471e-01 2.061482e-02 -7.018450e-02 -1.301742e-01 1.325233e-01 8.070557e-02 -1.640754e-01 1.263559e-01 -9.797880e-02 -1.752347e-01 1.133874e-01 -6.546143e-02 -1.032503e-01 -1.347108e-01 -7.761927e-02 -1.402768e-01 -1.279665e-01 -5.263349e-03 -1.345590e-01 1.496539e-01 1.207418e-01 -1.917580e-01 -8.868951e-02 1.433235e-01 -1.016843e-01 -4.403409e-02 -7.873975e-02 -1.994027e-01 -1.273983e-01 9.142908e-02 -2.151858e-01 1.187483e-01 9.532979e-02 -1.681438e-01 -1.156636e-01 1.002831e-01 -9.625799e-02 -1.112167e-01 9.928486e-02 -1.704104e-01 1.121870e-01 5.682760e-02 -1.141036e-01 1.387151e-01 1.493531e-01 -8.734539e-02 -1.090053e-02 1.221906e-01 -1.304637e-01 8.659786e-02 8.541194e-02 -1.092141e-01 1.230528e-01 8.349120e-02 -1.651780e-01 -1.243641e-01 7.794259e-02 -9.205847e-02 -1.278709e-01 1.003971e-01 -1.200793e-01 -1.111643e-01 1.230597e-01 -1.403781e-01 -8.556320e-02 -1.729811e-02 -1.462044e-01 1.488852e-01 -9.076870e-02 -1.882286e-01 -1.190363e-01 -1.086067e-01 -1.663627e-01 -1.031255e-01 -6.284834e-02 -9.827719e-01 5.482290e-02 6.973444e-02 -1.634665e-01 -1.326494e-01 1.323655e-01 -1.421743e-01 7.052298e-02 -1.393345e-01 -1.478839e-01 5.535865e-02 -1.452195e-01 -1.827397e-01 3.730833e-02 1.335728e-01 -1.247494e-01 6.800611e-02 -2.530156e-02 -3.281170e-01 1.441767e-01 -6.516888e-02 -2.082689e-01 1.348322e-01 3.358420e-02 -2.137464e-01 1.460749e-01 1.385613e-01 -1.822656e-01 -5.680998e-02 1.316935e-01 -1.610855e-01 -7.130734e-02 -3.834755e-02 -2.137656e-01 -1.448256e-01 -1.360433e-01 -1.481304e-01 -6.291594e-02 -1.435726e-01 -1.940377e-01 4.215837e-02 6.728691e-02 -1.614693e-01 -1.337920e-01 1.341833e-01 -1.431492e-01 -6.693690e-02 -1.485468e-01 -1.816898e-01 1.969725e-02 8.820030e-02 -1.954984e-01 -1.210975e-01 6.199710e-02 -1.238697e-01 1.363144e-01 -1.413283e-01 -1.569657e-01 4.983948e-02 9.095326e-02 -1.114433e-01 -1.190325e-01 3.600650e-05 -1.765701e-01 -1.497738e-01 -1.497961e-01 -1.321205e-01 -4.591477e-03 1.477114e-01 -1.433981e-01 2.461138e-02 -1.393148e-01 -2.057717e-01 -5.493656e-02 9.044748e-02 -1.041514e-01 -1.194184e-01 4.553440e-02 -1.109986e+00 4.982687e-02 6.225000e-02 -1.664526e-01 -1.363191e-01 8.193597e-03 -1.551004e-01 -1.497185e-01 -1.498814e-01 -1.164942e-01 2.246784e-03 3.521520e-02 -1.114087e-01 1.456634e-01 1.263099e-01 -2.041005e-01 8.055148e-02 -5.899842e-02 -1.040565e-01 1.376316e-01 2.536068e-02 -1.463892e-01 1.476078e-01 -1.491887e-01 -1.557355e-01 1.150900e-02 -7.647699e-02 -1.617945e-01 1.287164e-01 1.492595e-01 -1.556505e-01 -1.238068e-02 6.613965e-02 -1.522325e-01 1.343726e-01 8.405954e-03 -1.789990e-01 1.496726e-01 -1.440195e-01 -1.808214e-01 4.113260e-02 -1.457476e-01 -9.784881e-02 -3.535454e-02 -4.054715e-02 -1.625298e-01 -1.441718e-01 -7.005498e-02 -1.305329e-01 1.325444e-01 -1.144566e-01 -1.464040e-01 9.660903e-02 -2.612884e-03 -2.018478e-01 1.497479e-01 -1.327364e-01 -1.823886e-01 6.979888e-02 -1.461881e-01 -1.449512e-01 -3.312491e-02 1.162123e-01 -1.844078e-01 9.460916e-02 -1.240297e-01 -9.798920e-02 8.355945e-02 7.257968e-02 -1.743701e-01 1.310150e-01 -2.819334e-02 -1.043925e-01 -1.470784e-01 1.494501e-01 -1.469558e-01 1.153779e-02 -1.148037e-01 -1.696553e-01 9.646137e-02 -1.002959e-01 -1.012786e-01 1.112679e-01 -1.358011e-01 -1.255314e-01 6.300946e-02 -1.496791e-01 -1.471058e-01 4.870050e-03 -8.506614e-02 -1.038396e-01 -1.234305e-01 9.084898e-02 -1.205878e-01 -1.190398e-01 -1.479048e-01 -1.692324e-01 -2.403913e-02 4.428910e-02 -1.858110e-01 -1.432014e-01 1.357479e-01 -1.404570e-01 -6.345515e-02 -8.382285e-02 -1.442935e-01 1.241366e-01 -7.879765e-02 -1.200505e-01 1.273688e-01 5.159974e-02 -1.404339e-01 -1.406017e-01 -1.259898e-01 -1.699955e-01 8.099091e-02 8.528999e-02 -1.578867e-01 1.229852e-01 -1.470579e-01 -1.512768e-01 -2.831836e-02 1.496067e-01 -9.860990e-02 -1.013700e-02 2.395944e-02 -1.518206e-01 -1.479483e-01 6.258404e-02 -1.759491e-01 -1.361738e-01 -1.145209e-01 -1.392508e-01 -9.676933e-02 -1.413888e-01 -1.736607e-01 4.929397e-02 -1.387249e-03 -1.794815e-01 -1.497800e-01 1.488964e-01 -1.439438e-01 -1.779877e-02 -2.656779e-02 -1.550720e-01 -1.474802e-01 3.872861e-02 -1.206158e-01 1.446486e-01 -8.114976e-02 -1.480833e-01 -1.260966e-01 4.215922e-02 -1.737910e-01 -1.437606e-01 -3.020641e-02 -4.039437e-01 -1.379175e-01 -1.166411e-01 -1.230808e-01 9.394190e-02 -8.313378e-02 -1.288784e-01 -1.246084e-01 -1.492535e-01 -1.936204e-01 1.418167e-02 -1.489210e-01 -1.927936e-01 -1.585853e-02 1.001895e-01 -1.327340e-01 -1.114985e-01 -9.285287e-04 -1.978189e-01 1.497524e-01 -1.478840e-01 -1.208132e-01 -2.488759e-02 1.417359e-01 -1.215574e-01 -4.841521e-02 8.849844e-02 -1.325643e-01 -1.208050e-01 3.427053e-02 -1.361683e-01 1.459484e-01 -6.616203e-02 -1.634309e-01 -1.344675e-01 1.042749e-01 -1.102011e-01 -1.076675e-01 1.217337e-01 -1.229890e-01 -8.718695e-02 9.736541e-02 -1.495246e-01 -1.139294e-01 8.469307e-03 -1.999220e-01 1.493138e-01 8.803553e-02 -1.206407e-01 -1.211304e-01 -5.157248e-02 -1.860339e-01 -1.405701e-01 -4.736797e-02 -2.025316e-01 -1.422868e-01 1.188888e-02 -1.652061e-01 -1.493645e-01 1.309075e-01 -8.185208e-02 7.256351e-02 1.419030e-01 -1.075252e-01 4.791746e-02 9.573981e-02 -1.647309e-01 -1.151535e-01 1.491627e-01 -1.701959e-01 -1.452483e-02 1.133241e-01 -1.471108e-01 -9.783763e-02 1.148876e-01 -1.291903e-01 9.639845e-02 -1.439470e-01 -9.752499e-02 -4.124467e-02 -6.303146e-02 -1.109969e+00 -2.415319e-02 -1.386290e-01 -2.101458e-01 -5.685983e-02 -6.706809e-02 -1.109979e+00 7.625018e-03 1.442542e-01 -1.543636e-01 4.018075e-02 5.365441e-02 -1.497885e-01 -1.399087e-01 5.753509e-02 -1.660098e-01 1.382574e-01 8.338885e-02 -1.478559e-01 1.244110e-01 -1.497139e-01 -1.390957e-01 -4.103172e-03 -1.204624e-01 -1.227955e-01 8.906260e-02 1.431143e-01 -1.667181e-01 -4.420235e-02 -1.472671e-01 -9.329726e-02 -2.781238e-02 1.424346e-01 -1.015934e-01 -4.642326e-02 -5.357291e-02 -1.125430e-01 -1.399038e-01 -4.210159e-02 -1.669651e-01 -1.438277e-01 -1.471086e-01 -1.085173e-01 -2.812393e-02 8.838478e-02 -1.063931e-01 1.209662e-01 -6.257837e-02 -1.138174e-01 -1.362413e-01 -2.604931e-02 -1.465554e-01 -1.474547e-01 -1.491706e-01 -1.576936e-01 1.385057e-02 -1.204811e-01 -1.815777e-01 -8.898071e-02 1.572679e-04 -2.098734e-01 -1.499540e-01 -1.005135e-01 -1.312651e-01 1.111677e-01 -1.483509e-01 -1.549299e-01 -2.043128e-02 1.213326e-01 -1.844682e-01 -8.789513e-02 1.004303e-01 -8.837485e-02 1.108020e-01 -1.442811e-01 -1.098874e-01 4.070494e-02 -5.629431e-02 -1.381647e-01 1.387856e-01 1.483729e-01 -1.578318e-01 2.047742e-02 1.451737e-01 -9.325314e-02 3.719677e-02 -6.306626e-02 -1.252796e-01 1.359196e-01 -2.812651e-02 -1.571639e-01 1.471433e-01 -8.757462e-02 -1.813222e-01 -1.215193e-01 1.040591e-01 -2.029757e-01 -1.077119e-01 1.402940e-01 -9.760140e-02 5.249053e-02 -1.454208e-01 -1.476170e-01 -3.620238e-02 -9.862168e-02 -9.134728e-02 1.129169e-01 -4.287115e-02 -1.608273e-01 -1.435108e-01 1.441451e-01 -1.816637e-01 -4.067877e-02 -3.596326e-03 -9.281137e-01 9.015997e-02 9.399650e-02 -1.393332e-01 -1.165976e-01 4.871354e-02 -1.151498e-01 -1.416375e-01 8.491933e-02 -1.126479e-01 -1.233674e-01 -1.486816e-01 -1.299410e-01 1.769995e-02 1.282965e-01 -1.390655e-01 -7.731640e-02 6.325177e-02 -1.831854e-01 1.357780e-01 6.405804e-02 -2.152977e-01 1.354412e-01 1.143348e-01 -1.583827e-01 -9.683876e-02 2.968116e-02 -1.178840e-01 1.469503e-01 1.402390e-01 -2.027447e-01 -5.292398e-02 1.429527e-01 -2.048592e-01 -4.470603e-02 -1.098284e-01 -1.062793e-01 1.020503e-01 6.589404e-02 -1.358290e-01 1.342489e-01 1.393461e-01 -1.134614e-01 -5.506063e-02 8.863184e-02 -1.234084e-01 1.208949e-01 -2.548442e-02 -1.083203e+00 6.610381e-02 -1.077105e-01 -2.101324e-01 -1.040555e-01 3.071905e-02 -1.468924e-01 -1.467811e-01 2.912149e-02 -1.865256e-01 1.470415e-01 -8.165289e-04 -9.664936e-02 -1.497979e-01 1.371782e-01 -1.723263e-01 -6.018505e-02 -5.110894e-02 -1.088784e-01 -1.407677e-01 -5.203006e-03 -2.181417e-01 -1.498562e-01 2.136953e-02 -2.130610e-01 -1.482581e-01 -1.279048e-02 -2.134032e-01 1.492068e-01 -8.595376e-02 -1.420072e-01 1.226191e-01 -3.539687e-02 -1.017604e+00 7.067773e-02 1.475955e-01 -1.544327e-01 2.542295e-02 1.471200e-01 -8.609166e-02 -2.831091e-02 1.493444e-01 -1.860284e-01 1.243905e-02 1.817623e-02 -1.688560e-01 -1.486466e-01 -8.796961e-03 -2.178545e-01 -1.496194e-01 -1.405816e-01 -9.690645e-02 5.173661e-02 -4.791638e-02 -1.318449e-01 -1.419091e-01 -5.210238e-02 -1.005925e-01 1.404531e-01 1.246424e-01 -2.046044e-01 -8.300932e-02 -4.190335e-02 -1.109989e+00 5.291662e-02 -6.070122e-02 -1.025099e-01 1.368366e-01 -8.139769e-02 -1.273737e-01 1.257604e-01 -1.358006e-01 -1.288380e-01 -6.357328e-02 1.326788e-01 -2.016969e-01 -6.955278e-02 6.950688e-02 -1.993530e-01 -1.326611e-01 -5.674979e-02 -1.759333e-01 1.386942e-01 -1.440789e-01 -1.314503e-01 4.101980e-02 1.343022e-01 -1.511641e-01 -6.640509e-02 2.878174e-02 -9.080470e-01 8.816074e-02 1.352117e-01 -1.440445e-01 -6.486358e-02 -9.452445e-02 -2.083936e-01 1.163806e-01 -3.146499e-02 -1.545949e-01 1.464950e-01 3.457288e-02 -2.595180e-01 1.424559e-01 -9.662498e-02 -1.922509e-01 1.145309e-01 -5.417790e-02 -1.918325e-01 -1.398443e-01 -8.483449e-02 -1.603370e-01 -1.234784e-01 4.021597e-02 -1.915204e-01 1.442845e-01 -4.143131e-02 -1.919990e-01 1.439515e-01 1.226470e-01 -1.363960e-01 8.622298e-02 -1.123527e-01 -1.125555e-01 -9.927683e-02 1.475821e-01 -1.504287e-01 2.592178e-02 1.269747e-01 -1.017497e-01 7.940629e-02 -1.497183e-01 -1.902007e-01 3.576593e-03 -1.398538e-01 -2.189719e-01 5.365086e-02 -1.444903e-01 -1.731619e-01 -3.940422e-02 -4.011375e-02 -1.175095e-01 1.442962e-01 -1.253036e-01 -1.109514e-01 8.234928e-02 -1.458486e-01 -1.066953e-01 -3.479037e-02 6.331754e-02 -1.353174e-01 1.357707e-01 1.474446e-01 -9.875230e-02 -2.680917e-02 7.299796e-02 -2.010607e-01 -1.307643e-01 5.596494e-02 -1.152450e-01 -1.390583e-01 8.942777e-02 -1.387769e-01 -1.200943e-01 -4.770591e-02 -1.276874e-01 -1.419295e-01 -1.346667e-01 -1.600935e-01 -6.583167e-02 -2.614268e-02 -1.292299e-01 -1.476451e-01 -2.074369e-02 -1.209928e-01 -1.482076e-01 -1.481433e-01 -1.241458e-01 2.293702e-02 -1.052650e-01 -1.319202e-01 -1.065412e-01 4.677378e-02 -1.363276e-01 1.422884e-01 -1.249759e-01 -2.101003e-01 8.251627e-02 1.478391e-01 -1.380237e-01 2.500306e-02 1.332891e-01 -8.905515e-02 -6.821586e-02 -8.175657e-02 -1.362628e-01 1.254802e-01 1.205320e-01 -1.236228e-01 8.886173e-02 6.377412e-02 -1.388110e-01 1.353959e-01 -8.471627e-03 -1.152712e-01 1.496884e-01 -1.096472e-01 -1.562014e-01 -1.020034e-01 1.442324e-01 -1.158516e-01 -4.032859e-02 -1.490426e-01 -1.000019e-01 1.637623e-02 -1.374292e-01 -1.983180e-01 6.000428e-02 -2.385863e-02 -1.851796e-01 -1.480423e-01 1.495884e-01 -1.396416e-01 -7.316952e-03 2.702695e-02 -2.028127e-01 1.474602e-01 1.136524e-01 -1.745547e-01 -9.766562e-02 -1.304856e-01 -1.092151e-01 7.338925e-02 -1.454857e-01 -1.000282e-01 3.450969e-02 -4.621286e-02 -8.275850e-02 -1.425178e-01 -2.433350e-02 -1.732405e-01 -1.478706e-01 -9.498920e-02 -1.432079e-01 -1.158161e-01 -1.281966e-01 -1.903949e-01 -7.723462e-02 -4.834451e-03 -2.045691e-01 -1.497760e-01 -1.606577e-02 -1.543506e-01 -1.489542e-01 -1.562691e-02 -1.823677e-01 -1.491198e-01 6.669504e-02 -9.396306e-02 -1.342168e-01 -8.967649e-02 -6.555818e-01 8.606996e-02 -1.017164e-01 -1.543789e-01 -1.099111e-01 5.029575e-02 -1.075702e-01 1.410495e-01 1.014759e-01 -9.573314e-02 -1.102071e-01 -1.497554e-01 -1.038972e-01 7.007191e-04 -1.344137e-01 -1.329321e-01 6.609460e-02 1.497374e-01 -8.848146e-02 4.134212e-03 -1.499583e-01 -1.180101e-01 -1.297386e-03 9.908094e-02 -1.833608e-01 -1.124985e-01 1.498243e-01 -1.468063e-01 2.827296e-03 -1.316558e-01 -2.010425e-01 7.074801e-02 1.024649e-02 -1.187242e-01 1.495910e-01 5.357445e-02 -1.375627e-01 -1.398973e-01 -1.674827e-02 -1.046281e+00 7.357927e-02 4.040803e-02 -1.237082e-01 1.443565e-01 1.228239e-02 -1.788636e-01 1.492969e-01 -1.377817e-01 -1.689058e-01 5.870795e-02 -1.188864e-01 -3.750050e-01 8.115115e-02 1.477419e-01 -1.596320e-01 2.482389e-02 -3.898760e-02 -1.572343e-01 1.446616e-01 1.261473e-01 -1.280008e-01 8.082821e-02 -1.226228e-01 -1.835425e-01 -8.613049e-02 -2.260378e-02 -1.214088e-01 -1.480379e-01 1.490629e-01 -1.414401e-01 -1.459429e-02 -4.032993e-02 -1.109988e+00 5.412564e-02 -1.172104e-01 -1.689133e-01 -9.340481e-02 9.923518e-02 -1.312530e-01 1.123311e-01 2.294636e-02 -1.313687e-01 -1.478930e-01 -1.286506e-01 -2.004477e-01 -7.691847e-02 -1.492134e-01 -2.119657e-01 1.389144e-02 1.362426e-01 -1.766413e-01 -6.235575e-02 7.875939e-02 -1.987060e-01 -1.275836e-01 1.467312e-01 -1.349690e-01 3.048599e-02 -7.806325e-02 -1.017668e-01 1.277897e-01 9.122638e-02 -1.832023e-01 1.187648e-01 -1.499149e-01 -1.058526e-01 3.089129e-03 8.147457e-02 -1.680329e-01 1.257249e-01 -1.302869e-01 -1.066620e-01 7.382766e-02 3.727600e-02 -1.893438e-01 -1.451851e-01 1.498229e-01 -1.695228e-01 4.850456e-03 3.930173e-02 -1.381118e-01 -1.446238e-01 1.494718e-01 -1.363063e-01 -9.778500e-03 5.074459e-02 -1.678834e-01 1.408481e-01 -1.488483e-01 -1.584814e-01 1.831465e-02 1.454616e-01 -1.215077e-01 -3.597177e-02 7.502359e-02 -1.241636e-01 -1.296318e-01 -1.480869e-01 -1.747269e-01 2.299915e-02 1.138472e-01 -1.308917e-01 9.764279e-02 -1.495236e-01 -1.512943e-01 -1.003476e-02 -1.490206e-01 -1.224469e-01 -1.534348e-02 -1.447756e-01 -1.888709e-01 3.895604e-02 -1.490192e-01 -1.348854e-01 -1.567986e-02 -6.107049e-02 -1.374253e-01 1.367534e-01 -4.201231e-02 -1.612783e-01 -1.437667e-01 5.905863e-02 -1.991083e-01 -1.376184e-01 -1.098854e-01 -1.180260e-01 1.020097e-01 1.329199e-01 -1.372672e-01 -6.901138e-02 -1.177068e-01 -1.914752e-01 -9.262166e-02 -1.332272e-01 -2.128029e-01 -6.844546e-02 -1.063336e-01 -1.835020e-01 1.054596e-01 9.065459e-02 -1.711491e-01 1.192182e-01 -1.446399e-01 -1.297666e-01 -3.881457e-02 -7.204964e-02 -1.520372e-01 1.314819e-01 -1.498588e-01 -2.137414e-01 -2.280541e-03 9.983065e-02 -1.697970e-01 -1.118684e-01 -1.338233e-01 -1.987278e-01 -6.737801e-02 -1.185549e-01 -9.114768e-02 -9.157573e-02 6.163469e-03 -1.847218e-01 1.496613e-01 -8.251557e-02 -1.681724e-01 1.249937e-01 -6.673580e-02 -1.473782e-01 -1.340786e-01 1.410243e-01 -1.109161e-01 -5.073647e-02 -2.571755e-02 -1.728390e-01 1.476112e-01 -7.421416e-02 -1.754551e-01 -1.300939e-01 -3.073161e-02 -1.799786e-01 -1.466813e-01 1.443592e-01 -8.840879e-02 4.039082e-02 1.356082e-01 -1.113045e-01 6.400324e-02 1.351978e-01 -1.905610e-01 -6.450836e-02 1.333639e-01 -1.144652e-01 -6.807591e-02 -1.498594e-01 -1.730192e-01 -3.148238e-03 1.025769e-01 -1.312930e-01 1.093973e-01 -1.443787e-01 -1.223698e-01 3.971137e-02 9.989276e-02 -1.673803e-01 1.116435e-01 -1.322286e-01 -1.900930e-01 7.013220e-02 -1.496153e-01 -1.631686e-01 -6.770475e-03 8.192682e-02 -9.257881e-02 1.254552e-01 -1.478796e-01 -1.870033e-01 -2.378511e-02 1.271577e-01 -1.345676e-01 7.908835e-02 9.267917e-02 -1.765724e-01 1.176348e-01 -1.459807e-01 -1.147977e-01 -3.338397e-02 9.465045e-02 -1.148971e-01 1.160960e-01 1.197495e-01 -1.534633e-01 9.009531e-02 9.953368e-02 -1.753903e-01 1.120848e-01 2.787447e-02 -1.073726e-01 1.473640e-01 -8.975848e-02 -1.157505e-01 1.198860e-01 -7.574932e-02 -1.828800e-01 1.291734e-01 9.473174e-02 -1.553542e-01 -1.161197e-01 1.232482e-01 -1.615889e-01 -8.545078e-02 -1.084647e-01 -1.732188e-01 -1.032611e-01 1.006924e-01 -2.000137e-01 -1.109281e-01 1.010901e-01 -1.043597e-01 1.105462e-01 1.499281e-01 -1.267570e-01 3.726473e-03 -1.213564e-01 -1.941254e-01 8.788583e-02 -5.222120e-02 -2.010499e-01 1.404109e-01 -1.314951e-01 -1.671897e-01 7.107463e-02 1.130394e-01 -1.248458e-01 -9.827428e-02 -5.037883e-02 -1.855887e-01 -1.410760e-01 8.568748e-02 -1.976082e-01 -1.228125e-01 -1.486342e-01 -1.303914e-01 1.719372e-02 -1.486061e-01 -2.075368e-01 -1.858136e-02 -1.379343e-01 -1.818781e-01 -5.875865e-02 1.436805e-01 -2.006183e-01 4.271602e-02 1.120569e-01 -1.045938e-01 -9.939811e-02 -1.348774e-01 -1.478399e-01 -6.538129e-02 6.227547e-02 -1.433205e-01 -1.362928e-01 -1.203711e-01 -1.066204e-01 -8.921539e-02 1.154172e-01 -1.493726e-01 9.531775e-02 7.484092e-02 -1.680461e-01 1.297860e-01 -4.180092e-02 -1.031820e-01 -1.438247e-01 1.495374e-01 -1.471563e-01 -1.107656e-02 8.577478e-02 -1.787247e-01 -1.228454e-01 7.551175e-02 -1.326400e-01 -1.294392e-01 -8.388583e-02 -1.184812e-01 -1.240197e-01 1.349660e-01 -1.010266e-01 -6.504016e-02 1.230499e-01 -1.540547e-01 -8.536240e-02 6.344448e-02 -1.402283e-01 1.357053e-01 6.240369e-02 -1.274513e-01 -1.361064e-01 1.043311e-01 -1.976769e-01 1.074841e-01 -4.256896e-02 -1.604812e-01 -1.435945e-01 9.339929e-02 -9.024577e-01 -2.710711e-03 -5.980688e-02 -1.879410e-01 1.374832e-01 -2.228214e-02 -1.516163e-01 -1.482162e-01 -1.159510e-01 -8.684625e-02 9.509245e-02 1.217827e-01 -1.503800e-01 8.725616e-02 1.490146e-01 -1.206418e-01 -1.529142e-02 1.005854e-01 -1.663297e-01 -1.109251e-01 -1.130633e-01 -1.593502e-01 -9.838339e-02 1.374661e-01 -1.932051e-01 -5.984808e-02 1.357894e-01 -1.799572e-01 -6.315041e-02 7.445560e-02 -1.160999e-01 1.299530e-01 -1.025611e-01 -1.863393e-01 1.092050e-01 -6.420029e-02 -1.303323e-01 1.353747e-01 1.490165e-01 -1.256327e-01 1.491718e-02 -5.692314e-02 -1.353921e-01 -1.386888e-01 -1.098001e-01 -1.847991e-01 -1.018343e-01 -1.476500e-01 -1.055687e-01 2.525830e-02 -1.252913e-01 -1.816029e-01 8.216740e-02 1.310055e-01 -1.788184e-01 7.266556e-02 -1.926206e-02 -1.694444e-01 1.485315e-01 1.397950e-01 -1.361984e-01 -5.396551e-02 1.623515e-02 -2.034567e-01 -1.488489e-01 -1.924871e-02 -1.240920e-01 -1.486949e-01 -4.820014e-02 -1.643741e-01 -1.417998e-01 9.635086e-02 -1.109534e-01 -1.147724e-01 -9.398787e-02 -2.003762e-01 1.165961e-01 -1.491704e-01 -1.542220e-01 1.500213e-02 -1.220679e-01 -1.048758e-01 8.666714e-02 -6.659281e-02 -2.044634e-01 1.342903e-01 1.314327e-01 -1.203758e-01 7.186494e-02 8.169458e-02 -2.117421e-01 -1.255319e-01 1.118097e-01 -1.694810e-01 9.981631e-02 1.473674e-01 -1.986736e-01 -2.661078e-02 1.495975e-01 -1.000316e-01 -6.737392e-03 -1.486046e-01 -9.706948e-02 1.885628e-02 9.451015e-02 -1.377376e-01 -1.163998e-01 -1.044760e-01 -1.136240e-01 -1.073745e-01 8.195905e-02 -2.069177e-01 -1.253547e-01 -1.112664e-01 -9.131319e-02 -1.002068e-01 -5.663078e-03 -1.883961e-01 1.497110e-01 1.471910e-01 -1.853837e-01 2.833806e-02 -5.921725e-03 -1.539151e-01 -1.497855e-01 -7.115881e-02 -1.180925e-01 -1.318379e-01 9.438426e-02 -1.547465e-01 1.160263e-01 1.212113e-01 -1.630970e-01 8.816676e-02 4.467114e-03 -1.060663e-01 1.494649e-01 1.434220e-01 -1.942977e-01 4.357939e-02 -6.864046e-02 -1.997660e-01 -1.331148e-01 1.107315e-02 -1.117311e-01 1.493961e-01 -1.487288e-01 -2.022642e-01 -1.783544e-02 -2.713137e-02 -1.548118e-01 1.473837e-01 -1.907961e-02 -1.930515e-01 -1.486587e-01 -1.140279e-01 -1.961787e-01 -9.733690e-02 1.150569e-01 -1.130603e-01 9.587021e-02 -1.179340e-01 -1.791573e-01 9.265152e-02 1.415423e-01 -1.239856e-01 -4.889459e-02 1.243229e-01 -1.257551e-01 8.353582e-02 1.469659e-01 -9.190904e-02 -2.932990e-02 1.463716e-01 -9.675810e-02 3.133658e-02 -7.070976e-02 -1.306953e-01 1.320404e-01 -1.453971e-01 -1.007825e-01 -3.606925e-02 -1.215874e-01 -1.608513e-01 8.777069e-02 -1.439493e-01 -1.964875e-01 4.120388e-02 -1.475507e-01 -1.028054e-01 2.583663e-02 -7.403086e-03 -1.141075e-01 1.496286e-01 7.382882e-02 -9.726422e-02 -1.303657e-01 -1.031887e-01 -1.697332e-01 -1.085869e-01 -2.696346e-02 -1.109988e+00 6.187844e-02 -1.496804e-01 -1.969339e-01 5.796914e-03 -1.443794e-01 -1.073038e-01 -4.009724e-02 1.150160e-01 -1.819236e-01 9.557032e-02 4.109325e-02 -1.590395e-01 -1.439768e-01 -5.194212e-02 -1.403341e-01 -1.405825e-01 1.157768e-01 -1.712785e-01 9.513164e-02 -3.647531e-02 -1.463154e-01 -1.453803e-01 2.032103e-02 -2.028613e-01 -1.483685e-01 3.090730e-02 -1.109998e+00 6.000562e-02 -1.447004e-01 -2.048386e-01 -3.853863e-02 -6.486034e-02 -4.701336e-01 -1.245515e-01 1.488726e-01 -1.895914e-01 1.658042e-02 1.412909e-01 -1.498176e-01 -4.965992e-02 -9.790787e-02 -1.480489e-01 1.134363e-01 1.302685e-01 -1.225176e-01 7.427824e-02 -8.015454e-02 -1.351067e-01 -1.264910e-01 -1.251532e-01 -1.147296e-01 -8.235048e-02 1.326941e-01 -1.468831e-01 -6.963001e-02 1.295034e-01 -1.371129e-01 7.529942e-02 1.497352e-01 -1.275865e-01 7.329209e-03 -4.674414e-03 -2.076470e-01 1.497094e-01 3.842738e-02 -1.250215e-01 -1.448016e-01 -1.494677e-01 -1.817230e-01 -1.092781e-02 -1.404426e-01 -1.735343e-01 -5.207439e-02 -1.293180e-01 -1.817841e-01 -7.587266e-02 1.446375e-01 -1.182165e-01 3.910661e-02 9.408761e-02 -1.862107e-01 1.167067e-01 -1.428503e-01 -2.017196e-01 -4.490719e-02 1.401515e-01 -1.366624e-01 5.280943e-02 5.324418e-02 -1.603032e-01 -1.400141e-01 1.273392e-01 -1.399137e-01 -7.882235e-02 -4.140090e-02 -1.633393e-01 -1.439899e-01 -2.458312e-02 -1.326644e-01 1.477377e-01 1.465195e-01 -1.793126e-01 3.156039e-02 -1.374416e-01 -1.400436e-01 5.947269e-02 -6.867110e-02 -1.592348e-01 -1.329592e-01 -3.469397e-02 -8.128785e-01 -9.871671e-02 -1.246384e-01 -1.578436e-01 -8.318130e-02 -6.229476e-02 -1.092268e-01 1.361326e-01 7.106426e-02 -2.006409e-01 -1.318486e-01 -1.384921e-01 -1.784922e-01 -5.732823e-02 2.761617e-02 -1.796856e-01 1.472219e-01 -7.028048e-02 -1.357283e-01 1.323308e-01 1.493534e-01 -1.112076e-01 1.251227e-02 -1.106969e-01 -1.844419e-01 1.009068e-01 -1.077785e-01 -1.583817e-01 -1.038951e-01 -1.044378e-01 -2.189357e-01 -1.073424e-01 -1.460266e-01 -1.343793e-01 3.322766e-02 -1.311157e-01 -1.589530e-01 7.239208e-02 -3.806420e-02 -2.025131e-01 1.449695e-01 -3.504302e-02 -1.805127e-01 -1.457031e-01 -4.021892e-02 -1.626226e-01 1.442492e-01 -8.975815e-02 -1.875270e-01 1.199093e-01 -1.441795e-01 -1.868805e-01 4.077754e-02 9.814143e-02 -1.498055e-01 1.131057e-01 1.467394e-01 -1.266684e-01 -2.996100e-02 -9.386875e-02 -1.880076e-01 -1.165462e-01 -1.377506e-04 -1.101033e-01 1.497449e-01 -1.103561e-01 -1.134748e-01 1.014908e-01 -9.656668e-02 -1.640339e-01 -1.146080e-01 1.639168e-02 -1.566623e-01 -1.488546e-01 -1.462009e-01 -1.060072e-01 3.316988e-02 1.166716e-01 -1.615686e-01 -9.374946e-02 -1.412461e-01 -1.409536e-01 4.972787e-02 -7.542367e-02 -9.451263e-02 1.290762e-01 1.497475e-01 -1.051073e-01 3.926300e-03 -1.237378e-01 -1.246404e-01 -8.445457e-02 1.187243e-01 -1.980052e-01 9.156764e-02 6.059842e-03 -9.028503e-02 1.496562e-01 1.420526e-01 -1.371527e-01 -4.769957e-02 1.493805e-01 -1.052629e-01 -1.074240e-02 -9.067358e-02 -1.464121e-01 1.192100e-01 -1.479590e-01 -8.616086e-02 2.315445e-02 -6.031508e-02 -1.232373e-01 1.370798e-01 -1.328820e-01 -1.712743e-01 -6.906522e-02 -1.296901e-01 -1.582027e-01 -7.498808e-02 -7.384099e-02 -1.989970e-01 1.305271e-01 -1.212236e-01 -1.734912e-01 8.828162e-02 -7.437315e-02 -1.117124e-01 -1.300421e-01 -5.174950e-02 -1.716093e-01 -1.405526e-01 -1.454513e-01 -1.628259e-01 3.568332e-02 1.495159e-01 -1.270983e-01 9.441207e-03 1.334955e-01 -1.408664e-01 6.819298e-02 1.433739e-01 -1.421305e-01 4.328191e-02 -1.003727e-01 -2.083848e-01 -1.111445e-01 -1.144151e-01 -1.018398e-01 9.695054e-02 -1.283213e-01 -1.396639e-01 -7.722535e-02 3.272415e-04 -1.025929e-01 -1.497608e-01 -1.141681e-01 -1.160491e-01 9.699476e-02 -1.320001e-01 -1.516492e-01 7.077854e-02 9.132545e-02 -2.085353e-01 1.187003e-01 -1.411317e-01 -1.980974e-01 4.991826e-02 -1.358891e-01 -1.875791e-01 6.279019e-02 -1.366133e-01 -1.378439e-01 -6.144229e-02 1.373101e-01 -1.862653e-01 6.014039e-02 2.630328e-02 -1.398572e-01 -1.474250e-01 -1.123204e-01 -1.104200e-01 -9.905139e-02 1.492850e-01 -1.339981e-01 1.356272e-02 2.194996e-03 -1.837203e-01 -1.499031e-01 4.884107e-02 -2.314757e-01 1.416076e-01 -1.455535e-01 -2.238446e-01 3.523010e-02 -1.275703e-01 -1.265865e-01 7.837965e-02 -4.742177e-04 -1.450851e-01 -1.497986e-01 -2.369729e-02 -1.317428e-01 -1.480465e-01 1.374760e-01 -8.795869e-02 5.887591e-02 3.220067e-02 -1.179181e-01 1.464143e-01 1.023072e-02 -9.431919e-02 1.495967e-01 1.492246e-01 -1.066287e-01 1.456264e-02 1.105618e-01 -1.398446e-01 -1.012194e-01 2.791551e-04 -1.271615e-01 -1.499441e-01 -1.218018e-01 -2.075715e-01 8.726273e-02 2.296148e-02 -1.882786e-01 -1.479771e-01 -1.124414e-01 -4.135226e-01 8.842406e-02 -1.053176e-01 -1.803793e-01 1.064700e-01 -1.095444e-01 -1.549088e-01 -1.022700e-01 1.326056e-01 -1.496513e-01 6.957182e-02 -1.094430e-01 -1.495683e-01 1.023950e-01 1.231959e-01 -1.580709e-01 8.491381e-02 3.394060e-02 -2.016542e-01 1.458570e-01 -1.464848e-01 -1.367839e-01 -3.122284e-02 1.650088e-02 -1.023234e-01 -1.490308e-01 -2.091372e-02 -1.427616e-01 -1.482853e-01 1.497937e-01 -2.082061e-01 1.160806e-03 4.371283e-02 -1.965867e-01 1.433093e-01 8.965620e-02 -1.402365e-01 1.200702e-01 7.614156e-02 -9.280760e-02 -1.289202e-01 -1.439852e-01 -1.476640e-01 4.140164e-02 -5.337033e-02 -1.302691e-01 -1.399165e-01 -1.413833e-01 -1.755141e-01 -4.971277e-02 2.028506e-02 -9.584365e-02 -1.483496e-01 1.097038e-01 -9.604592e-02 -1.019285e-01 -1.497232e-01 -1.735587e-01 -2.407238e-03 -1.445179e-01 -1.246870e-01 3.927901e-02 1.073084e-01 -1.557985e-01 1.047022e-01 -1.291067e-01 -1.783923e-01 7.602440e-02 1.494639e-01 -1.402392e-01 -9.891463e-03 8.832715e-03 -8.433851e-02 -1.494832e-01 -1.401407e-01 -1.837629e-01 5.300722e-02 5.341140e-02 -1.037573e-01 1.399890e-01 7.587520e-02 -1.384363e-01 -1.293535e-01 6.469344e-02 -2.006966e-01 -1.350562e-01 4.436873e-02 -8.139016e-02 1.432288e-01 9.483592e-02 -1.673325e-01 -1.159087e-01 2.403282e-02 -1.670111e-01 -1.479748e-01 1.265838e-01 -1.911551e-01 -8.001564e-02 -7.980033e-02 -1.609803e-01 1.267341e-01 -1.167443e-01 -9.394941e-02 -9.395865e-02 4.562585e-02 -1.091956e-01 1.428114e-01 6.455491e-02 -1.109939e+00 1.971723e-02 4.230055e-02 -1.584199e-01 -1.436817e-01 -2.141532e-02 -1.291729e-01 -1.482252e-01 -8.427948e-03 -1.818323e-01 1.495634e-01 1.092315e-01 -1.719921e-01 1.026272e-01 1.337512e-01 -2.078452e-01 6.775007e-02 1.086573e-01 -1.156408e-01 1.030802e-01 -6.562380e-02 -1.082318e-01 1.347962e-01 1.079346e-01 -9.966253e-02 -1.039845e-01 1.273348e-01 -2.061054e-01 7.903437e-02 1.399543e-01 -1.185902e-01 -5.326684e-02 -6.462643e-02 -2.070353e-01 1.352908e-01 1.367172e-01 -9.046687e-02 6.111282e-02 1.185753e-01 -1.656194e-01 9.166700e-02 -7.892123e-02 -1.012971e-01 1.273128e-01 -9.392214e-02 -1.309726e-01 -1.165759e-01 1.418082e-01 -1.855940e-01 4.810215e-02 1.474349e-01 -2.009977e-01 2.621268e-02 -1.366049e-01 -9.256742e-02 6.124423e-02 1.395303e-01 -1.425335e-01 5.451569e-02 1.436429e-01 -9.427505e-02 -4.283448e-02 1.467786e-01 -2.667857e-01 6.087698e-03 9.874731e-02 -1.086009e-01 -1.127360e-01 -3.667298e-02 -1.466580e-01 -1.453643e-01 3.269887e-02 -1.572046e-01 -1.462208e-01 2.385203e-02 -1.648938e-01 -1.478962e-01 3.941851e-02 -8.924399e-02 -1.445480e-01 -1.284744e-01 -1.421565e-01 7.720391e-02 1.374300e-01 -2.006145e-01 5.974993e-02 2.622971e-02 -1.730458e-01 1.474811e-01 -6.341526e-02 -1.951317e-01 1.356936e-01 -1.442775e-01 -1.114517e-01 4.018500e-02 1.488518e-01 -9.854855e-02 -1.778326e-02 6.103772e-02 -2.027003e-01 1.368845e-01 -7.870073e-02 -1.942599e-01 1.275874e-01 -4.473061e-02 -1.707082e-01 -1.429229e-01 8.125466e-02 -1.335590e-01 -1.260412e-01 5.426696e-02 -1.691576e-01 -1.396323e-01 3.825964e-02 -1.043895e-01 1.448922e-01 1.403609e-01 -1.870000e-01 5.249592e-02 7.504310e-02 -1.218652e-01 1.296845e-01 -1.477505e-01 -1.925632e-01 2.429382e-02 -5.933115e-02 -1.341507e-01 -1.375074e-01 -1.057472e-02 -1.260445e-01 -1.494645e-01 -1.382239e-01 -1.037580e-01 -5.750732e-02 -2.827269e-03 -1.541229e-01 1.499248e-01 -1.482113e-01 -1.578226e-01 -2.156019e-02 -1.405338e-01 -9.428786e-02 -5.183050e-02 9.647582e-02 -1.752417e-01 -1.145736e-01 1.261084e-01 -1.265639e-01 8.078215e-02 1.377306e-01 -1.396274e-01 -5.882176e-02 -9.465098e-02 -1.994827e-01 -1.160630e-01 1.197797e-01 -1.296738e-01 -8.955936e-02 -1.207827e-01 -9.931642e-02 8.821166e-02 3.021565e-03 -2.040018e-01 -1.498570e-01 -1.375377e-01 -1.520525e-01 -5.975785e-02 -1.356298e-01 -1.671554e-01 6.359922e-02 -1.343569e-01 -1.048387e-01 6.601809e-02 -1.087539e-01 -1.662595e-01 1.031151e-01 5.073401e-04 -1.975175e-01 1.499007e-01 -1.411460e-01 -1.059767e-01 -5.006805e-02 -1.465056e-01 -1.363503e-01 2.997915e-02 9.091640e-02 -1.019515e-01 -1.191623e-01 -1.495694e-01 -1.449290e-01 7.203166e-03 -1.128194e-01 -1.488701e-01 -9.852833e-02 9.452541e-02 -1.656585e-01 -1.161575e-01 1.422216e-01 -2.037089e-01 4.693998e-02 1.114473e-01 -9.749414e-02 -1.000657e-01 -2.084420e-02 -1.752812e-01 -1.484100e-01 1.109380e-01 -1.983579e-01 -1.007457e-01 -9.113214e-02 -1.869196e-01 1.188964e-01 4.731623e-02 -1.080519e-01 -1.421891e-01 -1.010681e-01 -9.397457e-02 1.105090e-01 1.383353e-02 -1.566032e-01 1.492595e-01 -1.175730e-01 -1.941353e-01 -9.277612e-02 -1.434647e-01 -8.914386e-02 4.299523e-02 5.865024e-02 -9.914657e-02 -1.379267e-01 8.982475e-02 -1.395401e-01 1.197967e-01 -4.108328e-02 -1.493744e-01 -1.440349e-01 4.844205e-02 -1.852113e-01 1.417339e-01 3.012012e-02 -1.787093e-01 -1.468693e-01 9.384347e-02 -6.326098e-01 8.582177e-02 1.015081e-01 -1.924666e-01 -1.101558e-01 1.495163e-01 -1.854469e-01 1.165139e-02 -1.435602e-01 -1.890614e-01 4.290931e-02 -3.015724e-02 -1.527259e-01 1.466760e-01 -5.792636e-02 -1.418543e-01 -1.381815e-01 1.325406e-01 -1.739670e-01 6.978960e-02 1.493026e-01 -1.973850e-01 -9.447735e-03 -1.449051e-01 -1.315144e-01 -3.754969e-02 -7.938541e-02 -1.822806e-01 -1.269820e-01 -1.483238e-01 -1.357712e-01 -2.184129e-02 1.213670e-01 -1.104838e-01 -8.806691e-02 -3.372709e-02 -1.347800e-01 1.458745e-01 -1.226776e-01 -1.276372e-01 8.626426e-02 -9.369143e-03 -1.748645e-01 -1.493876e-01 1.415979e-01 -1.921828e-01 4.888835e-02 -1.005740e-01 -2.028486e-01 1.112410e-01 8.805874e-02 -1.164470e-01 -1.212521e-01 1.454176e-01 -1.308747e-01 3.590067e-02 -1.426758e-01 -1.294362e-01 -4.602315e-02 6.152118e-02 -1.127433e-01 1.365435e-01 4.241065e-02 -1.069183e-01 1.436974e-01 5.180971e-02 -8.651259e-02 1.405398e-01 1.266555e-01 -1.018459e-01 -7.995097e-02 -1.063576e-01 -1.173446e-01 1.051731e-01 -6.606267e-02 -2.126296e-01 1.344117e-01 -1.394176e-02 -1.473529e-01 1.491180e-01 1.132471e-02 -1.109478e-01 -1.494402e-01 -1.238226e-01 -1.642418e-01 8.437764e-02 1.190811e-01 -1.115581e-01 9.102550e-02 -1.432707e-01 -1.999983e-01 -4.411864e-02 -1.480336e-01 -1.585745e-01 2.320267e-02 -1.383114e-01 -1.672278e-01 -5.741848e-02 -1.150928e-01 -1.699450e-01 9.598554e-02 1.488384e-01 -1.269590e-01 -1.682640e-02 -1.407160e-01 -1.100935e-01 5.123787e-02 9.565832e-02 -1.572957e-01 -1.154897e-01 7.307199e-02 -1.602195e-01 1.309451e-01 -1.220971e-01 -9.624442e-02 8.687069e-02 7.794039e-02 -1.925522e-01 -1.278391e-01 -1.167758e-01 -1.893637e-01 9.405582e-02 -7.178229e-02 -1.564422e-01 1.315536e-01 -1.302937e-01 -1.578791e-01 7.402355e-02 -7.699771e-02 -1.717387e-01 -1.282646e-01 8.310617e-02 -1.108962e-01 -1.246347e-01 7.259218e-02 -1.303487e-01 -1.310858e-01 -9.319654e-02 -1.633296e-01 -1.174169e-01 7.086898e-02 -1.441550e-01 1.319662e-01 1.074314e-01 -2.033433e-01 1.046610e-01 4.206738e-03 -1.977154e-01 1.497767e-01 -3.532465e-02 -1.298663e-01 1.455383e-01 -1.299809e-01 -2.077495e-01 -7.437449e-02 -1.492414e-01 -1.200221e-01 -1.163470e-02 8.379427e-02 -6.075588e-01 9.978346e-02 1.486032e-01 -1.947996e-01 -1.930475e-02 1.090812e-02 -1.508805e-01 -1.494879e-01 9.364522e-02 -1.924469e-01 -1.170944e-01 -1.133131e-01 -1.983783e-01 9.790985e-02 1.457074e-01 -1.707003e-01 -3.461024e-02 -1.474806e-01 -9.584058e-02 -2.586843e-02 1.069420e-01 -1.503081e-01 -1.046037e-01 4.686585e-02 -1.185815e-01 -1.422372e-01 4.817708e-02 -1.341559e-01 -1.418802e-01 -1.466630e-01 -1.650802e-01 3.057271e-02 -5.701407e-02 -1.974682e-01 1.384798e-01 -2.706165e-02 -1.010110e+00 -7.526539e-02 -1.104253e-02 -8.537704e-02 -1.494421e-01 -7.473479e-02 -2.094713e-01 1.299374e-01 -8.288581e-02 -2.006723e-01 1.243329e-01 4.087167e-02 -1.501967e-01 -1.441147e-01 -1.392354e-01 -1.049166e-01 -5.522438e-02 3.171178e-02 -1.913572e-01 -1.464121e-01 6.314037e-02 -1.047154e-01 1.357967e-01 -1.364839e-01 -1.914851e-01 6.184040e-02 6.324743e-02 -1.207021e-01 1.357445e-01 -4.926604e-02 -4.347815e-01 1.341820e-01 1.205254e-01 -9.387131e-02 -8.904827e-02 1.151672e-01 -1.715548e-01 9.559952e-02 -9.527589e-02 -1.120725e-01 1.156312e-01 1.476748e-01 -1.820219e-01 -2.516535e-02 -7.022335e-02 -2.050608e-01 -1.323071e-01 -1.460209e-01 -2.103271e-01 -3.374730e-02 -1.358302e-01 -8.850491e-02 6.303609e-02 -1.155464e-01 -2.050082e-01 -9.531806e-02 4.565881e-02 -1.011649e-01 1.427860e-01 1.490350e-01 -1.737273e-01 -1.630668e-02 -3.229113e-02 -1.856479e-01 -1.462471e-01 1.166850e-01 -1.049304e-01 -9.418763e-02 1.487477e-01 -9.266731e-02 1.911983e-02 3.597134e-03 -9.933067e-02 1.497225e-01 5.095940e-03 -1.595048e-01 1.497683e-01 -5.060299e-02 -1.736074e-01 1.410204e-01 1.498860e-01 -1.415290e-01 -2.935034e-03 -2.540109e-02 -1.901198e-01 -1.475342e-01 -1.457715e-01 -1.939404e-01 -3.453534e-02 -1.455800e-01 -1.805401e-01 3.594786e-02 -7.614914e-02 -1.296020e-01 1.289305e-01 1.496899e-01 -1.081276e-01 5.198970e-03 1.187888e-01 -1.993918e-01 9.111796e-02 1.166831e-01 -1.232604e-01 -9.375408e-02 6.399447e-02 -1.084308e-01 1.355727e-01 -1.058522e-01 -1.671329e-01 1.057723e-01 1.052962e-01 -1.125839e-01 1.067228e-01 4.656043e-02 -1.109996e+00 4.886820e-02 1.251987e-01 -2.104520e-01 -8.220586e-02 -7.628714e-02 -1.555941e-01 1.288598e-01 -1.430618e-01 -2.070370e-01 -4.448589e-02 1.489543e-01 -1.651082e-01 1.508242e-02 -1.032762e-01 -1.023402e-01 1.087103e-01 -1.447163e-01 -1.452956e-01 3.829620e-02 7.177942e-02 -1.961841e-01 -1.313977e-01 -1.438113e-01 -1.135023e-01 -4.195832e-02 -1.467645e-01 -1.731517e-01 -3.077403e-02 7.802714e-02 -1.512229e-01 1.278712e-01 -1.033395e-02 -1.463591e-01 1.495726e-01 -1.371033e-02 -1.217795e-01 1.492508e-01 -7.034255e-02 -3.994003e-01 1.246359e-01 1.491776e-01 -1.606293e-01 -1.375158e-02 -2.381744e-02 -1.589351e-01 -1.476697e-01 -7.191392e-03 -1.611950e-01 -1.496505e-01 -1.128142e-01 -1.341183e-01 9.850153e-02 -1.045351e-01 -1.589005e-01 -1.074473e-01 1.222369e-01 -8.495694e-02 -8.650422e-02 -1.197295e-01 -2.078114e-01 9.005924e-02 1.679258e-02 -1.632175e-01 1.489872e-01 1.009101e-01 -2.020635e-01 1.106599e-01 -1.345896e-01 -9.168615e-02 -6.597473e-02 -1.410420e-01 -2.106750e-01 5.088985e-02 6.127249e-03 -2.194493e-01 -1.497855e-01 -1.487244e-01 -1.201475e-01 1.735679e-02 1.365524e-01 -1.917139e-01 6.196877e-02 9.801859e-02 -1.004243e-01 1.131929e-01 1.133371e-01 -1.101245e-01 9.789278e-02 3.663213e-02 -1.962803e-01 -1.451889e-01 -1.327707e-01 -1.597736e-01 -6.935059e-02 -1.440343e-01 -1.562209e-01 -4.106358e-02 -1.233582e-01 -8.433177e-02 8.485630e-02 9.276080e-02 -1.019560e-01 -1.175753e-01 1.143881e-01 -1.454622e-01 -9.695476e-02 9.015700e-02 -1.390296e-01 -1.196305e-01 1.486839e-01 -1.952149e-01 -1.790197e-02 1.265877e-01 -1.478152e-01 -7.997666e-02 -4.145727e-02 -1.945788e-01 -1.439080e-01 1.393398e-01 -1.974118e-01 -5.526159e-02 1.256626e-01 -1.099647e-01 8.177250e-02 -1.146338e-01 -1.290803e-01 9.650107e-02 -1.191885e-01 -1.003524e-01 9.081388e-02 1.388377e-01 -1.875619e-01 -5.617566e-02 -9.538675e-02 -1.772129e-01 -1.154849e-01 -4.392745e-02 -1.692771e-01 -1.432868e-01 -1.489154e-01 -1.843844e-01 -1.585324e-02 -3.295178e-03 -1.782370e-01 -1.498624e-01 6.734705e-02 -1.709208e-01 1.337558e-01 9.271597e-02 -1.244714e-01 1.176013e-01 5.725766e-02 -1.360186e-01 1.384420e-01 1.275666e-01 -1.641775e-01 -7.850895e-02 1.420172e-01 -1.915198e-01 -4.797549e-02 9.857075e-02 -1.237847e-01 1.129658e-01 1.495528e-01 -1.240336e-01 1.070057e-03 8.685991e-02 -1.408760e-01 1.220055e-01 1.747810e-02 -1.948149e-01 1.488987e-01 1.336573e-01 -1.741870e-01 -6.755002e-02 4.680059e-02 -1.939656e-01 1.422398e-01 1.045930e-01 -1.722508e-01 -1.072077e-01 -2.442061e-02 -1.258118e-01 -1.479370e-01 8.311110e-03 -8.266143e-01 -1.025829e-01 7.597861e-02 -9.585227e-02 1.292361e-01 -6.257366e-02 -1.542266e-01 1.360910e-01 7.146135e-02 -1.161100e-01 -1.315841e-01 -4.051192e-03 -1.469533e-01 1.498138e-01 -9.671969e-02 -2.060980e-01 1.143581e-01 -1.007309e-01 -2.101263e-01 -1.108329e-01 1.497314e-01 -9.070733e-02 -5.331304e-03 1.130658e-01 -1.384370e-01 9.833857e-02 -7.468989e-03 -1.463041e-01 -1.497720e-01 -1.442554e-01 -9.851601e-02 4.024464e-02 3.148172e-02 -1.742456e-01 -1.464171e-01 -6.696338e-02 -1.766451e-01 1.338969e-01 1.488089e-01 -1.947113e-01 -1.729086e-02 1.165513e-01 -1.156542e-01 9.405373e-02 7.254448e-02 -1.174250e-01 1.311541e-01 1.134633e-01 -2.011109e-01 9.783071e-02 -1.436173e-01 -1.308426e-01 4.252424e-02 9.803133e-02 -1.215223e-01 -1.132465e-01 -1.291733e-01 -1.195791e-01 7.579449e-02 3.247555e-03 -5.743809e-01 -1.343882e-01 4.299697e-02 -1.297133e-01 1.435911e-01 -1.497940e-01 -2.188553e-01 3.892646e-03 -1.018645e-01 -1.541570e-01 1.098954e-01 -1.494117e-01 -1.059156e-01 1.116442e-02 -2.005625e-02 -1.040167e-01 -1.484111e-01 -6.646940e-02 -1.385609e-01 1.342759e-01 -1.096518e-01 -2.018809e-01 1.021810e-01 -1.442589e-01 -1.225242e-01 4.020753e-02 -7.853005e-02 -1.274394e-01 1.276081e-01 -1.252731e-01 -1.552144e-01 8.208691e-02 -1.476651e-01 -1.383727e-01 2.524565e-02 1.385901e-01 -1.328581e-01 -5.681850e-02 -1.192641e-01 -1.387675e-01 -9.048276e-02 -1.479121e-01 -1.898759e-01 2.380334e-02 -8.996162e-02 -2.005768e-01 -1.196065e-01 1.496961e-01 -1.910031e-01 8.471980e-03 -8.207161e-02 -1.046808e-01 -1.254018e-01 4.421531e-02 -1.672016e-01 1.431593e-01 2.292737e-02 -1.907785e-01 -1.482050e-01 -8.315667e-02 -1.440850e-01 -1.241561e-01 1.422174e-01 -1.040439e-01 -4.720892e-02 1.346788e-01 -9.757679e-02 -6.556719e-02 -1.162920e-01 -1.391735e-01 9.468829e-02 8.719205e-02 -1.434631e-01 -1.217430e-01 6.097104e-02 -1.427460e-01 1.369512e-01 1.189481e-01 -3.160911e-01 8.255183e-02 -1.412581e-01 -1.738622e-01 4.976448e-02 1.349466e-01 -1.742047e-01 6.516669e-02 6.180015e-02 -1.672370e-01 1.364257e-01 3.380688e-02 -1.818642e-01 -1.460780e-01 1.058967e-01 -1.974419e-01 -1.059700e-01 1.080132e-01 -1.750938e-01 -1.037455e-01 1.302689e-01 -2.986716e-01 -6.830533e-02 7.674999e-02 -1.167969e-01 1.286336e-01 7.261986e-02 -1.498521e-01 1.309811e-01 1.197246e-01 -1.384513e-01 -8.998349e-02 9.776842e-02 -1.219358e-01 -1.134705e-01 -1.411786e-01 -1.543096e-01 5.064217e-02 1.481487e-01 -9.827681e-02 -2.218192e-02 -3.336244e-02 -1.173471e-01 -1.460063e-01 -1.317564e-02 -1.129868e-01 -1.492208e-01 -1.410791e-01 -1.458053e-01 -5.026925e-02 -1.111536e-01 -1.215465e-01 1.004195e-01 5.338403e-02 -1.657501e-01 -1.399218e-01 1.497374e-01 -9.655463e-02 -5.890729e-03 -9.933460e-02 -1.748016e-01 -1.120754e-01 1.465047e-01 -1.489738e-01 3.115549e-02 -4.626210e-02 -1.089792e+00 5.256424e-02 -8.555550e-02 -1.150943e-01 -1.229306e-01 -2.419299e-03 -1.078530e+00 -7.138965e-02 -3.775307e-02 -1.200585e-01 -1.450344e-01 -1.185241e-01 -1.791117e-01 9.155823e-02 1.493802e-01 -2.083338e-01 1.070168e-02 1.259660e-01 -9.745414e-02 8.092559e-02 4.767773e-02 -1.434445e-01 -1.420656e-01 -8.860166e-02 -1.144501e-01 1.207395e-01 1.431018e-01 -1.366520e-01 4.416668e-02 -5.770995e-02 -1.102987e-01 -1.383782e-01 -7.590728e-02 -1.487743e-01 -1.292474e-01 1.355484e-01 -1.806803e-01 6.383189e-02 1.269475e-01 -1.731052e-01 -7.945316e-02 -6.811610e-02 -1.252703e-01 -1.334484e-01 -6.764921e-02 -2.026546e-01 1.336292e-01 4.649121e-02 -1.474994e-01 -1.423681e-01 1.249315e-01 -1.387062e-01 -8.256155e-02 -1.426356e-01 -1.493491e-01 -4.600961e-02 -1.446512e-01 -1.066651e-01 -3.879698e-02 1.491932e-01 -1.537924e-01 -1.302436e-02 -7.274631e-02 -1.807030e-01 1.308307e-01 -3.235041e-02 -1.110003e+00 -5.923899e-02 3.962827e-02 -1.428306e-01 1.445993e-01 1.985473e-02 -1.625024e-01 -1.484520e-01 1.489258e-01 -1.439971e-01 1.342370e-02 -1.369832e-01 -1.929314e-01 6.036072e-02 6.845715e-03 -1.387599e-01 -1.496564e-01 -1.454883e-01 -1.729293e-01 3.554168e-02 1.982952e-02 -1.151389e-01 -1.484372e-01 6.190787e-02 -1.060321e-01 1.364615e-01 1.332508e-01 -1.569135e-01 -6.834486e-02 -3.713626e-02 -1.859587e-01 -1.451206e-01 -3.515874e-02 -1.775083e-01 1.456941e-01 4.831185e-02 -9.698512e-02 -1.418748e-01 -9.249298e-02 -1.728287e-01 -1.179302e-01 -5.089474e-02 -1.324227e-01 -1.409798e-01 -1.479137e-01 -1.213623e-01 -2.427779e-02 -1.492269e-01 -1.204164e-01 1.297099e-02 -1.277232e-01 -1.281779e-01 -7.831714e-02 9.492430e-02 -1.560114e-01 -1.158805e-01 -1.213161e-01 -1.793562e-01 8.791869e-02 -1.493828e-01 -1.348918e-01 -1.067741e-02 -3.217518e-02 -1.005665e-01 -1.464041e-01 1.337836e-01 -1.344185e-01 6.708886e-02 -8.650529e-02 -1.721341e-01 1.224496e-01 1.474610e-01 -1.932213e-01 2.605703e-02 -1.330659e-01 -1.241614e-01 6.895757e-02 1.323818e-01 -1.735565e-01 -7.039741e-02 -1.406597e-01 -2.003614e-01 -5.145240e-02 -1.350290e-01 -1.564077e-01 6.458928e-02 1.320047e-01 -2.028852e-01 7.095068e-02 -7.788301e-02 -1.776729e-01 -1.280266e-01 1.156591e-01 -1.960259e-01 9.548157e-02 2.070227e-02 -9.771381e-02 1.484651e-01 -1.352979e-01 -1.558706e-01 -6.422687e-02 1.234667e-01 -1.871781e-01 8.455385e-02 1.294615e-01 -1.326514e-01 7.550509e-02 -1.328555e-01 -1.066035e-01 -6.944188e-02 1.420925e-01 -1.108054e-01 4.708103e-02 -1.422343e-01 -1.107728e-01 -4.690572e-02 -1.115909e-01 -1.755433e-01 -1.000393e-01 1.498578e-01 -1.922124e-01 -5.823813e-03 -1.059001e-01 -1.589097e-01 1.058670e-01 1.424737e-01 -1.773211e-01 -4.673304e-02 1.159155e-01 -1.015928e-01 9.489866e-02 1.418086e-01 -1.079346e-01 4.814944e-02 1.408279e-01 -1.209285e-01 5.133833e-02 1.478042e-01 -1.285375e-01 -2.517965e-02 -1.493313e-01 -1.727548e-01 1.158554e-02 -1.457990e-01 -1.716683e-01 -3.490345e-02 1.475233e-01 -1.758197e-01 -2.543772e-02 -1.300113e-01 -1.539311e-01 7.433707e-02 5.368357e-02 -1.289633e-01 1.398001e-01 7.533512e-02 -2.042935e-01 1.296683e-01 -2.224757e-02 -2.019440e-01 1.477984e-01 8.600913e-02 -1.919876e-01 -1.225728e-01 4.352018e-02 -1.385994e-01 -1.432956e-01 -3.134192e-02 -2.031718e-01 1.464683e-01 1.467395e-01 -2.094051e-01 3.048379e-02 -9.195466e-02 -2.049650e-01 1.183534e-01 -3.265154e-02 -1.682888e-01 -1.461904e-01 1.307938e-01 -1.112535e-01 -7.324698e-02 -1.198400e-01 -1.233119e-01 8.980762e-02 6.008662e-02 -1.253373e-01 -1.371969e-01 3.778590e-02 -1.314870e-01 1.449547e-01 -1.283154e-01 -1.828891e-01 -7.738939e-02 -6.570473e-02 -9.183077e-02 -1.347781e-01 -1.459966e-01 -2.136829e-01 -3.342329e-02 1.497878e-01 -1.799805e-01 -4.406752e-03 -1.128494e-01 -1.268781e-01 9.841929e-02 1.487378e-01 -1.753993e-01 1.775117e-02 3.050330e-02 -1.280196e-01 -1.466860e-01 1.213091e-01 -1.342550e-01 8.780939e-02 -2.810149e-02 -1.982229e-01 -1.471810e-01 -2.953372e-02 -1.373619e-01 -1.469208e-01 -1.477268e-01 -1.067837e-01 2.520632e-02 1.308918e-01 -1.568205e-01 7.283194e-02 -1.836021e-02 -1.481917e-01 1.487394e-01 -1.385260e-01 -1.588204e-01 -5.746346e-02 6.311926e-02 -1.478604e-01 1.358214e-01 -8.900937e-02 -1.905215e-01 -1.206451e-01 -1.490160e-01 -1.781722e-01 1.547606e-02 -1.439591e-01 -1.727004e-01 4.131254e-02 4.207712e-02 -2.110405e-01 -1.437485e-01 -9.978123e-02 -1.832813e-01 -1.118919e-01 -7.337482e-02 -1.907301e-01 1.306617e-01 -1.237258e-01 -8.893762e-02 -8.442861e-02 1.380979e-01 -1.837030e-01 5.795116e-02 1.494199e-01 -1.413023e-01 1.035579e-02 -1.431405e-01 -1.487786e-01 -4.450084e-02 -1.127973e-01 -1.861457e-01 9.878857e-02 -1.486076e-01 -1.418886e-01 -1.830785e-02 1.171130e-01 -1.594505e-01 9.345336e-02 1.162683e-01 -1.482153e-01 -9.432239e-02 -1.197282e-01 -1.422952e-01 9.029105e-02 1.432876e-01 -1.146904e-01 4.373874e-02 -6.097193e-02 -1.705244e-01 -1.368833e-01 -8.677596e-02 -1.217785e-01 1.220954e-01 6.076838e-02 -9.174496e-02 -1.371060e-01 2.530325e-02 -1.309521e-01 1.476800e-01 -9.836347e-02 -8.621096e-01 4.828901e-03 -1.293218e-01 -1.573186e-01 -7.564013e-02 -1.389333e-01 -4.830212e-01 1.867442e-02 -1.434515e-01 -9.863494e-02 -4.298647e-02 -8.126498e-02 -1.143087e-01 1.258225e-01 1.181678e-01 -1.446525e-01 9.209495e-02 8.897285e-03 -1.822551e-01 1.496625e-01 3.684695e-02 -1.036953e-01 1.453198e-01 -4.313170e-03 -1.932502e-01 1.496910e-01 2.715230e-02 -1.042734e-01 -1.473195e-01 -1.486229e-01 -1.123181e-01 -1.837335e-02 -7.389675e-02 -9.002333e-02 1.302729e-01 1.452960e-01 -1.803843e-01 -3.621501e-02 -1.047396e-01 -1.839395e-01 1.071313e-01 -1.496035e-01 -1.227274e-01 -8.226865e-03 -1.093290e-02 -1.174956e-01 1.494890e-01 1.463727e-01 -9.011547e-02 3.147072e-02 8.364809e-02 -1.957138e-01 -1.242938e-01 2.676185e-03 -1.765562e-01 -1.496499e-01 7.668180e-02 -1.992683e-01 -1.288694e-01 -1.427883e-01 -1.503470e-01 4.530978e-02 1.134844e-01 -1.580958e-01 9.773704e-02 7.699899e-02 -1.576444e-01 1.284777e-01 -1.484610e-01 -1.688462e-01 2.042898e-02 -1.252089e-01 -1.520798e-01 8.245109e-02 -3.144862e-02 -1.596764e-01 1.464195e-01 1.451531e-01 -9.528292e-02 3.713085e-02 8.744387e-02 -1.777970e-01 1.217656e-01 5.496347e-04 -2.100035e-01 1.497570e-01 9.253011e-02 -1.513957e-01 -1.179767e-01 -2.953512e-02 -2.043109e-01 1.469607e-01 5.815284e-02 -2.137315e-01 -1.381478e-01 6.034210e-02 -9.980504e-01 -5.476749e-02 -1.272922e-01 -1.062346e-01 -7.890490e-02 4.317047e-02 -1.192845e-01 -1.433367e-01 1.291843e-01 -1.222024e-01 -7.586098e-02 1.154503e-01 -1.459668e-01 9.568992e-02 -1.133617e-01 -1.169333e-01 -9.815625e-02 -1.100038e-01 -1.407154e-01 -1.017348e-01 5.559968e-02 -1.084218e-01 1.390632e-01 -1.198629e-01 -1.331687e-01 -8.993905e-02 -1.396869e-01 -1.982659e-01 5.380344e-02 -1.492428e-01 -1.248698e-01 1.406169e-02 -1.161283e-01 -1.592489e-01 9.488253e-02 -1.316218e-01 -1.313976e-01 7.177969e-02 -1.362884e-01 -1.430745e-01 6.205453e-02 8.953565e-02 -1.277998e-01 -1.200913e-01 3.350531e-02 -1.187015e-01 -1.459958e-01 8.985237e-02 -2.140029e-01 -1.199397e-01 -3.678661e-02 -1.012351e-01 1.452951e-01 -1.242860e-01 -1.024591e-01 -8.354244e-02 1.086216e-01 -2.029988e-01 -1.030997e-01 1.496090e-01 -9.232803e-02 -5.599978e-03 -1.066333e-02 -1.989239e-01 1.495433e-01 -1.348222e-01 -1.776797e-01 6.503828e-02 -4.478738e-02 -1.488197e-01 -1.415341e-01 -1.395625e-01 -1.473252e-01 -5.489468e-02 1.037943e-01 -1.571589e-01 1.079729e-01 1.040537e-01 -1.782682e-01 -1.076972e-01 1.413210e-01 -1.547093e-01 4.958236e-02 -3.485743e-02 -1.027501e-01 1.457410e-01 -1.530764e-02 -1.308379e-01 -1.489733e-01 -1.294906e-01 -1.767983e-01 7.542770e-02 5.052155e-02 -1.917200e-01 1.409662e-01 -9.198038e-02 -1.139462e-01 1.182056e-01 -1.177072e-01 -2.152423e-01 -9.258683e-02 4.765356e-02 -8.668239e-01 -8.551122e-02 1.345675e-01 -1.697001e-01 -6.573777e-02 1.497469e-01 -1.674789e-01 3.861348e-03 1.429096e-01 -9.377110e-02 -4.512555e-02 1.022914e-01 -1.323295e-01 1.096095e-01 -1.467507e-01 -1.115130e-01 2.974921e-02 1.276588e-01 -1.995588e-01 7.865430e-02 1.475264e-01 -1.846070e-01 -2.549950e-02 -6.301697e-02 -1.583103e-01 -1.358557e-01 -1.440394e-01 -1.756690e-01 -4.097968e-02 -9.955273e-02 -1.027805e-01 1.120161e-01 1.419939e-01 -1.524710e-01 4.794160e-02 1.389005e-01 -1.434226e-01 -5.602486e-02 -1.418972e-01 -2.044683e-01 4.813493e-02 -4.956905e-02 -1.330628e-01 -1.413660e-01 -1.199123e-01 -1.736469e-01 8.973096e-02 -1.050302e-01 -1.615167e-01 -1.070101e-01 -1.476158e-01 -1.170353e-01 2.453390e-02 5.990319e-03 -1.442307e-01 -1.496521e-01 1.139278e-01 -1.604986e-01 9.728328e-02 -8.482390e-02 -1.830561e-01 1.235726e-01 6.279108e-02 -1.999611e-01 -1.361369e-01 -1.379641e-01 -1.633726e-01 5.824769e-02 -1.064569e-01 -1.024398e-01 -1.053208e-01 1.375166e-01 -1.671466e-01 5.954888e-02 1.225537e-01 -1.047352e-01 8.612607e-02 1.281627e-01 -1.259848e-01 7.781753e-02 -1.384118e-01 -1.088538e-01 -5.715236e-02 -1.118122e-01 -1.856429e-01 -9.991413e-02 -5.582234e-02 -2.082231e-01 -1.391961e-01 1.407119e-01 -1.622858e-01 5.121898e-02 -1.494960e-01 -1.276528e-01 -9.815090e-03 -8.245037e-02 -1.496194e-01 1.251633e-01 -1.414998e-01 -1.745743e-01 4.939012e-02 -9.012998e-02 -2.099670e-01 -1.196340e-01 1.468101e-01 -1.947854e-01 -2.967707e-02 -1.497514e-01 -1.185763e-01 1.446984e-03 -1.013489e-01 -1.294444e-01 -1.102800e-01 1.368083e-01 -1.628893e-01 -6.100081e-02 1.358171e-01 -1.876449e-01 -6.345179e-02 -1.367509e-03 -1.308843e-01 -1.497801e-01 1.436305e-01 -1.733711e-01 4.280196e-02 -5.266486e-02 -1.798779e-01 -1.403662e-01 -1.488456e-01 -2.016489e-01 1.682192e-02 9.598968e-02 -1.131208e-01 -1.149682e-01 9.723788e-02 -1.693931e-01 -1.141322e-01 1.053328e-01 -1.457329e-01 -1.066745e-01 1.446387e-01 -8.365771e-02 -3.804857e-02 8.555078e-02 -1.063680e-01 1.229183e-01 1.263334e-01 -2.130598e-01 8.051015e-02 4.413471e-02 -1.632569e-01 1.431675e-01 -1.238841e-01 -9.899480e-02 8.396155e-02 1.045346e-01 -9.991156e-02 -1.072641e-01 -1.026405e-02 -1.387337e-01 -1.494787e-01 -1.146100e-01 -1.757142e-01 9.670830e-02 4.997840e-02 -1.961196e-01 1.412293e-01 -7.828933e-02 -2.069348e-01 1.277797e-01 7.918201e-02 -1.256834e-01 -1.271246e-01 6.561009e-02 -1.819419e-01 -1.347346e-01 -9.454389e-02 -1.320296e-01 1.161818e-01 -1.239443e-01 -1.472294e-01 8.401601e-02 -1.397545e-01 -1.693560e-01 5.400651e-02 5.595262e-02 -1.138036e-01 -1.389962e-01 -2.901985e-02 -1.109997e+00 -6.094066e-02 -2.004384e-02 -1.999765e-01 -1.483744e-01 7.873122e-02 -1.924366e-01 -1.271631e-01 -5.726198e-02 -9.991276e-02 1.383850e-01 1.342172e-01 -1.093220e-01 6.645412e-02 1.496382e-01 -8.529212e-02 -4.978298e-03 -1.399867e-01 -1.312322e-01 5.372342e-02 1.379361e-01 -1.958422e-01 5.835001e-02 1.387814e-01 -1.551950e-01 5.630108e-02 6.344809e-02 -1.805473e-01 1.358039e-01 1.125834e-01 -1.451736e-01 -9.878042e-02 -1.112868e-01 -1.392217e-01 1.002252e-01 -1.094317e-01 -1.284594e-01 -1.022472e-01 -2.210699e-02 -1.504014e-01 1.481310e-01 -8.032437e-02 -1.200339e-01 1.265669e-01 1.327988e-01 -1.984947e-01 6.950491e-02 4.545030e-02 -2.019169e-01 -1.428563e-01 -1.402527e-02 -2.029337e-01 -1.491174e-01 1.370882e-01 -2.034315e-01 6.052944e-02 1.492087e-01 -1.686921e-01 -1.482608e-02 -1.782917e-02 -1.824625e-01 1.487058e-01 -5.324630e-02 -5.397304e-01 -1.269576e-01 -1.487496e-01 -1.338101e-01 -1.733629e-02 9.969398e-02 -1.680475e-01 1.118467e-01 3.796164e-02 -1.224503e-01 -1.450599e-01 1.469927e-01 -1.285170e-01 -2.891351e-02 3.058254e-02 -2.112908e-01 -1.466569e-01 9.829704e-02 -8.635699e-01 7.375680e-04 1.057146e-01 -1.581606e-01 1.060981e-01 1.104125e-01 -1.453007e-01 -1.011792e-01 -7.729315e-02 -8.123598e-01 7.062580e-02 1.056826e-01 -2.027934e-01 -1.061020e-01 -1.408552e-01 -1.265966e-01 5.120582e-02 1.448466e-01 -1.560609e-01 -3.761224e-02 -1.232543e-01 -2.114939e-01 -8.527377e-02 1.490482e-01 -1.593635e-01 1.483890e-02 -1.440570e-01 -1.272123e-01 4.099101e-02 1.053187e-01 -1.944062e-01 -1.066470e-01 2.607125e-02 -1.496750e-01 1.474315e-01 -5.790609e-02 -2.002717e-01 -1.382949e-01 -7.245192e-02 -1.093212e-01 1.311737e-01 -6.537612e-02 -1.058912e-01 1.347376e-01 1.071564e-01 -1.729804e-01 -1.045248e-01 -1.261401e-01 -1.308092e-01 8.083331e-02 1.664304e-02 -1.707201e-01 1.488952e-01 7.858855e-02 -1.741801e-01 1.274562e-01 -3.405881e-02 -9.855193e-01 -7.575209e-02 9.800263e-02 -1.846419e-01 1.131903e-01 -2.324398e-03 -1.387071e-01 1.497885e-01 -2.433337e-02 -8.874328e-02 -1.479272e-01 9.414934e-02 -1.410762e-01 -1.165490e-01 -5.107948e-02 -1.344300e-01 1.407617e-01 4.403961e-02 -1.748248e-01 -1.431595e-01 7.758875e-02 -1.672881e-01 -1.282242e-01 8.009694e-02 -1.974730e-01 1.265654e-01 -1.410255e-01 -1.510523e-01 5.028154e-02 -2.939874e-02 -1.784019e-01 1.468228e-01 -1.497247e-01 -1.222152e-01 4.022475e-03 -5.058080e-02 -1.444085e-01 -1.410263e-01 -2.419017e-02 -1.313016e-01 1.480134e-01 -3.412336e-02 -9.656197e-02 -1.459736e-01 1.486308e-02 -1.061817e-01 -1.491849e-01 6.322110e-02 -1.009025e-01 -1.357630e-01 1.308595e-01 -2.124725e-01 -7.285803e-02 8.696763e-02 -1.529253e-01 1.220503e-01 3.669699e-03 -1.940497e-01 -1.498503e-01 1.048076e-01 -1.458156e-01 1.070379e-01 5.950219e-02 -1.028038e-01 1.374839e-01 1.311391e-01 -1.132564e-01 -7.265388e-02 -1.047040e-01 -1.876669e-01 -1.073331e-01 1.301789e-01 -1.752786e-01 -7.438897e-02 1.112771e-01 -1.397026e-01 1.002002e-01 1.480389e-01 -1.813120e-01 -2.308969e-02 1.665758e-02 -1.878776e-01 1.488160e-01 -7.105846e-03 -1.679581e-01 -1.496963e-01 8.112350e-02 -1.634372e-01 -1.259111e-01 1.469181e-01 -1.500396e-01 2.898388e-02 -4.687905e-02 -2.114494e-01 1.422394e-01 -6.444842e-02 -9.194746e-01 6.468596e-02 1.132428e-01 -1.419104e-01 -9.797140e-02 2.245638e-03 -1.089991e-01 -1.497446e-01 1.335465e-01 -1.645981e-01 6.802625e-02 1.436390e-01 -1.042317e-01 -4.311049e-02 -5.785554e-02 -1.694158e-01 -1.382889e-01 -1.423567e-01 -2.091046e-01 4.649370e-02 -4.975754e-02 -9.969369e-02 -1.411863e-01 -4.717937e-02 -1.935239e-01 1.421655e-01 -3.710056e-02 -1.526968e-01 1.450901e-01 -5.174041e-02 -1.383938e-01 -1.407042e-01 -4.521842e-02 -1.313868e-01 -1.427619e-01 -1.497209e-01 -8.507327e-02 -2.934296e-03 1.282389e-01 -9.247550e-02 7.737093e-02 1.330806e-01 -9.528161e-02 6.880043e-02 -3.269868e-02 -1.909788e-01 -1.461366e-01 2.412257e-02 -1.234960e-01 -1.479897e-01 8.413237e-02 -1.121730e-01 1.239386e-01 -7.837509e-02 -8.713526e-02 1.275436e-01 7.156086e-02 -9.700038e-02 1.315126e-01 -2.792642e-02 -1.694128e-01 -1.473551e-01 1.496083e-01 -1.608525e-01 8.274178e-03 -8.435405e-02 -1.821934e-01 1.233826e-01 1.589213e-02 -1.105363e-01 1.488984e-01 2.018031e-02 -1.103123e-01 -1.485554e-01 1.475690e-02 -1.957015e-01 -1.490607e-01 1.280326e-01 -1.176462e-01 -7.779801e-02 1.411151e-01 -8.839900e-02 -5.031828e-02 1.204656e-01 -2.025062e-01 -8.895157e-02 4.784680e-03 -1.196334e-01 1.496895e-01 -4.217923e-02 -1.773127e-01 -1.437801e-01 8.010668e-02 -1.451933e-01 -1.267009e-01 -1.405737e-01 -1.215818e-01 5.167341e-02 7.027065e-02 -1.736052e-01 1.324777e-01 -5.522096e-02 -1.866895e-01 1.393630e-01 -9.802046e-02 -1.487780e-01 -1.132177e-01 1.377928e-01 -1.756588e-01 5.903822e-02 -1.494456e-01 -1.557902e-01 -1.042256e-02 -1.217727e-01 -1.230855e-01 -8.752574e-02 7.397629e-02 -1.464034e-01 1.303698e-01 -1.408213e-01 -1.414636e-01 5.132430e-02 1.474563e-02 -9.396088e-01 8.756214e-02 2.042340e-02 -1.059790e-01 1.484545e-01 -1.401244e-01 -1.049228e-01 5.284411e-02 -1.318669e-01 -1.703261e-01 -7.087827e-02 -6.787539e-02 -1.940866e-01 -1.335102e-01 8.759639e-02 -9.894454e-02 1.216187e-01 -1.113008e-01 -9.817872e-02 1.005210e-01 3.823680e-02 -1.644362e-01 -1.449123e-01 -4.287275e-02 -1.904417e-01 -1.436802e-01 -3.114461e-03 -2.122605e-01 -1.498875e-01 1.439440e-01 -1.270045e-01 -4.146212e-02 2.439735e-02 -1.564957e-01 -1.478859e-01 -1.334392e-01 -1.696417e-01 6.845502e-02 3.815380e-02 -1.856498e-01 -1.448869e-01 5.465905e-02 -1.546514e-01 -1.392764e-01 -1.172329e-01 -1.839520e-01 9.339511e-02 -1.440518e-01 -1.526412e-01 4.126152e-02 4.660673e-02 -1.234155e-01 -1.423609e-01 -9.143386e-03 -1.189302e-01 -1.494868e-01 -1.497898e-01 -1.946229e-01 1.028767e-03 1.498889e-01 -1.053307e-01 2.892083e-03 -5.275262e-02 -8.942531e-02 1.402749e-01 -4.663818e-02 -1.439505e-01 -1.424042e-01 1.256379e-01 -1.705251e-01 8.169427e-02 8.925912e-02 -1.590001e-01 1.202630e-01 5.151554e-02 -1.559832e-01 -1.406372e-01 1.409238e-01 -1.797789e-01 -5.049149e-02 2.767589e-02 -1.192112e-01 -1.473331e-01 3.254871e-02 -1.924606e-01 1.463083e-01 -7.251721e-02 -1.459582e-01 -1.310462e-01 -1.295052e-01 -1.392529e-01 7.525884e-02 -5.946399e-02 -1.872531e-01 1.375008e-01 1.821235e-02 -1.486763e-01 -1.486602e-01 -1.069430e-01 -1.649996e-01 -1.048960e-01 1.467777e-01 -1.435047e-01 -2.951431e-02 1.244700e-01 -1.171786e-01 -8.363435e-02 -1.142845e-01 -1.648079e-01 9.677877e-02 -1.456431e-01 -1.697740e-01 3.487297e-02 -2.132672e-02 -1.425794e-01 1.483169e-01 1.488680e-01 -2.037631e-01 -1.765822e-02 -1.361161e-01 -9.069025e-02 6.281821e-02 -1.490668e-01 -1.317495e-01 1.582389e-02 2.103121e-02 -1.801579e-01 1.483561e-01 -7.574288e-02 -8.872487e-02 1.293187e-01 -1.145158e-01 -1.853097e-01 -9.656578e-02 -2.735188e-02 -2.036636e-01 1.473810e-01 1.407776e-01 -1.993963e-01 5.166346e-02 1.323276e-02 -1.582393e-01 1.491777e-01 8.413237e-03 -1.664909e-01 -1.495820e-01 1.482818e-01 -1.971925e-01 -2.189404e-02 1.331876e-01 -1.255416e-01 -6.849778e-02 -1.117712e-01 -9.318232e-02 9.965966e-02 7.714831e-02 -1.276450e-01 1.283536e-01 1.483344e-01 -1.537349e-01 -2.133450e-02 9.392911e-02 -1.216608e-01 -1.166681e-01 -1.119472e-01 -1.971738e-01 -9.970192e-02 -7.404503e-02 -1.476633e-01 -1.303915e-01 -1.483938e-01 -1.793039e-01 2.028589e-02 1.269153e-01 -1.344858e-01 7.963044e-02 1.494448e-01 -1.438997e-01 1.176249e-02 -1.238545e-01 -2.043139e-01 -8.413343e-02 6.200346e-02 -1.298246e-01 1.363335e-01 -1.105251e-01 -1.460924e-01 -1.013581e-01 7.668437e-02 -1.749621e-01 1.286434e-01 -1.268572e-01 -1.686363e-01 -7.981080e-02 5.653852e-02 -1.854989e-01 -1.388485e-01 6.731559e-02 -8.931195e-02 -1.339034e-01 5.597287e-02 -1.345356e-01 1.389114e-01 -7.300808e-02 -1.534570e-01 -1.309545e-01 -1.415983e-01 -1.188226e-01 -4.925133e-02 5.299313e-02 -6.189147e-01 -1.174820e-01 -8.441742e-03 -1.903186e-01 -1.496156e-01 -2.304382e-02 -1.033011e-01 1.480450e-01 -1.420858e-01 -1.671720e-01 4.740833e-02 8.792124e-02 -1.112952e-01 1.212229e-01 -1.425848e-01 -1.043306e-01 -4.556927e-02 -5.833506e-02 -1.082083e+00 -4.044868e-02 -1.349662e-01 -1.226813e-01 -6.501630e-02 1.426320e-01 -2.110062e-01 4.567913e-02 1.341968e-01 -1.225849e-01 6.647129e-02 9.786746e-02 -1.920485e-01 -1.133657e-01 5.348772e-03 -1.676594e-01 -1.498045e-01 -2.973003e-02 -1.040424e+00 -7.015387e-02 -3.866938e-03 -1.979878e-01 -1.498856e-01 1.054371e-01 -1.595599e-01 -1.064414e-01 -6.729482e-02 -1.277286e-01 1.337937e-01 2.523124e-02 -2.013540e-01 1.476251e-01 -4.706774e-02 -2.076414e-01 1.422075e-01 1.497846e-01 -1.301260e-01 -2.188106e-03 1.427856e-01 -1.859943e-01 -4.556828e-02 -6.461509e-02 -1.109999e+00 -1.951460e-02 -1.387941e-01 -1.718006e-01 5.663269e-02 1.303127e-01 -2.093413e-01 7.395079e-02 -4.965717e-02 -1.866356e-01 1.412950e-01 -6.664097e-02 -1.584443e-01 -1.341672e-01 8.439990e-02 -1.537322e-01 -1.239811e-01 -1.038767e-01 -1.150780e-01 1.078733e-01 -1.155602e-01 -1.616792e-01 -9.526339e-02 -6.412027e-02 -1.109949e+00 2.109689e-02 1.226441e-02 -2.074297e-01 1.492800e-01 -1.253487e-01 -1.392326e-01 -8.200838e-02 1.429811e-01 -1.600943e-01 -4.484824e-02 -1.123932e-01 -1.106675e-01 9.905414e-02 -1.019820e-01 -1.955335e-01 -1.096705e-01 1.238717e-01 -9.634621e-02 8.416803e-02 -9.938342e-02 -1.073047e-01 -1.120882e-01 4.197992e-02 -1.713130e-01 1.435990e-01 -9.594823e-02 -1.414778e-01 -1.150230e-01 -1.083773e-02 -2.143099e-01 -1.495480e-01 1.145347e-01 -1.503582e-01 -9.680916e-02 -7.751235e-02 -2.094929e-01 -1.281839e-01 -1.420867e-01 -1.903649e-01 4.730660e-02 -8.305310e-02 -1.874221e-01 -1.244032e-01 -1.479406e-01 -1.889750e-01 -2.315945e-02 1.465709e-01 -1.286548e-01 -3.071568e-02 1.468469e-01 -1.957672e-01 -3.033965e-02 -7.871217e-02 -1.647033e-01 -1.274238e-01 -1.152774e-01 -1.307319e-01 -9.561107e-02 -1.220360e-03 -1.532145e-01 -1.499622e-01 -1.464329e-01 -1.033448e-01 3.207836e-02 1.491498e-01 -1.750995e-01 1.549519e-02 4.909647e-02 -1.177080e-01 1.415157e-01 1.266613e-01 -1.602684e-01 8.021644e-02 1.497093e-01 -1.155472e-01 7.416140e-03 -1.305974e-01 -1.151534e-01 -7.348116e-02 -1.378164e-01 -1.336575e-01 -5.852346e-02 -4.209265e-02 -1.075389e-01 1.438317e-01 -7.211936e-02 -1.443338e-01 -1.313547e-01 1.085708e-01 -2.059769e-01 1.032945e-01 -9.826304e-02 -2.096974e-01 1.130104e-01 1.368328e-01 -1.445285e-01 6.063673e-02 1.168064e-01 -1.865524e-01 -9.389196e-02 1.471829e-01 -9.186748e-02 2.764659e-02 1.037471e-01 -1.863548e-01 -1.082436e-01 1.058151e-01 -1.097235e-01 1.060085e-01 1.497853e-01 -1.326619e-01 -3.754442e-03 3.954304e-02 -2.054822e-01 -1.445613e-01 6.866854e-02 -1.091930e-01 -1.332623e-01 9.346834e-02 -8.732235e-02 -1.172585e-01 -6.180016e-02 -1.878956e-01 1.366124e-01 3.136374e-02 -1.475203e-01 -1.464406e-01 5.645812e-02 -9.982562e-01 -5.872779e-02 2.966990e-02 -1.406832e-01 -1.468661e-01 9.349078e-02 -1.099189e-01 1.168471e-01 1.025137e-01 -1.451869e-01 -1.093065e-01 -7.492361e-02 -1.359980e-01 -1.296368e-01 -1.123957e-01 -1.547639e-01 -9.898444e-02 1.497696e-01 -1.661992e-01 -4.457887e-03 -1.694154e-02 -1.959938e-01 -1.488391e-01 -1.490038e-01 -1.959954e-01 1.612234e-02 -5.062947e-02 -1.011929e-01 -1.407274e-01 1.004629e-01 -1.900589e-01 -1.112743e-01 1.373188e-01 -1.022501e-01 -6.018853e-02 1.435840e-01 -1.005462e-01 -4.322211e-02 4.494635e-02 -2.026031e-01 -1.430418e-01 -1.495981e-01 -1.289488e-01 -3.162178e-03 -1.494762e-01 -1.064102e-01 1.158215e-02 -1.454440e-01 -1.618167e-01 3.500281e-02 1.188534e-01 -1.916095e-01 9.112138e-02 -3.726991e-02 -1.785685e-01 1.451350e-01 1.321468e-01 -1.412474e-01 -7.048281e-02 2.297326e-02 -1.803276e-01 1.480419e-01 1.483341e-01 -1.111550e-01 2.060072e-02 5.513646e-02 -2.277999e-01 -1.352362e-01 1.486003e-01 -1.611326e-01 -1.951761e-02 -1.393769e-01 -1.992718e-01 -5.500386e-02 1.275576e-01 -1.502916e-01 -7.837392e-02 1.027306e-01 -1.909458e-01 -1.089208e-01 1.497578e-01 -1.162446e-01 -1.984173e-03 -7.815991e-03 -1.216988e-01 -1.496656e-01 4.382602e-03 -1.426470e-01 -1.498472e-01 -1.060818e-01 -1.409793e-01 -1.059288e-01 6.758811e-02 -1.017515e-01 1.336501e-01 -1.331413e-01 -1.261089e-01 6.857064e-02 1.497442e-01 -1.464274e-01 -2.464596e-03 -1.320461e-01 -1.979648e-01 7.085758e-02 7.951536e-02 -1.178736e-01 -1.268528e-01 -6.971025e-02 -1.131535e-01 -1.326748e-01 -5.467676e-02 -1.109967e+00 -3.957746e-02 -6.186282e-02 -1.125225e-01 -1.364720e-01 1.485448e-01 -1.868477e-01 1.845557e-02 5.319392e-02 -1.829304e-01 1.401495e-01 1.446148e-01 -1.998076e-01 3.957936e-02 -1.738513e-02 -1.199619e-01 1.486354e-01 1.410140e-01 -1.277103e-01 5.091918e-02 -1.497889e-01 -1.951684e-01 -4.496993e-03 -5.009531e-02 -1.058657e-01 -1.413219e-01 -3.588088e-02 -9.157682e-02 1.455730e-01 -1.242156e-01 -1.125879e-01 8.369899e-02 -6.552387e-02 -1.114002e-01 1.348816e-01 4.559313e-02 -1.984677e-01 1.428245e-01 1.475247e-01 -9.073851e-02 -2.628251e-02 -1.056270e-01 -1.973999e-01 -1.061917e-01 -1.098148e-01 -1.123004e-01 1.019258e-01 -1.155123e-01 -1.018080e-01 9.547814e-02 -8.282881e-02 -9.990017e-02 -1.247585e-01 -7.795314e-02 -9.315748e-02 1.278730e-01 -8.100456e-02 -1.869768e-01 1.259366e-01 -5.396527e-02 -1.464150e-01 1.398038e-01 1.495767e-01 -1.122726e-01 7.036001e-03 8.239319e-02 -1.235568e-01 -1.250627e-01 1.042780e-01 -1.367819e-01 -1.074948e-01 -4.577934e-02 -1.608196e-01 -1.428140e-01 -1.318671e-01 -1.250947e-01 -7.123130e-02 -1.074813e-01 -1.265644e-01 1.044309e-01 -1.482060e-01 -1.416908e-01 2.200546e-02 6.961872e-02 -9.750627e-02 1.327985e-01 8.071819e-02 -1.620750e-01 1.260498e-01 -1.683214e-02 -9.971783e-02 1.488442e-01 -1.240275e-01 -1.133941e-01 -8.405490e-02 -7.879574e-02 -1.883780e-01 1.273969e-01 -1.211370e-01 -1.332403e-01 8.813412e-02 4.963175e-02 -1.133962e-01 1.413105e-01 1.497138e-01 -1.967133e-01 -5.229246e-03 2.896154e-02 -1.883138e-01 -1.471104e-01 -1.329256e-01 -1.804436e-01 -6.913227e-02 1.325629e-01 -9.751870e-02 7.007813e-02 9.098823e-02 -1.206775e-01 -1.191748e-01 9.917334e-02 -1.179263e-01 1.123688e-01 9.740102e-02 -2.124057e-01 1.138178e-01 -2.522247e-02 -1.662014e-01 -1.477033e-01 -5.240686e-02 -1.110014e+00 -4.253424e-02 -1.338797e-01 -8.640639e-02 -6.693573e-02 2.908452e-02 -1.263818e-01 1.469090e-01 5.412751e-02 -9.341662e-02 1.396340e-01 -5.256556e-02 -9.511840e-02 1.403123e-01 -5.610037e-02 -1.881067e-01 -1.390422e-01 8.004994e-02 -1.425643e-01 -1.265212e-01 1.393772e-01 -1.636757e-01 -5.518295e-02 8.614884e-02 -9.881226e-02 1.225004e-01 1.391007e-01 -1.871558e-01 -5.551069e-02 7.906989e-02 -1.067879e-01 1.270420e-01 1.491522e-01 -9.843224e-02 -1.213737e-02 -2.337930e-04 -1.218373e-01 -1.497704e-01 -3.370148e-02 -1.455524e-01 -1.460792e-01 -1.170223e-01 -8.687839e-02 9.377526e-02 9.028088e-02 -2.122541e-01 -1.196248e-01 9.842445e-04 -1.174286e-01 1.497953e-01 -5.426720e-02 -1.890848e-01 -1.396404e-01 -1.602183e-02 -1.853130e-01 1.490909e-01 1.199065e-01 -1.054349e-01 -9.004039e-02 4.740084e-02 -2.012140e-01 -1.420719e-01 5.315038e-02 -2.859948e-01 -1.355392e-01 1.489553e-01 -1.860088e-01 1.707575e-02 1.079455e-01 -2.091341e-01 -1.038536e-01 1.152483e-01 -2.049899e-01 -9.564960e-02 5.719957e-02 -1.161753e-01 -1.384625e-01 -1.353103e-01 -1.684874e-01 -6.429742e-02 1.425853e-01 -8.316559e-02 4.647689e-02 -6.478075e-02 -1.090545e-01 -1.350469e-01 -7.471617e-02 -9.360639e-02 -1.297499e-01 7.870370e-02 -1.869094e-01 -1.275266e-01 1.426168e-01 -1.866973e-01 4.582564e-02 -7.661087e-02 -2.700305e-01 -1.259955e-01 -1.494338e-01 -9.988964e-02 9.829390e-03 1.163165e-01 -8.198828e-02 -9.464499e-02 -6.697097e-02 -1.727759e-01 -1.339816e-01 1.998784e-02 -1.716837e-01 1.484191e-01 -9.217415e-02 -1.548703e-01 1.180296e-01 6.017713e-02 -9.658939e-02 -1.371323e-01 1.493561e-01 -1.695428e-01 -1.351906e-02 1.348582e-01 -1.407350e-01 6.517546e-02 -1.239713e-01 -9.070332e-02 -8.442525e-02 1.032116e-02 -1.354364e-01 -1.494084e-01 -1.692111e-02 -1.471442e-01 -1.489178e-01 -1.496627e-01 -1.003868e-01 5.577498e-03 1.482842e-01 -1.565770e-01 2.088250e-02 1.478269e-01 -1.421460e-01 -2.378901e-02 -1.494659e-01 -1.549483e-01 9.331636e-03 1.425030e-01 -9.687085e-02 4.587495e-02 1.459952e-01 -2.053997e-01 -3.381786e-02 7.565664e-02 -1.167346e-01 1.294522e-01 8.476299e-03 -9.713175e-02 -1.496523e-01 -1.492977e-01 -1.169954e-01 1.205063e-02 1.466841e-01 -1.438861e-01 3.033026e-02 -3.921020e-02 -1.373526e-01 -1.445297e-01 1.171121e-01 -1.813645e-01 9.326144e-02 -1.373106e-01 -1.658034e-01 6.031934e-02 6.024642e-02 -1.737362e-01 -1.370051e-01 -7.539468e-03 -1.937091e-01 -1.495981e-01 -1.497184e-01 -1.336304e-01 3.179842e-03 1.401083e-01 -1.365191e-01 5.256096e-02 1.497032e-01 -1.953934e-01 4.928691e-03 5.321422e-02 -1.013930e-01 -1.400054e-01 2.056273e-02 -1.788900e-01 1.483491e-01 -5.073749e-02 -1.291491e-01 1.408858e-01 -3.182741e-02 -1.759241e-01 1.464806e-01 3.033087e-02 -1.695021e-01 -1.467038e-01 1.311896e-01 -1.434078e-01 7.229878e-02 6.180886e-04 -1.146803e-01 1.498028e-01 6.163023e-02 -9.829737e-01 5.615168e-02 -1.235422e-01 -1.802174e-01 -8.451174e-02 1.403957e-01 -2.021828e-01 -5.242132e-02 -1.499740e-01 -1.871446e-01 -1.464228e-03 1.463500e-01 -1.833879e-01 -3.182627e-02 5.396960e-02 -1.228741e-01 -1.397339e-01 -1.393749e-01 -1.440563e-01 -5.109467e-02 1.466358e-01 -9.114518e-02 -3.113633e-02 1.493833e-01 -1.984264e-01 1.064682e-02 7.669915e-02 -1.768401e-01 -1.287021e-01 1.013391e-01 -1.240504e-01 1.103363e-01 4.185156e-02 -1.926692e-01 -1.437926e-01 1.352966e-02 -9.002339e-02 1.490943e-01 1.412805e-01 -1.675231e-01 -4.968137e-02 4.314813e-04 -1.255979e-01 1.497796e-01 -5.356364e-02 -1.363411e-01 1.400142e-01 1.482377e-01 -1.682790e-01 2.222904e-02 7.141624e-02 -1.260531e-01 1.315728e-01 -1.249141e-01 -2.055587e-01 -8.269580e-02 -1.489459e-01 -1.503327e-01 -1.564228e-02 -1.272246e-01 -1.788618e-01 7.932470e-02 1.174636e-01 -9.411357e-02 -9.319115e-02 -1.176342e-01 -2.109844e-01 9.268098e-02 1.066303e-01 -1.202750e-01 -1.052862e-01 -9.866685e-02 -1.752017e-01 1.127976e-01 1.498125e-01 -1.681839e-01 9.729138e-04 8.329201e-02 -2.116340e-01 -1.245837e-01 5.355632e-03 -1.089510e-01 -1.497008e-01 -1.214513e-01 -1.866833e-01 -8.738437e-02 1.200952e-02 -9.951808e-02 1.494012e-01 -1.475492e-01 -8.753287e-02 -2.555541e-02 1.357944e-01 -8.699308e-02 -6.366129e-02 8.437744e-02 -1.418724e-01 1.238660e-01 1.429572e-01 -3.235261e-01 -6.965295e-03 -1.310306e-01 -1.076001e-01 -7.286800e-02 6.042812e-02 -1.487907e-01 -1.370172e-01 1.319404e-01 -9.996933e-02 7.108168e-02 1.447254e-01 -1.082882e-01 -3.906085e-02 1.478850e-01 -1.390927e-01 -2.449438e-02 -1.497689e-01 -2.022950e-01 -4.402898e-04 -1.318616e-01 -1.508198e-01 7.100559e-02 -5.661472e-02 -1.395295e-01 1.388350e-01 7.940938e-02 -9.198461e-02 -1.271321e-01 -9.030801e-02 -1.368252e-01 -1.195674e-01 -1.352281e-01 -1.216058e-01 -6.470623e-02 -1.553968e-02 -1.168459e-01 1.489845e-01 -6.985624e-02 -1.538862e-01 1.325428e-01 -1.457955e-01 -1.005563e-01 3.513338e-02 -1.660413e-02 -1.090881e-01 -1.489775e-01 1.493767e-01 -1.012708e-01 1.070001e-02 -1.256585e-01 -1.762858e-01 -8.147396e-02 -4.816105e-02 -1.325791e-01 -1.420239e-01 -2.327557e-02 -1.694009e-01 -1.480120e-01 1.151154e-01 -1.282464e-01 -9.593265e-02 -1.145565e-01 -1.483486e-01 9.645694e-02 -2.098845e-02 -2.119541e-01 -1.483921e-01 -1.499210e-01 -1.486373e-01 -1.908387e-03 2.386348e-04 -1.364904e-01 1.498952e-01 -1.287365e-01 -1.069481e-01 -7.659813e-02 4.559764e-02 -1.810140e-01 1.427874e-01 1.029359e-01 -1.016906e-01 1.088807e-01 -1.497077e-01 -1.619745e-01 3.038439e-03 -8.770779e-02 -1.843159e-01 -1.213865e-01 -1.483813e-01 -2.009313e-01 -2.087495e-02 8.676136e-02 -1.534643e-01 -1.223104e-01 9.626170e-02 -1.629778e-01 -1.149999e-01 -1.478582e-01 -1.175225e-01 -2.382640e-02 -1.196313e-01 -1.916322e-01 -8.990752e-02 6.801298e-02 -1.344610e-01 1.334238e-01 1.421622e-01 -1.454999e-01 4.709728e-02 9.777521e-02 -1.526662e-01 1.136243e-01 -5.987173e-02 -1.240984e-01 1.374242e-01 4.692457e-02 -1.495036e-01 -1.424293e-01 -9.179471e-02 -1.319311e-01 1.186049e-01 6.405728e-03 -1.629221e-01 -1.495685e-01 -9.740081e-02 -1.029270e-01 -1.136431e-01 8.611852e-02 -1.894200e-01 1.225950e-01 -6.625683e-02 -1.109953e+00 1.291263e-02 -1.477973e-01 -1.548122e-01 -2.512861e-02 1.364913e-01 -9.531899e-02 -6.168432e-02 -4.114396e-02 -1.544606e-01 -1.438959e-01 -1.471955e-01 -1.500841e-01 2.691518e-02 -6.799388e-02 -1.304372e-01 -1.336199e-01 1.089223e-01 -1.395564e-01 1.027727e-01 3.485465e-02 -1.437079e-01 1.455927e-01 2.527681e-02 -1.254020e-01 -1.476953e-01 -9.617808e-02 -1.466257e-01 1.149044e-01 -4.331477e-02 -1.466247e-01 -1.435607e-01 -1.229058e-02 -1.592533e-01 1.492523e-01 1.452623e-01 -1.522812e-01 -3.671092e-02 -3.469399e-02 -9.995775e-02 -1.458653e-01 1.055616e-01 -9.566516e-02 1.062052e-01 1.053521e-01 -1.991456e-01 1.065584e-01 1.101980e-01 -1.512443e-01 1.016208e-01 2.745495e-03 -1.853027e-01 -1.498736e-01 -1.467503e-01 -1.507551e-01 3.020935e-02 -1.395535e-01 -1.890992e-01 5.417108e-02 3.647744e-02 -1.147320e-01 1.452413e-01 -1.188947e-02 -1.474523e-01 -1.494251e-01 1.073340e-01 -1.529932e-01 1.044093e-01 1.134338e-01 -1.135364e-01 9.783508e-02 9.796414e-02 -1.839107e-01 1.134804e-01 -9.806370e-02 -1.677322e-01 1.132169e-01 -4.922308e-02 -1.223527e-01 -1.416303e-01 8.317156e-02 -1.927069e-01 -1.245337e-01 -7.563427e-02 -1.900420e-01 -1.292714e-01 -5.812828e-02 -9.946869e-02 -1.380820e-01 8.703666e-02 -9.109873e-02 -1.221274e-01 3.894772e-02 -1.283780e-01 -1.446182e-01 -1.498425e-01 -1.569002e-01 2.316763e-03 -3.483963e-02 -1.493109e-01 1.456544e-01 9.118383e-02 -1.584866e-01 1.190591e-01 -1.387496e-01 -1.763685e-01 5.637262e-02 1.045357e-01 -1.208178e-01 1.072505e-01 -1.195251e-01 -1.635921e-01 -9.054028e-02 7.593982e-02 -1.699582e-01 -1.290794e-01 -7.034732e-02 -1.393828e-01 -1.324516e-01 1.128751e-01 -1.773168e-01 -9.843171e-02 -1.498135e-01 -1.427044e-01 -4.069684e-03 1.052654e-01 -9.009876e-02 1.066632e-01 1.453780e-01 -9.850349e-02 -3.549807e-02 -1.414062e-01 -1.323316e-01 -4.945688e-02 -2.185327e-02 -1.485322e-01 -1.481878e-01 9.605809e-02 -9.909403e-02 1.148046e-01 -1.455308e-01 -1.219357e-01 -3.615713e-02 -4.589073e-04 -1.100754e-01 1.496073e-01 -1.420215e-01 -2.085448e-01 -4.758777e-02 -5.535133e-02 -1.330298e-01 -1.393481e-01 -1.080862e-01 -1.857659e-01 -1.035421e-01 -8.448411e-02 -1.086409e-01 -1.236495e-01 5.021869e-02 -1.463302e-01 -1.411464e-01 6.646316e-02 -2.027006e-01 1.342425e-01 9.910616e-03 -1.998686e-01 -1.494251e-01 -2.890674e-02 -1.459994e-01 1.470791e-01 -1.487283e-01 -1.811709e-01 -1.839995e-02 -1.496929e-01 -1.956941e-01 -2.892589e-03 1.497841e-01 -1.713925e-01 2.864561e-04 -7.859535e-02 -1.994542e-01 -1.275512e-01 -1.017925e-02 -1.093188e-01 1.496000e-01 -2.202517e-02 -9.910179e-02 1.481799e-01 6.483743e-02 -1.658833e-01 1.351758e-01 1.340338e-01 -8.480630e-02 6.695569e-02 5.837649e-02 -1.317722e-01 -1.380104e-01 -2.790637e-02 -1.031152e-01 1.471581e-01 7.050164e-03 -1.470021e-01 -1.496440e-01 8.292181e-02 -2.056588e-01 -1.247452e-01 -1.019808e-02 -1.970941e-01 -1.495135e-01 -5.625354e-03 -9.536291e-02 -1.496470e-01 -1.180585e-01 -1.383567e-01 9.240009e-02 -8.419958e-02 -1.855143e-01 1.238457e-01 2.458613e-02 -9.228083e-02 1.477635e-01 1.373897e-01 -8.680069e-02 5.971408e-02 -2.931623e-02 -1.601841e-01 -1.468751e-01 -1.367647e-01 -2.053707e-01 6.115224e-02 -1.361147e-01 -2.060458e-01 6.246366e-02 -8.271144e-02 -8.709725e-01 -5.138663e-02 -1.227526e-01 -1.538715e-01 8.581679e-02 -1.304458e-01 -1.802272e-01 7.396109e-02 1.491225e-01 -1.933705e-01 -1.417540e-02 -2.127168e-02 -1.515185e-01 1.482643e-01 -3.321501e-02 -8.418272e-02 -1.460291e-01 7.369500e-02 -1.266264e-01 1.304892e-01 -1.055668e-01 -1.886776e-01 1.065305e-01 1.487094e-01 -1.343318e-01 1.774731e-02 -6.829684e-03 -1.915978e-01 -1.496248e-01 -4.959391e-03 -1.385565e-01 -1.496451e-01 9.765504e-02 -1.412802e-01 -1.137192e-01 -1.458898e-01 -1.592162e-01 3.419674e-02 -3.319598e-02 -1.411571e-01 1.460567e-01 5.150231e-03 -9.689771e-02 -1.498000e-01 -4.553126e-02 -1.938386e-01 -1.426307e-01 6.921643e-02 -1.703208e-01 1.328249e-01 -1.482044e-01 -1.347161e-01 -2.131478e-02 3.447980e-02 -1.463623e-01 1.457256e-01 -6.219321e-02 -1.296413e-01 1.363398e-01 7.049327e-02 -2.089966e-01 1.323488e-01 -8.820578e-02 -1.138985e-01 1.212263e-01 -1.423136e-01 -1.552512e-01 4.723557e-02 2.031915e-02 -1.277075e-01 1.484095e-01 1.210124e-01 -1.015835e-01 8.819883e-02 -1.250486e-01 -1.281235e-01 -8.239310e-02 1.448176e-01 -1.584212e-01 3.837132e-02 1.460946e-01 -1.344208e-01 3.347158e-02 4.710882e-03 -9.433961e-02 1.498861e-01 -1.478490e-01 -2.067548e-01 2.391036e-02 -4.134269e-02 -1.663527e-01 1.439625e-01 6.632973e-02 -2.080281e-01 1.342761e-01 -1.412955e-01 -1.837746e-01 4.910063e-02 -1.390816e-01 -1.002418e-01 -5.552908e-02 -1.357384e-01 -1.535391e-01 -6.345605e-02 -2.272750e-02 -1.614495e-01 1.481036e-01 -1.418075e-01 -1.560373e-01 4.820950e-02 -3.807009e-02 -1.010220e-01 1.448126e-01 1.476896e-01 -1.215478e-01 2.547254e-02 1.306113e-01 -2.094715e-01 7.343100e-02 -9.183479e-02 -1.680342e-01 1.184540e-01 -9.879840e-02 -2.020725e-01 1.126167e-01 -1.477709e-01 -1.866847e-01 -2.417190e-02 -1.340237e-01 -1.798211e-01 6.684743e-02 1.235564e-01 -1.290139e-01 8.463497e-02 -1.490200e-01 -1.197380e-01 1.481676e-02 -3.510775e-02 -1.252147e-01 1.455825e-01 1.435410e-01 -1.380629e-01 4.265086e-02 -7.741105e-02 -1.564388e-01 1.282173e-01 -1.310152e-01 -1.322430e-01 -7.269384e-02 -2.287591e-02 -1.015014e+00 -7.600172e-02 1.194381e-01 -1.204323e-01 9.063815e-02 4.952408e-02 -2.101453e-01 1.414295e-01 7.030676e-02 -9.905157e-02 1.322609e-01 -1.305081e-02 -1.239127e-01 1.492354e-01 1.488037e-01 -1.349318e-01 -1.799393e-02 -5.941274e-02 -1.652686e-01 1.375634e-01 -6.294578e-02 -1.528851e-01 1.359780e-01 1.156935e-02 -1.842959e-01 1.494957e-01 -1.290331e-01 -2.067371e-01 -7.603329e-02 1.357625e-01 -1.716274e-01 6.324587e-02 -1.397417e-01 -1.752571e-01 5.341035e-02 6.283922e-02 -1.255654e-01 -1.359783e-01 1.495341e-01 -1.133288e-01 7.633662e-03 -2.608910e-02 -1.873306e-01 1.474571e-01 1.419564e-01 -1.935117e-01 -4.801086e-02 -7.650296e-02 -1.325689e-01 -1.288659e-01 1.379463e-01 -1.528368e-01 -5.865397e-02 -1.356462e-01 -1.013582e-01 -6.353598e-02 1.862121e-02 -2.027436e-01 -1.485900e-01 -7.425406e-02 -1.015168e-01 1.300566e-01 1.321866e-01 -1.516167e-01 7.045924e-02 1.265688e-01 -8.781867e-02 -8.002488e-02 1.426273e-01 -9.936402e-02 -4.592588e-02 -8.022110e-02 -1.350959e-01 1.266561e-01 -7.325828e-02 -1.524552e-01 1.307081e-01 -2.705749e-02 -1.695094e-01 -1.471215e-01 -1.257334e-01 -9.214416e-02 8.156009e-02 -9.898758e-02 -1.435553e-01 -1.124423e-01 -1.023038e-01 -1.594885e-01 -1.093810e-01 6.959267e-02 -1.381320e-01 -1.326504e-01 -1.441673e-01 -9.368792e-02 -4.119597e-02 1.488542e-01 -1.998557e-01 -1.722498e-02 1.184595e-01 -1.111423e-01 9.182597e-02 -1.496466e-01 -1.525162e-01 5.761054e-03 1.207749e-01 -1.759881e-01 -8.888363e-02 -7.764424e-02 -9.898140e-02 1.280470e-01 1.874341e-02 -8.229098e-02 1.485413e-01 -1.099374e-01 -1.684284e-01 -1.016946e-01 1.353421e-01 -1.109818e-01 -6.421389e-02 7.187425e-02 -1.255583e-01 -1.315692e-01 -1.304077e-01 -1.415720e-01 -7.386196e-02 1.458184e-01 -1.521585e-01 3.460664e-02 -8.047701e-02 -1.581062e-01 1.262997e-01 -1.208371e-01 -8.756798e-02 8.867175e-02 1.444882e-01 -1.440769e-01 -3.951761e-02 -6.708149e-02 -2.446527e-01 -1.296142e-01 -4.740788e-02 -1.544558e-01 -1.420534e-01 -1.496747e-01 -1.810746e-01 -4.060628e-03 1.399217e-01 -1.677716e-01 5.322392e-02 -3.696610e-02 -1.275509e-01 1.451389e-01 1.078318e-01 -1.037181e-01 1.041151e-01 -3.349226e-02 -1.053151e-01 -1.459900e-01 1.422229e-01 -1.583603e-01 -4.693031e-02 8.071739e-02 -1.335042e-01 1.261577e-01 1.257239e-01 -1.604446e-01 -8.137126e-02 -9.725533e-02 -1.332478e-01 -1.141211e-01 1.110312e-01 -8.794941e-02 -1.004778e-01 -1.497652e-01 -1.427085e-01 1.535172e-03 -6.354826e-02 -1.996966e-01 -1.356270e-01 2.484273e-03 -1.906684e-01 1.499037e-01 5.211707e-02 -1.962970e-01 -1.406047e-01 -1.447436e-01 -2.146294e-01 3.853860e-02 1.494726e-01 -1.693240e-01 1.037141e-02 -6.766640e-02 -1.548352e-01 1.336321e-01 -7.978340e-02 -1.570026e-01 -1.269819e-01 3.138462e-02 -1.141185e-01 1.464227e-01 -3.170056e-02 -9.317720e-02 -1.463850e-01 -9.921254e-02 -1.758700e-01 1.122322e-01 1.310985e-01 -1.235165e-01 7.236678e-02 -5.677226e-02 -1.192178e-01 -1.387922e-01 1.497534e-01 -1.485425e-01 4.478889e-03 4.671190e-02 -1.665068e-01 1.422917e-01 -8.704147e-02 -1.138988e-01 -1.220527e-01 -1.212384e-01 -1.490165e-01 8.801833e-02 3.273073e-02 -8.069621e-01 1.001633e-01 1.174550e-02 -2.141220e-01 -1.493190e-01 -1.474469e-01 -2.045398e-01 -2.634925e-02 -1.432024e-01 -1.296934e-01 4.381946e-02 5.812685e-02 -1.050816e+00 -4.722790e-02 1.391215e-01 -1.263235e-01 -5.548316e-02 1.188384e-01 -1.975838e-01 9.057780e-02 -1.311124e-01 -1.705770e-01 -7.246036e-02 -7.429042e-02 -1.410867e-01 -1.300031e-01 9.394722e-02 -8.839937e-02 1.167890e-01 -2.421890e-02 -9.579290e-02 -1.477473e-01 2.893630e-02 -1.649225e-01 1.471007e-01 -1.409884e-01 -1.883722e-01 -5.050836e-02 -2.673947e-02 -1.185877e-01 1.471887e-01 -9.491198e-02 -1.113800e-01 -1.161200e-01 -6.266133e-02 -2.065105e-01 1.361356e-01 5.706811e-02 -1.312291e-01 1.385655e-01 -5.629747e-02 -1.840752e-01 -1.388452e-01 -1.231239e-01 -1.299004e-01 -8.541662e-02 5.441796e-02 -1.373264e-01 -1.394755e-01 5.664699e-02 -1.109973e+00 -3.670686e-02 -1.013575e-01 -1.627354e-01 1.102545e-01 -2.214899e-02 -1.104385e-01 -1.481304e-01 -1.498694e-01 -1.483880e-01 2.361905e-03 1.443481e-01 -1.887835e-01 4.057914e-02 -3.501769e-04 -1.541098e-01 1.498569e-01 2.944185e-02 -1.132004e-01 -1.468818e-01 1.388177e-01 -1.904289e-01 5.618997e-02 -5.534066e-02 -1.339962e-01 -1.391597e-01 -1.485688e-01 -1.649745e-01 -1.931954e-02 -1.474144e-01 -1.455191e-01 2.652033e-02 -3.679723e-02 -1.738986e-01 1.452692e-01 -2.066810e-02 -1.772936e-01 1.483454e-01 1.063287e-01 -1.596220e-01 1.054569e-01 -1.098609e-01 -9.213138e-02 1.020283e-01 -1.269328e-01 -1.564131e-01 7.960255e-02 5.088048e-02 -1.116729e-01 1.408875e-01 5.458699e-02 -1.579892e-01 1.394753e-01 9.518905e-02 -1.210614e-01 1.155927e-01 1.051481e-01 -1.071500e-01 -1.068428e-01 -1.442719e-01 -1.770864e-01 4.017533e-02 1.107370e-01 -1.625841e-01 1.008366e-01 1.493603e-01 -1.162778e-01 -1.082057e-02 -1.134137e-01 -1.497151e-01 -9.777903e-02 1.287426e-01 -1.362526e-01 -7.688530e-02 -1.461207e-01 -1.677869e-01 3.282033e-02 -1.470555e-01 -1.477871e-01 2.852239e-02 4.332459e-02 -1.625905e-01 1.435191e-01 -1.090145e-01 -1.271785e-01 -1.027281e-01 -7.562485e-03 -1.230492e-01 1.494094e-01 1.410415e-01 -1.913717e-01 -5.020422e-02 1.134698e-01 -1.346598e-01 9.775928e-02 -8.239944e-02 -1.916817e-01 -1.250535e-01 -1.443245e-03 -1.738058e-01 -1.497645e-01 4.953885e-02 -8.306522e-01 8.963571e-02 -1.112986e-01 -9.941383e-02 -1.002504e-01 -1.336705e-01 -2.020343e-01 6.767783e-02 1.065394e-01 -1.226771e-01 -1.054193e-01 -6.658863e-02 -1.583640e-01 -1.342559e-01 -4.959344e-02 -1.281972e-01 1.413604e-01 1.032011e-01 -1.404971e-01 1.085322e-01 3.859298e-02 -1.670984e-01 1.447076e-01 1.177742e-01 -1.077262e-01 -9.251215e-02 8.810262e-02 -1.308434e-01 -1.211107e-01 3.843065e-02 -1.724654e-01 -1.447570e-01 1.283205e-01 -1.371201e-01 -7.739760e-02 -3.997291e-02 -1.714733e-01 1.443082e-01 1.481447e-01 -1.696423e-01 2.255482e-02 5.658859e-02 -1.293424e-01 -1.386866e-01 1.489055e-01 -1.509562e-01 -1.626051e-02 -1.441252e-01 -9.913853e-02 -4.072661e-02 1.444003e-01 -1.316359e-01 -4.005834e-02 9.685157e-02 -1.343544e-01 -1.144131e-01 -4.834018e-02 -1.438755e-01 1.418285e-01 -1.849615e-02 -1.942052e-01 1.485748e-01 5.724632e-02 -1.495234e-01 -1.383756e-01 -1.318825e-01 -1.570704e-01 -7.089487e-02 -1.344964e-01 -1.483348e-01 -6.581569e-02 -1.419511e-01 -2.009481e-01 4.835511e-02 5.514650e-02 -1.682600e-01 -1.391275e-01 1.497423e-01 -1.387667e-01 2.790064e-03 -1.447620e-01 -1.040117e-01 -3.811267e-02 1.207509e-01 -1.079229e-01 -8.856893e-02 1.212143e-01 -1.448573e-01 -8.806083e-02 -1.493377e-01 -1.808625e-01 1.051373e-02 1.306445e-01 -1.771855e-01 -7.323913e-02 -8.817114e-02 -1.652901e-01 -1.213261e-01 -1.495189e-01 -1.712038e-01 -1.018026e-02 -1.257950e-01 -1.525532e-01 -8.147196e-02 -1.466620e-01 -1.865577e-01 -3.122986e-02 7.259378e-02 -1.139063e-01 1.309877e-01 -2.296052e-02 -1.109962e+00 6.347340e-02 1.447045e-01 -1.495127e-01 3.901554e-02 -2.577874e-02 -2.950739e-01 -1.426958e-01 -9.110817e-02 -2.453290e-01 -1.139695e-01 -9.924383e-02 -1.302577e-01 -1.121717e-01 1.484897e-01 -1.542945e-01 1.970378e-02 1.357419e-01 -1.582309e-01 6.344340e-02 -5.776943e-02 -1.561716e-01 -1.381618e-01 6.408135e-02 -1.980316e-01 -1.353891e-01 1.420829e-01 -1.737064e-01 -4.762872e-02 -3.981658e-02 -1.660257e-01 1.445390e-01 -6.149722e-02 -1.142695e-01 1.367515e-01 -7.087240e-02 -1.820791e-01 -1.320768e-01 -1.194203e-01 -1.714344e-01 9.024027e-02 5.024884e-02 -1.336616e-01 1.412092e-01 1.373354e-01 -1.177699e-01 5.992633e-02 -1.453585e-01 -1.099997e-01 -3.627703e-02 1.372772e-01 -1.024243e-01 6.038262e-02 5.794540e-02 -1.986651e-01 -1.381876e-01 1.480412e-01 -2.000352e-01 2.262507e-02 1.499258e-01 -1.225271e-01 -3.485403e-03 -1.089239e-01 -1.157409e-01 -1.028267e-01 4.233884e-02 -1.951458e-01 -1.437712e-01 1.252153e-01 -9.424480e-02 -8.217005e-02 1.003919e-01 -1.600319e-01 -1.113720e-01 -1.416741e-01 -1.947269e-01 -4.906387e-02 1.292942e-01 -1.086871e-01 -7.593797e-02 7.182018e-02 -1.413042e-01 -1.316166e-01 -2.664787e-02 -1.109965e+00 -6.201712e-02 -1.493160e-01 -1.731572e-01 -1.139497e-02 1.364259e-01 -1.188197e-01 -6.143575e-02 -1.244984e-01 -1.265069e-01 -8.317465e-02 1.443542e-01 -1.346403e-01 3.966780e-02 1.002020e-01 -1.604861e-01 1.113021e-01 -7.255583e-02 -1.030342e+00 -2.710588e-02 1.458648e-02 -1.654923e-01 -1.491085e-01 1.491942e-01 -1.653223e-01 -1.436323e-02 7.014585e-02 -1.054316e+00 -2.496865e-02 -1.468671e-01 -1.455080e-01 -2.967692e-02 -1.194724e-01 -1.966249e-01 9.033999e-02 4.386865e-02 -1.708861e-01 1.432092e-01 1.442633e-01 -1.465248e-01 -4.077308e-02 1.249707e-01 -1.115073e-01 8.254346e-02 -4.638378e-02 -1.414546e-01 1.424133e-01 1.485223e-01 -1.759178e-01 1.925496e-02 1.143944e-01 -1.072395e-01 9.656598e-02 -1.438873e-02 -1.781654e-01 -1.491735e-01 -1.477705e-01 -1.559660e-01 2.428653e-02 1.147635e-01 -1.232886e-01 9.634251e-02 -6.280558e-02 -1.701948e-01 1.359338e-01 -1.658993e-02 -1.696319e-01 -1.488597e-01 1.210528e-01 -9.012952e-02 -8.815353e-02 -1.348700e-01 -1.949139e-01 -6.507818e-02 9.875564e-02 -1.431966e-01 -1.127216e-01 -1.476610e-01 -1.780664e-01 2.401160e-02 -1.473057e-01 -1.289558e-01 2.697894e-02 1.267790e-01 -1.116123e-01 -7.997524e-02 7.482193e-02 -1.642841e-01 1.297075e-01 1.420112e-01 -8.738206e-02 -4.811205e-02 2.128637e-03 -1.981977e-01 1.498366e-01 -2.083523e-02 -1.003747e-01 1.484694e-01 -1.340855e-01 -1.882433e-01 6.675944e-02 9.343604e-02 -2.098044e-01 1.171313e-01 -1.458885e-01 -1.467621e-01 3.386308e-02 -9.684953e-02 -1.801113e-01 -1.141837e-01 1.230988e-01 -1.295232e-01 8.540628e-02 -1.350319e-01 -2.001327e-01 6.476820e-02 4.633924e-02 -1.585413e-01 1.426182e-01 1.648222e-02 -1.879622e-01 -1.489363e-01 -6.986079e-02 -1.384612e-01 1.322711e-01 4.034449e-02 -1.575854e-01 -1.443062e-01 7.106490e-02 -7.031330e-01 -9.464364e-02 -7.283129e-02 -1.744900e-01 1.308324e-01 -8.426464e-02 -1.972479e-01 -1.238502e-01 1.332894e-01 -1.355361e-01 6.827985e-02 9.410267e-02 -1.985307e-01 -1.165133e-01 -8.527710e-02 -1.962274e-01 -1.231046e-01 1.316242e-01 -9.775735e-02 -7.143806e-02 1.410680e-01 -8.807718e-02 5.079247e-02 -1.325638e-01 -2.020880e-01 -6.967896e-02 1.469025e-01 -2.096725e-01 2.995592e-02 1.488438e-01 -1.596913e-01 1.549591e-02 -2.261155e-02 -9.695136e-02 1.481360e-01 1.473165e-01 -2.144739e-01 -2.748857e-02 -1.380785e-01 -8.214640e-02 5.787719e-02 8.809365e-02 -9.298215e-01 -1.851613e-02 1.392556e-01 -9.797728e-02 -5.524066e-02 -6.760020e-02 -1.931731e-01 1.336365e-01 -1.472413e-01 -1.234172e-01 -2.749963e-02 7.091837e-03 -1.205124e-01 -1.496370e-01 -9.900431e-02 -1.825226e-01 -1.123832e-01 3.586613e-02 -1.293303e-01 1.454198e-01 7.594667e-02 -1.876922e-01 1.292438e-01 -8.733670e-02 -1.056678e-01 1.216537e-01 8.119939e-02 -1.612518e-01 1.258136e-01 -1.017052e-01 -2.147756e-01 1.099227e-01 1.241959e-01 -1.320111e-01 8.379917e-02 1.364452e-01 -1.640565e-01 6.169212e-02 -9.531973e-02 -1.648842e-01 1.155086e-01 -1.432953e-01 -1.428818e-01 4.422883e-02 -5.566319e-02 -1.285845e-01 1.390547e-01 -1.128970e-01 -1.351758e-01 9.862407e-02 1.359564e-01 -1.967172e-01 6.282753e-02 -1.459278e-01 -8.761771e-02 3.327681e-02 1.015529e-01 -1.115079e-01 1.100638e-01 9.877855e-02 -1.076696e-01 -1.128143e-01 1.216896e-01 -2.104567e-01 8.752126e-02 -3.305026e-02 -1.823753e-01 1.460923e-01 5.507997e-02 -1.907298e-01 1.392807e-01 -1.199507e-01 -1.160335e-01 8.977228e-02 1.465397e-01 -1.749726e-01 3.067526e-02 1.481327e-01 -9.101262e-02 -2.191421e-02 -7.162580e-02 -1.103136e-01 1.316733e-01 3.985644e-03 -1.784342e-01 1.497302e-01 -7.567269e-02 -1.744591e-01 -1.291714e-01 -1.428966e-01 -1.185796e-01 4.510293e-02 -1.450308e-01 -1.228409e-01 3.733793e-02 1.497382e-01 -1.757671e-01 2.558909e-03 -1.352367e-01 -1.485326e-01 6.471581e-02 -6.377061e-02 -1.119530e-01 -1.356085e-01 -1.156050e-01 -1.762127e-01 9.418789e-02 -2.198418e-02 -1.848670e-01 1.481685e-01 -1.053865e-01 -9.623528e-02 -1.063312e-01 1.495140e-01 -1.827684e-01 1.081460e-02 1.127534e-01 -1.116263e-01 9.879092e-02 1.235558e-02 -1.252435e-01 1.492305e-01 3.157059e-02 -1.211919e-01 1.464427e-01 -6.585413e-02 -9.742545e-02 1.345157e-01 -1.421097e-01 -1.876900e-01 -4.683544e-02 -1.489885e-01 -1.361878e-01 -1.530475e-02 -1.204894e-01 -2.184518e-01 -8.894528e-02 4.404242e-02 -1.753471e-01 -1.431463e-01 6.213791e-02 -1.703632e-01 1.362540e-01 1.044486e-01 -1.489158e-01 -1.073272e-01 -1.051792e-01 -1.433548e-01 -1.067182e-01 -8.165620e-02 -1.163440e-01 1.255137e-01 5.827880e-02 -1.040149e-01 1.378870e-01 1.066841e-01 -1.470252e-01 1.053795e-01 1.497547e-01 -1.153407e-01 -2.652465e-03 1.485449e-01 -1.776259e-01 1.991250e-02 9.961704e-02 -9.780563e-02 1.120077e-01 3.711630e-02 -1.249638e-01 1.450776e-01 5.443020e-03 -1.970313e-01 1.496823e-01 3.174984e-02 -1.109979e+00 5.956445e-02 -1.147329e-01 -1.119180e-01 -9.641621e-02 -8.182537e-02 -9.863170e-02 -1.256820e-01 -3.536226e-02 -1.460718e-01 -1.454864e-01 1.417266e-01 -1.277547e-01 -4.880559e-02 4.673843e-02 -1.125587e-01 1.424946e-01 -1.381106e-01 -1.131364e-01 5.782284e-02 -1.374268e-01 -1.189637e-01 5.995413e-02 1.209787e-01 -1.739796e-01 -8.829746e-02 1.094991e-01 -1.888025e-01 1.021707e-01 1.011075e-01 -1.904671e-01 -1.104866e-01 -1.160614e-01 -1.283776e-01 9.467790e-02 -7.392230e-02 -1.421347e-01 1.302284e-01 1.393220e-01 -1.380584e-01 5.482664e-02 1.450975e-01 -1.738324e-01 3.788716e-02 -1.415345e-01 -1.605614e-01 -4.923293e-02 -3.135158e-02 -1.188194e-01 1.464407e-01 1.494753e-01 -1.533088e-01 -9.575637e-03 -1.487695e-01 -1.816499e-01 1.694187e-02 -1.373786e-01 -1.837033e-01 -5.967211e-02 1.241437e-01 -1.895565e-01 8.411960e-02 3.494684e-02 -9.512348e-02 1.457403e-01 1.400343e-01 -1.393678e-01 5.308761e-02 7.310725e-02 -1.948238e-01 1.307057e-01 1.144329e-01 -1.414723e-01 -9.660875e-02 6.925693e-02 -1.527246e-01 1.328051e-01 1.871645e-02 -1.054564e-01 -1.485957e-01 -1.489375e-01 -1.770209e-01 1.566258e-02 -1.338421e-01 -1.135620e-01 6.733330e-02 1.473411e-01 -1.674678e-01 -2.713065e-02 -5.534128e-02 -1.757602e-01 1.389161e-01 5.785068e-02 -1.089631e+00 3.948804e-02 1.227699e-01 -1.243361e-01 8.590258e-02 1.460777e-01 -1.572937e-01 -3.306127e-02 -7.106829e-02 -9.744245e-02 1.319499e-01 -1.496199e-01 -9.721726e-02 -6.522359e-03 -8.789737e-02 -1.034616e-01 -1.213201e-01 3.467266e-02 -1.408211e-01 1.457221e-01 1.201098e-01 -1.791726e-01 8.947530e-02 -6.713280e-02 -1.684280e-01 1.340539e-01 -1.482603e-01 -1.009466e-01 -2.055056e-02 -6.646428e-02 -9.432166e-02 1.344382e-01 1.498375e-01 -1.239662e-01 5.434630e-04 -7.427702e-02 -1.896223e-01 -1.302451e-01 -1.498301e-01 -1.394365e-01 1.637899e-03 1.476886e-01 -1.005033e-01 -2.504508e-02 -1.391683e-01 -8.468375e-02 -5.589321e-02 -1.278572e-01 -8.962586e-02 7.835940e-02 -2.967035e-02 -1.182925e-01 -1.467843e-01 -1.300681e-01 -1.337949e-01 7.435677e-02 -2.862970e-03 -1.767348e-01 1.497643e-01 1.448150e-01 -9.954477e-02 3.872678e-02 -3.830018e-02 -1.751292e-01 -1.449728e-01 -8.468985e-02 -1.915496e-01 -1.235210e-01 5.381101e-02 -1.721301e-01 1.397725e-01 -4.036301e-02 -1.286722e-01 -1.442412e-01 -1.495617e-01 -1.697323e-01 7.958535e-03 5.770028e-02 -1.936556e-01 1.382611e-01 2.184013e-02 -1.354287e-01 -1.482291e-01 1.421466e-01 -9.943011e-02 4.720913e-02 1.252077e-01 -4.266355e-01 6.375594e-02 9.626640e-02 -1.210256e-01 -1.147892e-01 -1.235271e-01 -1.816471e-01 -8.470231e-02 1.470337e-01 -1.890381e-01 -2.920898e-02 -1.495029e-01 -1.300744e-01 -1.121957e-02 1.424518e-01 -1.043421e-01 -4.681200e-02 -1.484343e-01 -9.186234e-02 1.939978e-02 -1.380779e-01 -1.171166e-01 5.797704e-02 -1.474830e-01 -1.400307e-01 -2.653727e-02 -8.346709e-02 -1.501220e-01 1.243165e-01 -9.469303e-02 -1.398672e-01 -1.161331e-01 -1.454582e-01 -1.578279e-01 3.618405e-02 -1.288369e-02 -1.249611e-01 -1.492685e-01 1.332918e-01 -1.301621e-01 -6.829360e-02 7.674881e-02 -1.384647e-01 -1.286420e-01 -1.406893e-01 -9.152600e-02 -5.137380e-02 1.496147e-01 -1.258668e-01 7.543484e-03 2.150292e-02 -1.458803e-01 -1.483206e-01 -1.195561e-01 -2.074034e-01 9.032338e-02 1.487379e-01 -1.278000e-01 1.750325e-02 1.061098e-01 -1.521007e-01 1.057836e-01 -1.469898e-01 -1.865780e-01 2.920348e-02 1.351053e-01 -1.898376e-01 6.489410e-02 -1.406856e-01 -1.088488e-01 -5.116408e-02 -3.611414e-02 -9.949592e-02 1.453423e-01 1.422278e-01 -1.898772e-01 4.692722e-02 8.071128e-02 -2.001639e-01 -1.261538e-01 1.401738e-01 -9.068732e-02 -5.242511e-02 1.204260e-01 -1.483484e-01 8.899973e-02 1.078108e-01 -1.892738e-01 1.041172e-01 6.475458e-02 -2.097196e-01 1.350781e-01 5.485550e-02 -1.496456e-01 1.393512e-01 9.604402e-02 -1.766385e-01 1.149098e-01 -1.796200e-02 -1.416613e-01 -1.488584e-01 1.345209e-01 -1.092182e-01 6.583732e-02 5.750462e-02 -1.534165e-01 1.383211e-01 7.671916e-02 -1.351169e-01 1.287726e-01 -1.040683e-01 -1.969014e-01 -1.079621e-01 1.490649e-01 -1.465050e-01 -9.822104e-03 -4.343720e-02 -8.724389e-02 1.432814e-01 -1.221325e-01 -9.867565e-02 8.671676e-02 1.497332e-01 -1.680073e-01 -7.216545e-04 1.285059e-01 -9.683077e-02 -7.691859e-02 -4.542444e-02 -1.352498e-01 1.427815e-01 -1.242917e-01 -1.045779e-01 -8.390629e-02 1.148964e-01 -1.405652e-01 9.606049e-02 1.288911e-01 -1.457818e-01 -7.661508e-02 -5.662264e-02 -1.520920e-01 -1.387034e-01 -1.497110e-01 -9.891081e-02 -3.187522e-03 -2.263001e-02 -1.661129e-01 -1.480810e-01 -9.192827e-02 -1.033806e-01 -1.184880e-01 7.035781e-02 -9.976795e-02 1.322265e-01 4.345018e-02 -1.209181e-01 1.434029e-01 1.488182e-01 -9.110440e-02 -1.421741e-02 -1.455632e-01 -1.682071e-01 -3.508855e-02 -1.072889e-01 -1.099671e-01 -1.047721e-01 6.113269e-03 -1.359370e-01 1.498023e-01 1.339878e-01 -1.766058e-01 -6.705930e-02 -1.477280e-01 -1.469098e-01 2.444079e-02 -1.171139e-01 -1.100548e-01 9.333101e-02 1.416720e-01 -1.731859e-01 4.910355e-02 -9.071290e-02 -1.587622e-01 -1.191560e-01 -4.452187e-02 -1.836152e-01 1.429863e-01 1.303675e-01 -1.962664e-01 -7.410236e-02 9.704243e-02 -1.278877e-01 -1.140808e-01 -1.131164e-01 -1.144103e-01 9.828755e-02 -7.940056e-02 -1.311943e-01 -1.269286e-01 -1.474472e-01 -1.822167e-01 -2.653435e-02 -6.279024e-02 -1.302580e-01 1.360392e-01 4.667253e-02 -1.636929e-01 -1.423671e-01 3.742137e-02 -1.730459e-01 -1.450190e-01 -1.340838e-01 -1.449359e-01 -6.685936e-02 8.166823e-02 -1.687149e-01 -1.255387e-01 -1.483341e-01 -1.491041e-01 -2.074076e-02 -1.460812e-01 -1.078946e-01 3.326142e-02 1.035824e-01 -9.162383e-02 1.084273e-01 -1.185466e-01 -1.459720e-01 9.146291e-02 -1.158803e-01 -1.543696e-01 -9.486090e-02 -2.970738e-02 -9.303981e-02 -1.467425e-01 -1.497319e-01 -1.338587e-01 -1.059447e-03 -1.150655e-01 -1.403396e-01 9.574050e-02 1.937479e-02 -1.471995e-01 1.485865e-01 -7.612376e-02 -2.071438e-01 1.291776e-01 3.696036e-02 -1.700556e-01 1.451838e-01 8.765604e-02 -2.159684e-01 1.214969e-01 -7.481905e-02 -1.600531e-01 1.296720e-01 1.378339e-01 -1.256169e-01 -5.856341e-02 -7.578256e-02 -1.038777e-01 -1.291728e-01 -1.309959e-01 -2.001914e-01 7.296491e-02 1.289511e-03 -1.187655e-01 1.499437e-01 -2.449068e-02 -1.889988e-01 -1.478179e-01 1.492235e-01 -9.352740e-02 -1.292798e-02 -1.309474e-01 -1.581806e-01 -7.262174e-02 -1.413222e-02 -1.134082e-01 1.492875e-01 -1.421408e-01 -1.014249e-01 -4.754999e-02 1.378696e-01 -1.542577e-01 -5.848202e-02 1.488067e-01 -1.299000e-01 1.658099e-02 3.155681e-02 -1.327972e-01 1.464587e-01 1.413395e-01 -1.053146e-01 -4.954566e-02 -1.486511e-01 -1.702712e-01 1.834165e-02 -4.506629e-02 -1.031192e-01 -1.429448e-01 -1.311180e-01 -1.651645e-01 7.270318e-02 -1.426139e-01 -1.425262e-01 4.563728e-02 -6.873154e-02 -1.166242e-01 1.331063e-01 1.224748e-01 -1.473958e-01 -8.608722e-02 -4.288365e-02 -9.685789e-02 1.437071e-01 7.933655e-02 -1.831577e-01 -1.269992e-01 -1.497499e-01 -1.857538e-01 1.149917e-03 7.373224e-02 -1.351143e-01 -1.302798e-01 -1.467098e-01 -1.182757e-01 -3.028489e-02 -1.390809e-02 -1.150319e-01 -1.490688e-01 -1.498888e-01 -2.177486e-01 3.827218e-03 -1.004908e-01 -1.334683e-01 1.094794e-01 -1.396638e-01 -1.592711e-01 -5.437612e-02 1.590026e-02 -1.998174e-01 1.489708e-01 -1.169905e-01 -1.939734e-01 -9.348387e-02 1.105299e-01 -1.387831e-01 1.011100e-01 7.391419e-02 -1.229006e-01 1.303594e-01 8.053329e-02 -8.189184e-02 -1.261305e-01 -5.167172e-02 -1.435574e-01 -1.405664e-01 1.383110e-01 -1.552649e-01 -5.748352e-02 4.481451e-02 -2.167307e-01 -1.428982e-01 1.255359e-01 -1.042220e-01 -8.183142e-02 7.747746e-03 -1.145271e-01 1.495747e-01 1.491427e-01 -1.053048e-01 -1.564849e-02 2.593628e-02 -8.388394e-02 1.474667e-01 -1.089249e-01 -8.830847e-02 1.027317e-01 6.515257e-02 -9.720284e-02 1.349649e-01 3.551444e-02 -1.703553e-01 1.455047e-01 9.026908e-02 -1.099904e-01 1.196506e-01 -1.025488e-01 -9.602956e-02 1.090956e-01 -1.439729e-01 -1.116475e-01 -4.146792e-02 -7.221881e-02 -1.495583e-01 1.313185e-01 -9.262023e-03 -1.238498e-01 -1.495125e-01 2.040409e-02 -1.838135e-01 1.482935e-01 1.338367e-01 -9.711851e-02 6.724589e-02 7.737964e-02 -1.455538e-01 -1.282458e-01 2.978744e-02 -1.109962e+00 6.057156e-02 -1.482750e-01 -1.641926e-01 2.196721e-02 -1.075029e-01 -9.430980e-02 1.043666e-01 1.460895e-01 -1.724286e-01 -3.331669e-02 -8.131802e-02 -1.415081e-01 -1.258091e-01 4.986211e-02 -1.334369e-01 -1.412905e-01 7.187583e-02 -1.307837e-01 -1.314016e-01 -6.532881e-02 -1.952784e-01 -1.346477e-01 1.255447e-01 -1.208637e-01 8.197302e-02 -1.382685e-01 -1.844408e-01 -5.811578e-02 -7.012587e-02 -1.573168e-01 -1.323613e-01 1.464624e-01 -1.059029e-01 3.098036e-02 -1.199087e-02 -9.697051e-02 -1.492679e-01 1.583442e-02 -8.626640e-02 1.491034e-01 -1.491461e-01 -1.499777e-01 1.469155e-02 1.037802e-01 -1.482791e-01 1.079815e-01 -2.967667e-02 -1.645525e-01 1.467845e-01 -1.953071e-02 -1.854909e-01 -1.484707e-01 9.330971e-02 -1.195262e-01 -1.172525e-01 3.260707e-02 -1.307584e-01 -1.459402e-01 7.020046e-02 -1.177681e-01 1.324030e-01 -3.106110e-02 -1.669797e-01 1.466400e-01 5.487014e-02 -1.938592e-01 1.392756e-01 6.828770e-02 -1.819217e-01 1.334153e-01 -1.266015e-01 -1.767648e-01 -8.029003e-02 -8.994098e-02 -1.127477e-01 -1.198241e-01 -1.423982e-01 -1.965612e-01 4.647096e-02 -9.701171e-02 -1.082129e-01 1.142237e-01 -7.409549e-02 -9.323745e-01 -5.055509e-02 -6.729528e-02 -9.895322e-02 -1.339077e-01 1.759114e-02 -1.109994e+00 6.516518e-02 9.104668e-02 -1.740454e-01 -1.190835e-01 6.642718e-02 -1.132148e-01 -1.340967e-01 1.146050e-01 -1.153045e-01 -9.640042e-02 -5.798322e-03 -1.862554e-01 -1.496792e-01 1.043587e-01 -1.898457e-01 1.075425e-01 1.250652e-01 -1.781140e-01 8.232663e-02 1.487003e-01 -1.471783e-01 1.829509e-02 1.398520e-01 -1.105404e-01 5.391493e-02 7.084904e-02 -1.055062e-01 -1.319814e-01 -7.880301e-02 -1.931559e-01 1.273150e-01 1.445837e-01 -1.627729e-01 3.910724e-02 7.426767e-02 -1.879262e-01 -1.301729e-01 -1.488658e-01 -1.684097e-01 -1.745950e-02 1.293043e-01 -1.583878e-01 7.583410e-02 1.440496e-01 -1.541200e-01 4.162247e-02 -1.201848e-01 -1.881485e-01 8.934233e-02 -5.024101e-02 -8.997893e-02 1.412296e-01 8.452168e-02 -1.691572e-01 1.238941e-01 1.157757e-01 -1.343223e-01 9.512093e-02 4.126876e-02 -1.069040e-01 -1.440368e-01 -4.799649e-02 -1.440696e-01 1.418765e-01 -1.157558e-01 -1.572703e-01 -9.512576e-02 -1.309151e-01 -1.475666e-01 -7.272768e-02 9.218399e-02 -1.805318e-01 -1.181958e-01 8.589779e-02 -1.213024e-01 1.227910e-01 -1.482744e-01 -1.681028e-01 2.250377e-02 -4.251458e-02 -1.527026e-01 1.436059e-01 3.526225e-02 -1.353669e-01 -1.455404e-01 -1.403211e-01 -2.043854e-01 5.233741e-02 -3.889330e-02 -1.872396e-01 1.447607e-01 -1.226684e-02 -8.377931e-02 1.494691e-01 -5.686150e-03 -1.098829e+00 -6.865854e-02 -1.305436e-01 -1.567225e-01 -7.368661e-02 1.478818e-01 -1.005042e-01 -2.358265e-02 -3.171580e-02 -1.459177e-01 1.463947e-01 -1.445435e-01 -1.320636e-01 -3.989064e-02 7.651842e-02 -1.434932e-01 1.287403e-01 -6.804519e-03 -1.095756e-01 -1.496953e-01 -1.107839e-01 -1.893501e-01 1.008705e-01 9.060489e-02 -9.716690e-02 -1.192903e-01 1.221938e-01 -1.859738e-01 8.674968e-02 -1.311755e-03 -1.581758e-01 -1.497987e-01 -6.913170e-02 -1.772856e-01 1.329392e-01 9.855367e-02 -1.372004e-01 1.125558e-01 8.989028e-02 -1.823951e-01 1.199906e-01 2.962540e-02 -1.720832e-01 1.467761e-01 5.670059e-02 -1.199190e-01 -1.387883e-01 -7.362397e-03 -1.558098e-01 -1.495651e-01 1.448780e-01 -1.128694e-01 3.811780e-02 1.444858e-01 -1.843118e-01 -3.956470e-02 -1.496359e-01 -1.589651e-01 -6.106416e-03 -1.437441e-01 -1.232195e-01 -4.272455e-02 -9.400351e-02 -1.042601e-01 -1.167451e-01 -4.993861e-02 -1.838262e-01 1.412330e-01 -3.380492e-02 -1.052084e-01 -1.460247e-01 9.878646e-02 -1.316416e-01 -1.123894e-01 -1.160060e-01 -1.275033e-01 9.499893e-02 6.482677e-02 -1.471090e-01 1.349996e-01 -1.644207e-02 -1.540970e-01 -1.488651e-01 1.201856e-01 -1.162961e-01 8.944511e-02 -1.495752e-01 -1.397567e-01 -9.912981e-03 -1.412749e-01 -1.239444e-01 -4.971422e-02 1.259912e-01 -1.797611e-01 -8.108144e-02 5.382051e-02 -1.238227e-01 1.397560e-01 7.703531e-03 -2.014320e-01 1.496489e-01 4.940789e-02 -1.899054e-01 -1.413215e-01 -1.480404e-01 -1.889257e-01 2.295171e-02 4.085778e-02 -2.129027e-01 -1.441949e-01 1.098122e-01 -1.672916e-01 1.019104e-01 -1.453250e-01 -1.960603e-01 3.685790e-02 1.184077e-01 -1.009044e-01 -9.174738e-02 9.249471e-02 -1.359897e-01 -1.180710e-01 -1.042443e-01 -8.825266e-02 -1.075242e-01 1.473585e-01 -1.584972e-01 2.686483e-02 -7.882246e-02 -1.446255e-01 1.273913e-01 1.047371e-01 -1.157352e-01 -1.070751e-01 1.177390e-01 -1.940375e-01 9.258585e-02 1.285083e-01 -1.188367e-01 7.705078e-02 -5.096343e-02 -1.932588e-01 -1.408243e-01 -6.000800e-03 -1.111689e-01 1.497281e-01 4.577816e-02 -1.979733e-01 -1.427063e-01 9.372933e-02 -1.507558e-01 -1.169691e-01 -1.361803e-01 -2.005517e-01 -6.253316e-02 -1.492201e-01 -1.138724e-01 -1.395575e-02 1.467371e-01 -1.198193e-01 -3.000190e-02 -4.501901e-02 -2.119098e-01 -1.430085e-01 -2.654260e-02 -1.013828e-01 -1.473974e-01 -1.275180e-01 -1.036333e-01 -7.851027e-02 -1.016167e-01 -2.005534e-01 1.101282e-01 -7.211823e-02 -1.503567e-01 -1.312861e-01 1.412078e-01 -1.710906e-01 -5.016373e-02 -1.156692e-01 -1.280185e-01 9.514164e-02 -1.333607e-01 -1.949519e-01 6.826127e-02 -1.868053e-02 -1.529185e-01 -1.486766e-01 -2.716875e-02 -1.507600e-01 1.473314e-01 1.363253e-01 -9.447215e-02 6.191344e-02 8.390452e-03 -1.609015e-01 -1.496516e-01 -1.275485e-01 -1.406718e-01 -7.851316e-02 1.483462e-01 -2.032920e-01 -2.058152e-02 -1.498454e-01 -1.357819e-01 6.173112e-03 1.419790e-01 -1.189674e-01 -4.826535e-02 -1.467110e-01 -1.814720e-01 -3.099698e-02 -2.288438e-02 -1.141529e-01 1.480037e-01 -1.469929e-01 -1.884249e-01 2.869248e-02 9.735246e-02 -1.515103e-01 1.138023e-01 -1.462607e-01 -1.116313e-01 -3.243530e-02 1.467895e-01 -1.848263e-01 3.007605e-02 1.225370e-01 -1.613838e-01 -8.616427e-02 -6.953929e-02 -1.368964e-01 -1.326255e-01 -1.048138e-01 -1.600726e-01 -1.070930e-01 1.426052e-01 -1.093208e-01 -4.590374e-02 1.262779e-01 -1.749293e-01 8.078664e-02 -1.797520e-02 -1.404013e-01 1.488027e-01 1.387526e-01 -1.539710e-01 5.646748e-02 7.063072e-02 -1.688332e-01 1.321795e-01 -1.300748e-01 -9.062766e-02 -7.463583e-02 5.960988e-02 -2.066739e-01 1.374578e-01 1.245326e-01 -1.334494e-01 -8.324496e-02 -1.147219e-02 -1.076688e-01 1.495145e-01 -7.475725e-04 -1.425323e-01 -1.499319e-01 -9.750713e-02 -1.596190e-01 -1.137166e-01 -5.546726e-02 -1.423456e-01 1.391285e-01 -1.293843e-01 -1.042932e-01 7.547107e-02 4.992370e-02 -1.470063e-01 1.411932e-01 -1.340181e-01 -1.540628e-01 -6.685621e-02 1.497142e-01 -1.944077e-01 -5.480369e-03 -6.721636e-02 -1.577868e-01 -1.338986e-01 -1.034911e-01 -1.574545e-01 -1.084266e-01 -1.496926e-01 -1.790952e-01 6.800563e-03 -1.170257e-01 -1.692206e-01 -9.347239e-02 1.493303e-01 -1.529981e-01 1.146538e-02 -1.496566e-01 -1.672748e-01 -6.597204e-03 -3.830332e-02 -2.155861e-01 -1.448991e-01 1.440070e-01 -1.955143e-01 -4.112633e-02 -9.623211e-02 -2.091299e-01 1.149221e-01 1.417703e-01 -1.162865e-01 4.821040e-02 -1.489328e-01 -9.056265e-02 -1.709728e-02 -4.630248e-04 -1.967281e-01 -1.497626e-01 -9.635120e-02 -1.067341e-01 1.148064e-01 -1.384067e-01 -1.076041e-01 5.738966e-02 1.669008e-02 -2.061048e-01 -1.489817e-01 7.067437e-02 -1.608662e-01 1.322087e-01 1.014142e-01 -1.290280e-01 -1.102618e-01 -1.177920e-01 -1.144158e-01 9.254624e-02 8.517521e-02 -1.868503e-01 1.231776e-01 5.254348e-02 -1.179518e-01 1.402121e-01 -1.324409e-01 -1.718918e-01 7.013940e-02 1.922941e-03 -1.214071e-01 1.497449e-01 -8.232567e-02 -2.158474e-01 1.251184e-01 -5.797694e-02 -1.699805e-01 1.381463e-01 -1.021331e-01 -1.725136e-01 1.092999e-01 -1.097087e-01 -1.168122e-01 -1.019145e-01 -5.752251e-02 -1.597149e-01 -1.384914e-01 -1.444588e-01 -1.510551e-01 3.981072e-02 1.234773e-01 -1.221441e-01 8.462654e-02 7.570187e-03 -1.276240e-01 1.498006e-01 1.618073e-02 -8.922077e-02 -1.489641e-01 -1.488822e-01 -9.669067e-02 1.649478e-02 9.801893e-02 -1.266732e-01 1.132253e-01 -1.365320e-01 -1.643543e-01 6.187136e-02 4.021298e-02 -1.239290e-01 -1.443069e-01 -2.798067e-02 -1.962430e-01 1.473005e-01 1.406772e-02 -1.605874e-01 1.490801e-01 1.062639e-01 -1.238022e-01 -1.055343e-01 -1.073390e-01 -1.113171e-01 -1.044322e-01 -6.085681e-02 -9.300747e-02 -1.368251e-01 1.488906e-01 -1.692341e-01 1.631976e-02 1.159441e-01 -1.381907e-01 9.476669e-02 -8.793965e-02 -2.072115e-01 -1.214036e-01 -1.444219e-01 -1.073190e-01 4.001025e-02 -2.014409e-03 -1.929500e-01 1.498277e-01 -2.137212e-02 -2.078489e-01 -1.482843e-01 -1.243587e-01 -8.625956e-02 -8.340420e-02 -1.000826e-01 -1.850303e-01 1.115371e-01 -6.315786e-02 -1.779962e-01 1.357746e-01 -9.974944e-02 -1.308025e-01 -1.117258e-01 2.929398e-02 -1.088259e+00 6.381185e-02 -8.082547e-02 -9.829810e-02 -1.262442e-01 1.221170e-01 -1.951507e-01 -8.679772e-02 -5.132844e-03 -1.606466e-01 -1.497741e-01 6.397882e-02 -1.822916e-01 1.356219e-01 1.240692e-01 -1.046968e-01 -8.400008e-02 1.038188e-01 -1.181968e-01 1.080250e-01 -1.258956e-01 -1.067796e-01 -8.124702e-02 -1.328016e-01 -1.639944e-01 -6.931449e-02 1.341307e-01 -1.104588e-01 6.676257e-02 -1.388859e-01 -1.395404e-01 5.624576e-02 1.274566e-01 -4.949417e-01 5.538494e-02 1.445865e-01 -9.956464e-02 -3.885887e-02 -6.558726e-02 -1.335219e-01 -1.346112e-01 4.617189e-02 -1.053608e-01 1.426975e-01 -7.077422e-02 -1.171143e-01 -1.321546e-01 1.106249e-01 -1.765322e-01 1.011191e-01 8.557992e-02 -1.613335e-01 -1.229737e-01 1.497144e-01 -1.626755e-01 6.558970e-03 -1.422338e-01 -2.021744e-01 -4.692560e-02 6.790789e-03 -1.639722e-01 -1.496236e-01 -1.119384e-01 -9.992329e-02 9.940580e-02 -6.615859e-02 -8.403094e-02 -1.343253e-01 1.487696e-01 -1.824078e-01 -1.725032e-02 -5.558428e-02 -3.416390e-01 -1.321104e-01 -1.038905e-01 -1.570115e-01 -1.078599e-01 8.745291e-02 -1.414509e-01 1.217044e-01 1.385984e-01 -9.126155e-02 -5.668266e-02 -1.799790e-02 -1.229548e-01 1.486744e-01 -1.405707e-01 -1.258422e-01 5.174105e-02 1.476632e-01 -1.580509e-01 2.516644e-02 1.347644e-01 -2.038107e-01 6.577362e-02 -2.620642e-02 -1.279428e-01 -1.474707e-01 1.427602e-01 -1.104512e-01 4.561101e-02 6.803078e-02 -1.982416e-01 -1.336362e-01 6.411183e-02 -1.108600e-01 -1.353908e-01 -5.024115e-02 -1.600935e-01 -1.412016e-01 -7.211445e-02 -1.184816e-01 1.310941e-01 -1.361579e-01 -1.182097e-01 6.235928e-02 1.002092e-01 -1.073484e-01 1.115564e-01 1.804257e-03 -1.394674e-01 -1.497924e-01 -1.397113e-01 -1.963948e-01 5.451067e-02 -1.119698e-01 -1.167153e-01 9.944686e-02 -8.739902e-03 -1.418989e-01 -1.496055e-01 -1.497943e-01 -1.619352e-01 -6.079182e-03 -1.422082e-01 -1.099719e-01 4.739038e-02 -9.466037e-02 -1.758030e-01 1.160770e-01 1.418780e-01 -1.013165e-01 4.810178e-02 -2.728967e-02 -2.006161e-01 -1.472889e-01 -3.569344e-02 -9.230007e-02 1.454399e-01 -4.424380e-02 -9.150210e-02 -1.432595e-01 1.492389e-01 -1.711589e-01 -1.335440e-02 9.631692e-02 -1.450966e-01 1.147697e-01 -1.029606e-01 -1.410933e-01 -1.086986e-01 1.396579e-01 -5.024782e-01 -3.237645e-03 -9.112210e-02 -1.269296e-01 1.188463e-01 -8.089490e-02 -1.180333e-01 1.260093e-01 1.791284e-02 -1.151428e-01 1.487211e-01 -1.181765e-01 -2.837289e-01 8.729479e-02 -1.491881e-01 -1.363637e-01 1.512463e-02 -1.422537e-01 -1.548172e-01 4.671340e-02 1.495356e-01 -1.355686e-01 -8.621616e-03 1.847612e-02 -9.547143e-02 1.485226e-01 1.337481e-01 -1.904168e-01 -6.777752e-02 -9.964266e-02 -8.338823e-01 2.185290e-02 2.672714e-02 -2.044860e-01 -1.473449e-01 1.306623e-01 -1.898443e-01 -7.333051e-02 -1.496175e-01 -1.921767e-01 -6.619173e-03 -1.447354e-01 -1.478287e-01 -3.849056e-02 9.600163e-02 -1.496247e-01 -1.149653e-01 9.993121e-02 -1.923711e-01 1.116492e-01 -1.111267e-01 -1.436315e-01 -1.005614e-01 3.033813e-02 -1.247302e-01 1.467882e-01 -5.292229e-02 -1.276841e-01 -1.402949e-01 1.497877e-01 -1.953221e-01 -1.714978e-03 1.022899e-01 -1.161498e-01 -1.094520e-01 -1.134500e-01 -1.484433e-01 9.782965e-02 1.367620e-01 -1.898404e-01 6.098724e-02 -1.428130e-01 -1.751511e-01 -4.512023e-02 -8.387742e-02 -8.924311e-02 -1.242053e-01 1.199136e-01 -8.270900e-02 8.962231e-02 8.919145e-02 -1.669299e-01 -1.205191e-01 1.406170e-01 -8.833997e-02 5.163737e-02 -1.016823e-01 -1.319278e-01 1.100764e-01 -6.794724e-02 -1.834062e-01 1.334594e-01 7.478512e-02 -1.760635e-01 -1.297270e-01 1.172296e-01 -1.478294e-01 -9.352294e-02 1.468816e-01 -1.995947e-01 -2.915740e-02 -5.002239e-02 -1.281033e-01 -1.412669e-01 1.482566e-01 -1.177483e-01 -2.032541e-02 -1.289194e-01 -1.298764e-01 -7.619718e-02 -7.203443e-02 -1.180828e-01 1.314007e-01 1.428097e-01 -1.327473e-01 -4.533471e-02 3.229968e-03 -1.067346e-01 1.497482e-01 -1.474998e-01 -8.226088e-02 -2.591339e-02 -1.496606e-01 -2.035275e-01 -7.932035e-03 -9.830748e-02 -1.724829e-01 1.129547e-01 1.343446e-01 -1.001579e-01 -6.640556e-02 -5.758194e-02 -1.141325e-01 -1.383916e-01 1.159209e-01 -1.962756e-01 9.500854e-02 2.056209e-02 -1.561120e-01 1.483779e-01 1.040082e-01 -1.841173e-01 -1.080172e-01 -7.662147e-02 -1.875464e-01 1.287110e-01 1.491535e-01 -1.910030e-01 -1.488925e-02 -5.565001e-02 -1.828503e-01 1.389110e-01 1.431267e-01 -1.493379e-01 -4.369137e-02 -1.230088e-01 -9.491554e-02 8.552646e-02 5.563329e-02 -1.967209e-01 -1.392028e-01 9.420072e-02 -4.750020e-01 -1.046692e-01 -9.451466e-02 -1.743138e-01 -1.163418e-01 -8.948272e-02 -1.129808e-01 1.200792e-01 -1.354519e-01 -1.679079e-01 -6.398518e-02 1.136661e-01 -1.728361e-01 -9.765870e-02 -1.460235e-01 -1.336611e-01 3.333648e-02 7.053359e-02 -1.222278e-01 1.321105e-01 -2.140337e-02 -1.109970e+00 -6.401552e-02 -1.125244e-01 -1.611562e-01 -9.908636e-02 4.615166e-02 -1.526157e-01 1.426629e-01 -9.133595e-02 -1.111160e-01 -1.188006e-01 -1.410362e-01 -1.549941e-01 -5.092181e-02 3.605909e-02 -1.897264e-01 -1.454628e-01 -1.446093e-01 -2.006413e-01 -3.895591e-02 -2.638499e-02 -3.881011e-01 -1.401218e-01 2.256947e-02 -1.561481e-01 1.480695e-01 1.677924e-02 -1.062523e+00 -7.148873e-02 1.044613e-01 -1.302228e-01 1.074238e-01 2.184525e-02 -1.975443e-01 1.482121e-01 1.482423e-01 -1.154617e-01 2.207578e-02 1.084994e-02 -1.442907e-01 -1.494127e-01 -1.087380e-01 -1.405145e-01 1.028449e-01 5.714678e-02 -1.342840e-01 1.385992e-01 1.005665e-01 -8.462749e-02 1.109571e-01 -4.770169e-02 -1.598150e-01 -1.419421e-01 1.168806e-01 -1.606452e-01 9.380145e-02 1.104023e-02 -1.110000e+00 -6.658839e-02 -8.061001e-02 -1.616083e-01 -1.263634e-01 -8.481826e-02 -1.120421e-01 1.234775e-01 1.483670e-01 -1.146687e-01 -2.080276e-02 -1.318436e-01 -1.197478e-01 7.123689e-02 4.329007e-02 -1.065103e+00 -5.891427e-02 -3.012364e-02 -1.109966e+00 -6.040190e-02 7.663441e-03 -1.110006e+00 -6.706031e-02 4.985172e-02 -1.307800e-01 1.413682e-01 -1.401925e-01 -9.482141e-02 -5.268415e-02 1.249569e-01 -1.962236e-01 -8.267182e-02 -1.054137e-01 -1.354274e-01 1.065815e-01 1.455209e-01 -1.643170e-01 -3.584559e-02 -1.026908e-02 -1.663145e-01 1.494067e-01 9.975302e-02 -1.482112e-01 -1.118305e-01 -1.301101e-01 -1.214430e-01 -7.407987e-02 9.523424e-02 -9.610297e-02 -1.156227e-01 8.270380e-02 -1.028763e-01 -1.248840e-01 1.034694e-01 -9.485931e-02 -1.084600e-01 -1.628087e-02 -1.706602e-01 1.488554e-01 -1.327370e-01 -2.002114e-01 6.965940e-02 -1.421368e-01 -1.419945e-01 -4.714523e-02 1.447588e-01 -1.600383e-01 -3.704023e-02 -7.459554e-02 -2.140064e-01 -1.298611e-01 -3.628286e-02 -2.060055e-01 -1.453020e-01 1.068265e-01 -1.285202e-01 1.047252e-01 -1.112302e-01 -2.093063e-01 -1.003134e-01 1.089057e-01 -2.058483e-01 -1.028779e-01 1.415425e-01 -1.722821e-01 -4.897192e-02 8.374093e-02 -9.554559e-02 -1.241088e-01 9.471554e-02 -1.750603e-01 -1.159839e-01 -1.369464e-01 -1.443287e-01 6.073135e-02 1.000755e-01 -2.012341e-01 -1.114250e-01 1.018560e-01 -1.229864e-01 1.100092e-01 -6.712361e-03 -4.524304e-01 -1.419130e-01 -1.283540e-01 -9.442233e-02 7.717594e-02 -7.282121e-02 -2.061272e-01 -1.308739e-01 -9.554784e-02 -1.319343e-01 1.152060e-01 -9.657029e-03 -1.335071e-01 -1.494647e-01 -1.093764e-02 -1.283212e-01 1.494148e-01 2.907617e-02 -1.334680e-01 -1.470644e-01 -2.372721e-02 -1.547251e-01 -1.479087e-01 8.779925e-02 -1.344423e-01 1.214292e-01 -7.676763e-03 -3.594751e-01 -1.417163e-01 1.367884e-01 -9.597138e-02 6.110388e-02 1.170115e-01 -1.880196e-01 9.355872e-02 -1.360732e-01 -1.972707e-01 -6.282812e-02 1.489170e-01 -1.943902e-01 -1.440192e-02 9.333048e-02 -1.076375e-01 1.171826e-01 1.502224e-02 -1.670943e-01 1.490861e-01 1.225434e-01 -1.927043e-01 8.611814e-02 -9.680060e-03 -1.656616e-01 1.493658e-01 7.872613e-04 -1.522274e-01 1.496939e-01 -1.233394e-01 -2.093028e-01 8.512451e-02 -1.425471e-01 -1.889343e-01 -4.617776e-02 -1.473776e-01 -1.410499e-01 -2.659374e-02 -8.054006e-02 -1.261628e-01 1.264926e-01 4.759286e-02 -1.423377e-01 1.422054e-01 -1.456304e-01 -1.069420e-01 3.494816e-02 -1.407716e-01 -1.332382e-01 5.127272e-02 7.459878e-02 -1.440146e-01 -1.298585e-01 -1.498473e-01 -1.827211e-01 -7.164084e-04 4.966890e-02 -1.974293e-01 1.413095e-01 8.894608e-03 -1.109887e+00 -6.691219e-02 1.026695e-01 -1.232620e-01 -1.093286e-01 -1.163128e-01 -1.403913e-01 -9.438563e-02 9.845616e-02 -1.202168e-01 1.129727e-01 5.345508e-02 -1.331146e-01 -1.400994e-01 1.416724e-01 -1.353339e-01 4.851648e-02 -7.104141e-02 -9.576572e-02 -1.318120e-01 5.613784e-02 -1.176310e-01 1.389710e-01 8.463649e-02 -1.465634e-01 1.235756e-01 6.301498e-02 -1.816456e-01 1.358867e-01 1.496988e-01 -1.159642e-01 5.600934e-03 4.111020e-02 -1.526509e-01 -1.441331e-01 -1.481099e-01 -1.771933e-01 2.204170e-02 -1.164015e-01 -1.579394e-01 9.448839e-02 -6.908885e-02 -1.488253e-01 -1.328331e-01 -1.493647e-01 -1.570655e-01 -1.267934e-02 -1.146957e-02 -1.863120e-01 1.492899e-01 -1.360527e-01 -1.791538e-01 -6.282139e-02 6.266215e-02 -1.505459e-01 1.361658e-01 -1.279473e-01 -1.264631e-01 -7.787838e-02 -1.834945e-02 -1.470911e-01 -1.488095e-01 2.332782e-02 -1.109923e+00 -6.334544e-02 1.063893e-01 -2.061320e-01 1.054204e-01 -3.274294e-02 -1.792173e-01 -1.461453e-01 -1.072643e-01 -1.102777e-01 -1.047082e-01 6.687347e-02 -1.349753e-01 -1.341385e-01 1.027611e-01 -1.673698e-01 1.092021e-01 -1.457277e-01 -2.049236e-01 -3.452089e-02 -1.284833e-01 -9.789141e-02 7.679557e-02 4.188557e-02 -1.519833e-01 1.437796e-01 3.426217e-02 -1.705881e-01 1.459075e-01 -1.164314e-01 -2.841061e-01 8.878036e-02 -9.888658e-02 -1.269487e-01 -1.126229e-01 3.600933e-02 -1.056904e-01 -1.453733e-01 -7.477075e-02 -1.411193e-01 -1.298532e-01 2.154627e-02 -1.949485e-01 1.482728e-01 1.324108e-01 -1.057666e-01 7.004272e-02 -7.953376e-02 -1.361045e-01 1.269869e-01 9.819117e-02 -1.906174e-01 1.132316e-01 -6.728075e-02 -1.780439e-01 1.337994e-01 -1.046712e-01 -1.396618e-01 -1.071230e-01 1.202773e-01 -1.195129e-01 -8.957233e-02 -1.281981e-01 -9.617142e-02 7.774171e-02 4.870462e-02 -1.446527e-01 -1.416879e-01 -1.283359e-01 -1.861452e-01 -7.729964e-02 1.495804e-01 -1.952610e-01 4.633313e-03 1.267866e-01 -1.273853e-01 -7.944560e-02 -1.432605e-01 -1.945295e-01 4.396082e-02 -7.610797e-02 -1.880842e-01 1.290623e-01 1.488308e-01 -2.035160e-01 1.782568e-02 -1.477772e-01 -1.497987e-01 -2.438811e-02 -2.882500e-04 -1.109917e+00 -6.750294e-02 1.460934e-01 -1.151981e-01 3.291759e-02 -1.485577e-01 -1.253015e-01 2.002131e-02 -8.944856e-02 -1.037845e-01 -1.200684e-01 1.428296e-01 -9.037173e-02 4.479340e-02 -1.444726e-01 -1.092518e-01 3.959573e-02 1.494925e-01 -1.019006e-01 -7.891193e-03 -1.496023e-01 -1.433766e-01 7.176124e-03 -1.102699e-01 -1.829105e-01 -1.012663e-01 1.345368e-01 -2.020251e-01 -6.580716e-02 -1.393700e-01 -1.519835e-01 -5.478055e-02 1.317206e-01 -1.223381e-01 -7.168387e-02 -1.333971e-01 -2.306058e-01 5.774316e-02 -1.049403e-01 -1.719311e-01 -1.069142e-01 -1.349810e-01 -1.002790e-01 -6.521583e-02 -1.187163e-01 -1.210213e-01 -9.137585e-02 1.302323e-01 -1.554910e-01 7.394298e-02 1.295885e-01 -1.469207e-01 7.530685e-02 -1.692706e-02 -1.773243e-01 -1.489700e-01 1.014476e-01 -1.159475e-01 1.101783e-01 -1.038713e-01 -1.425657e-01 -1.078721e-01 -5.612916e-02 -1.396215e-01 -1.389871e-01 -5.722978e-02 -1.561995e-01 -1.384377e-01 1.496167e-01 -2.019108e-01 -8.352233e-03 -9.427364e-02 -1.093165e-01 1.164946e-01 1.117349e-01 -1.976520e-01 -9.965587e-02 -1.450092e-01 -1.583958e-01 -3.720777e-02 1.108882e-01 -1.217741e-01 1.007275e-01 -1.489266e-01 -8.710511e-02 -1.718262e-02 4.033933e-02 -1.365719e-01 1.441979e-01 -7.084656e-02 -1.829869e-01 1.319721e-01 -1.180598e-01 -1.332004e-01 9.212725e-02 3.868826e-02 -1.713440e-01 -1.448419e-01 1.444957e-01 -1.431665e-01 3.936861e-02 -1.279343e-02 -8.974343e-02 1.492392e-01 -2.623662e-02 -1.828747e-01 1.474534e-01 -6.400723e-02 -2.027114e-01 -1.355029e-01 -1.400861e-01 -1.586245e-01 -5.303414e-02 7.989667e-02 -1.080180e-01 1.266349e-01 1.396413e-01 -1.534969e-01 -5.409074e-02 1.497566e-01 -1.303694e-01 -3.584926e-03 1.151109e-01 -1.921731e-01 9.573449e-02 -1.417093e-01 -1.996199e-01 -4.883409e-02 1.295697e-01 -1.788061e-01 7.521496e-02 1.367309e-01 -1.118195e-01 -6.139717e-02 8.781695e-02 -8.935621e-02 -1.214968e-01 -1.668873e-02 -1.844887e-01 1.488724e-01 1.230933e-01 -1.402700e-01 8.547202e-02 8.083306e-02 -2.031707e-01 1.260715e-01 -9.539524e-02 -1.928096e-01 -1.157223e-01 1.360169e-01 -1.345354e-01 6.265086e-02 1.222100e-01 -1.574522e-01 8.680086e-02 -1.449286e-01 -1.951064e-01 -3.827122e-02 -1.486495e-01 -1.159397e-01 -1.855479e-02 -5.390931e-02 -1.840714e-01 1.399456e-01 -4.679218e-02 -8.405619e-02 -1.422278e-01 -8.171373e-02 -1.031134e-01 -1.257166e-01 -1.492810e-01 -1.320598e-01 -1.367375e-02 -1.738391e-02 -1.772750e-01 -1.487769e-01 -3.083529e-02 -9.817929e-02 -1.465600e-01 -1.157090e-01 -7.124281e-01 1.858443e-02 1.497784e-01 -1.918395e-01 8.299877e-05 1.491628e-01 -1.703261e-01 -1.363644e-02 1.366378e-01 -1.343306e-01 6.178351e-02 2.048892e-02 -1.701000e-01 1.483955e-01 1.458738e-01 -1.674218e-01 3.467728e-02 -8.297928e-02 -1.771195e-01 1.247579e-01 1.481193e-01 -1.887281e-01 2.116128e-02 1.994935e-02 -1.495765e-01 -1.485645e-01 1.481640e-01 -1.572827e-01 -2.222250e-02 1.244248e-01 -1.659375e-01 8.353397e-02 -9.548770e-02 -1.701452e-01 1.155984e-01 -9.362718e-02 -9.084614e-02 1.170996e-01 8.922870e-02 -1.522780e-01 1.202507e-01 7.440931e-02 -1.778947e-01 1.300175e-01 -8.305349e-02 -2.019940e-01 -1.246267e-01 -1.488622e-01 -1.976735e-01 1.561373e-02 -1.461296e-01 -1.828859e-01 3.288088e-02 1.282923e-01 -1.519902e-01 7.751532e-02 1.325497e-01 -1.527313e-01 -7.002287e-02 -8.163946e-02 -1.804332e-01 -1.257270e-01 6.681284e-02 -1.402815e-01 -1.340350e-01 1.291827e-01 -9.934190e-02 7.577077e-02 1.316367e-01 -1.365082e-01 7.177974e-02 -1.405823e-01 -1.515621e-01 5.199284e-02 -6.483660e-02 -9.052881e-02 1.351149e-01 1.160124e-01 -1.509947e-01 -9.468114e-02 1.411712e-01 -1.318932e-01 -5.046863e-02 5.453827e-02 -1.647692e-01 -1.395855e-01 1.475237e-01 -1.854409e-01 -2.591912e-02 1.451976e-01 -1.595829e-01 3.706644e-02 -2.068978e-02 -2.184214e-01 1.483399e-01 1.404241e-01 -2.002597e-01 5.259975e-02 -5.156761e-02 -1.374787e-01 -1.406441e-01 1.854779e-02 -1.306617e-01 1.486692e-01 1.477043e-01 -1.826291e-01 -2.481645e-02 1.042574e-01 -2.070538e-01 1.075407e-01 -6.459074e-02 -1.096036e-01 -1.351888e-01 -1.341778e-01 -1.125217e-01 6.658334e-02 3.412647e-02 -9.516035e-02 1.458393e-01 -1.217189e-01 -1.519156e-01 -8.756292e-02 1.497659e-01 -1.008850e-01 3.667081e-03 1.307542e-01 -1.963723e-01 7.307602e-02 7.651192e-02 -8.134666e-02 1.289646e-01 1.351425e-01 -8.365391e-02 6.487904e-02 -1.349799e-01 -1.817100e-01 6.492534e-02 -1.424341e-01 -1.117094e-01 -4.626198e-02 8.861219e-02 -1.705586e-01 -1.206580e-01 -4.434744e-02 -9.649218e-01 -7.325280e-02 1.057086e-01 -1.485223e-01 1.060447e-01 1.370683e-01 -9.209099e-02 6.051536e-02 8.472884e-02 -1.960821e-01 1.235894e-01 -1.158997e-01 -1.851112e-01 9.487036e-02 -1.284390e-01 -1.208247e-01 -7.731299e-02 -1.153405e-01 -4.221721e-01 -8.460556e-02 -1.331006e-01 -1.459711e-01 -6.894527e-02 1.308071e-01 -8.618084e-02 7.261197e-02 6.494422e-02 -6.343203e-01 1.090865e-01 -1.246533e-01 -1.101217e-01 -8.325897e-02 -6.812362e-02 -1.027530e-01 -1.332980e-01 -5.271139e-02 -9.689025e-02 -1.402294e-01 -1.337755e-01 -1.806603e-01 -6.756987e-02 1.243389e-02 -1.427408e-01 1.492394e-01 -1.410417e-01 -1.228574e-01 -5.013066e-02 4.202078e-03 -1.604704e-01 -1.498218e-01 -1.496701e-01 -1.441970e-01 -7.547680e-03 -1.471539e-01 -1.470355e-01 2.805614e-02 3.633980e-02 -1.428967e-01 1.453946e-01 -1.278212e-01 -1.859707e-01 7.806385e-02 1.401394e-01 -9.915622e-02 5.323761e-02 -7.875960e-02 -1.154703e-01 1.273777e-01 -9.830355e-02 -1.509156e-01 -1.130495e-01 -1.481833e-01 -1.993756e-01 -2.222378e-02 -1.370586e-01 -1.259297e-01 -6.069572e-02 2.276171e-02 -5.338684e-01 1.341007e-01 -8.627599e-02 -1.706508e-01 -1.226005e-01 -1.431942e-01 -1.941738e-01 4.422668e-02 -4.958003e-02 -1.713986e-01 -1.413243e-01 7.892039e-02 -1.005550e-01 1.272508e-01 -1.373412e-01 -1.859471e-01 -5.974842e-02 -1.490066e-01 -8.618215e-02 -1.528456e-02 -9.556691e-02 -1.235165e-01 1.153474e-01 2.114693e-02 -1.909413e-01 -1.483294e-01 1.453678e-01 -1.658825e-01 3.681586e-02 1.449459e-01 -1.995942e-01 -3.828586e-02 1.496138e-01 -1.664614e-01 -8.014681e-03 -7.254742e-02 -1.952845e-01 -1.310172e-01 -1.433072e-01 -1.319212e-01 4.354021e-02 4.497124e-02 -1.120096e-01 -1.429284e-01 -4.087476e-03 -1.564977e-01 1.497573e-01 -1.455672e-01 -1.867857e-01 3.530724e-02 1.485347e-01 -1.165457e-01 1.915921e-02 -1.198691e-01 -1.743995e-01 8.972722e-02 -1.217915e-01 -1.348388e-01 8.737364e-02 6.279587e-02 -1.352147e-01 1.360242e-01 -1.459702e-01 -2.020298e-01 -3.360727e-02 -3.960658e-02 -1.097302e-01 1.445577e-01 -6.776738e-02 -1.407405e-01 1.335496e-01 -4.673049e-02 -1.303516e-01 1.422494e-01 -3.078668e-03 -8.623025e-02 1.497513e-01 7.226937e-02 -1.178848e-01 1.314240e-01 4.159689e-02 -1.686678e-01 -1.438724e-01 -3.796066e-02 -1.971084e-01 1.449110e-01 -1.119859e-01 -9.540853e-02 9.956987e-02 1.365560e-01 -9.144261e-02 6.156454e-02 -1.302110e-01 -1.509036e-01 7.397752e-02 1.485093e-01 -9.241107e-02 1.938655e-02 1.098116e-01 -1.126365e-01 -1.019724e-01 -3.188069e-02 -1.321506e-01 1.462940e-01 -5.025997e-02 -1.891348e-01 1.412602e-01 9.809995e-02 -8.670470e-02 -1.131886e-01 -9.698103e-03 -1.840731e-01 1.495362e-01 -3.189729e-02 -1.505235e-01 -1.463499e-01 -1.454738e-01 -1.016221e-01 -3.558594e-02 4.150581e-02 -1.154358e-01 1.439992e-01 3.066129e-03 -9.168178e-02 -1.497459e-01 1.331018e-01 -1.303805e-01 6.843653e-02 1.237864e-01 -1.172165e-01 -8.431724e-02 -1.863082e-02 -1.950170e-01 -1.486926e-01 -3.513084e-02 -1.883736e-01 1.456391e-01 -2.346099e-02 -1.627463e-01 -1.479566e-01 -4.875649e-02 -1.942977e-01 -1.416051e-01 -7.165731e-02 -1.012499e-01 1.315017e-01 1.476724e-01 -9.857139e-02 2.530894e-02 1.056008e-01 -1.764474e-01 -1.062074e-01 -8.475270e-02 -9.642812e-02 1.234700e-01 -4.888708e-02 -1.229878e-01 -1.417298e-01 1.410692e-01 -1.287067e-01 -4.991457e-02 1.401600e-01 -2.056810e-01 5.303350e-02 2.343223e-02 -1.668969e-01 1.479029e-01 -1.173503e-01 -1.853014e-01 -9.302451e-02 -1.497394e-01 -1.542147e-01 7.192270e-03 -1.154300e-01 -1.632635e-01 -9.570502e-02 9.807117e-03 -4.741065e-01 -1.402867e-01 6.086428e-02 -2.068554e-01 1.369001e-01 3.583983e-02 -8.284433e-02 -1.453680e-01 -1.497576e-01 -1.237987e-01 -1.957768e-03 1.495799e-01 -1.883472e-01 -7.506114e-03 -9.835731e-02 -1.374081e-01 1.130608e-01 9.329420e-02 -1.511730e-01 1.171387e-01 -5.488882e-02 -2.005680e-01 1.393680e-01 -1.228664e-01 -1.336240e-01 -8.578535e-02 -4.653924e-02 -1.029062e-01 -1.425686e-01 1.407561e-01 -1.678611e-01 5.114674e-02 -5.238400e-03 -1.863599e-01 -1.497872e-01 -7.287047e-02 -1.388361e-01 1.308143e-01 -1.420419e-01 -9.367403e-02 -4.793600e-02 1.045446e-01 -1.057799e-01 -1.072823e-01 3.968491e-02 -1.580845e-01 1.444088e-01 9.481496e-02 -1.513216e-01 1.159257e-01 -9.771265e-03 -1.606154e-01 -1.496021e-01 -1.275181e-01 -1.691887e-01 -7.851315e-02 -1.489410e-01 -2.136173e-01 -1.606566e-02 -1.216704e-02 -1.975614e-01 -1.494416e-01 -1.338291e-01 -1.097902e-01 -6.737785e-02 -1.153976e-02 -1.661423e-01 -1.493621e-01 -1.489563e-01 -1.482746e-01 -1.576161e-02 -6.099375e-02 -1.641346e-01 -1.367613e-01 1.487015e-01 -1.476469e-01 -1.929712e-02 1.452569e-01 -1.554975e-01 3.699356e-02 -1.023051e-01 -1.866711e-01 -1.094051e-01 1.068530e-01 -1.929796e-01 -1.051136e-01 5.706381e-02 -1.841057e-01 -1.384711e-01 1.486706e-01 -1.331369e-01 1.805259e-02 1.497906e-01 -1.027619e-01 -3.931666e-03 -1.483119e-01 -1.188477e-01 2.092948e-02 -6.431120e-02 -1.616483e-01 1.354494e-01 1.498696e-01 -1.687736e-01 -5.187119e-03 6.117089e-02 -1.749229e-01 -1.369313e-01 1.202270e-01 -1.188399e-01 -8.956155e-02 -6.774806e-02 -1.438957e-01 1.336737e-01 4.791037e-02 -1.974762e-01 1.419022e-01 7.412463e-02 -9.224033e-02 1.299927e-01 -7.005777e-02 -9.658796e-02 -1.323787e-01 1.440501e-01 -1.469388e-01 -4.103593e-02 -1.313780e-01 -2.026593e-01 -7.206968e-02 -1.368916e-01 -1.723539e-01 -6.076347e-02 -1.488800e-01 -1.532939e-01 -1.667438e-02 1.498206e-01 -1.985082e-01 -4.994561e-04 1.058437e-01 -1.253876e-01 -1.060377e-01 7.607219e-02 -1.820931e-01 1.290290e-01 -1.460245e-01 -1.672315e-01 3.329062e-02 1.499294e-01 -9.901138e-02 -1.015819e-03 -1.403742e-01 -1.024416e-01 -5.225591e-02 1.265284e-01 -1.089918e-01 8.052791e-02 6.817865e-02 -1.304056e-01 -1.333476e-01 -6.854000e-02 -1.441992e-01 1.333604e-01 1.087980e-01 -1.038381e-01 1.029192e-01 -1.480608e-01 -1.445073e-01 -2.297238e-02 -4.159483e-02 -2.000917e-01 -1.438798e-01 2.230159e-02 -1.562426e-01 -1.482131e-01 9.007119e-02 -1.523367e-01 -1.196637e-01 -2.383134e-03 -1.214170e-01 1.498179e-01 -9.966653e-02 -1.258213e-01 1.118822e-01 1.485881e-01 -1.307491e-01 -1.988162e-02 1.298097e-01 -1.275701e-01 7.481087e-02 -7.776383e-02 -1.165844e-01 -1.280895e-01 -7.380529e-02 -1.552856e-01 1.303483e-01 9.417012e-02 -1.743919e-01 -1.165389e-01 -3.196232e-02 -1.834924e-01 -1.464561e-01 -6.773904e-02 -1.369863e-01 -1.336504e-01 -4.299503e-02 -1.300440e-01 -1.434761e-01 2.934215e-02 -1.009480e-01 1.470197e-01 -1.236767e-01 -1.327363e-01 8.472785e-02 5.746793e-02 -2.101444e-01 -1.384072e-01 6.356454e-02 -1.368083e-01 -1.352189e-01 1.407240e-01 -1.795102e-01 5.121225e-02 1.362282e-01 -1.431702e-01 6.235263e-02 1.433289e-01 -1.707216e-01 4.349850e-02 1.494880e-01 -1.382592e-01 -9.451084e-03 -1.469525e-01 -1.673902e-01 -2.940491e-02 -1.482058e-01 -1.383475e-01 2.255845e-02 -1.249046e-02 -8.899744e-02 1.492458e-01 -3.570873e-02 -1.022193e-01 1.455044e-01 1.363032e-01 -8.397864e-02 6.170248e-02 -1.484739e-01 -8.305316e-02 -1.934504e-02 1.486784e-01 -1.273651e-01 -1.819832e-02 1.431543e-01 -1.386078e-01 4.437620e-02 9.752983e-02 -1.889596e-01 1.138862e-01 -6.468347e-02 -1.287679e-01 -1.350976e-01 -9.920242e-02 -1.246512e-01 -1.122547e-01 1.416714e-01 -1.150067e-01 4.878461e-02 1.309536e-01 -1.437347e-01 7.262419e-02 -1.497303e-01 -1.421406e-01 -4.869206e-03 1.003669e-01 -1.378603e-01 -1.111161e-01 2.245341e-02 -1.203743e-01 1.481795e-01 -6.779353e-02 -9.407024e-02 -1.334261e-01 -6.839804e-02 -1.046969e-01 1.332984e-01 1.024917e-01 -1.464683e-01 1.092583e-01 -2.457061e-02 -1.427665e-01 1.478508e-01 1.473732e-01 -1.222914e-01 -2.783681e-02 -1.160965e-01 -2.039582e-01 9.465367e-02 1.411396e-01 -1.230182e-01 -5.046649e-02 -9.010237e-02 -1.060860e-01 1.196252e-01 -1.492405e-01 -1.666932e-01 -1.239243e-02 1.063319e-01 -1.600626e-01 1.055979e-01 -1.198973e-01 -1.364447e-01 8.988567e-02 -1.447107e-01 -1.123991e-01 -3.920927e-02 6.024569e-02 -1.903958e-01 1.371134e-01 -1.288392e-01 -1.520349e-01 -7.645115e-02 -1.335239e-01 -1.120707e-01 6.781408e-02 -4.189306e-02 -1.439301e-01 -1.437968e-01 1.433009e-01 -1.037671e-01 4.362078e-02 -6.798798e-02 -1.797003e-01 -1.334390e-01 6.909434e-02 -1.128357e-01 -1.328921e-01 1.176602e-01 -1.140466e-01 -9.290329e-02 -1.480376e-01 -1.932660e-01 -2.342336e-02 1.493156e-01 -1.378682e-01 1.292537e-02 -8.764476e-02 -1.842793e-01 1.215617e-01 1.488249e-01 -1.967306e-01 1.839783e-02 -1.213881e-01 -1.186850e-01 -8.768914e-02 -1.277150e-01 -1.373266e-01 -7.799431e-02 -1.483461e-01 -1.630957e-01 2.068763e-02 7.507029e-02 -1.696258e-01 1.298315e-01 4.430684e-02 -1.338238e-01 1.431334e-01 1.200462e-01 -1.467068e-01 8.968583e-02 8.727300e-02 -1.974346e-01 -1.218705e-01 -8.555590e-02 -1.754790e-01 -1.229379e-01 9.288244e-02 -1.853256e-01 1.175360e-01 -9.131826e-02 -1.690607e-01 1.188600e-01 1.453636e-01 -1.030659e-01 3.602792e-02 1.405713e-01 -1.897925e-01 5.209649e-02 -7.734389e-02 -1.988026e-01 1.283162e-01 1.291318e-01 -1.259824e-01 -7.603779e-02 1.493514e-01 -1.204574e-01 -1.344964e-02 1.325611e-01 -1.044212e-01 -6.971969e-02 -9.987492e-02 -1.511167e-01 1.116034e-01 7.880867e-02 -1.833578e-01 1.275733e-01 1.413813e-01 -9.724446e-02 4.940712e-02 2.560493e-02 -9.939404e-02 -1.471826e-01 3.910564e-02 -1.422663e-01 1.446000e-01 -1.206751e-01 -1.498585e-01 -8.885950e-02 -1.438189e-01 -8.844885e-02 4.181936e-02 1.308626e-01 -1.178874e-01 -7.288871e-02 5.035166e-02 -1.747752e-01 -1.410416e-01 -8.974817e-02 -1.864761e-01 1.198286e-01 -3.453578e-02 -1.705919e-01 -1.458173e-01 -7.777783e-02 -5.765386e-01 1.093360e-01 1.390243e-01 -1.352834e-01 5.614487e-02 3.303829e-02 -1.897622e-01 1.460741e-01 -1.198105e-02 -2.225786e-01 1.494032e-01 -9.136599e-02 -2.063604e-01 -1.187416e-01 -1.081948e-01 -2.012469e-01 1.035399e-01 5.629501e-02 -1.357658e-01 -1.388010e-01 -1.021637e-01 -2.114951e-01 -1.095513e-01 6.417119e-03 -1.953860e-01 -1.496272e-01 1.156798e-01 -1.465385e-01 -9.512524e-02 7.882162e-02 -1.317856e-01 1.273413e-01 1.314876e-01 -1.810340e-01 7.206263e-02 1.080948e-01 -1.823802e-01 -1.036837e-01 -1.051733e-01 -1.922793e-01 1.066693e-01 -1.355751e-01 -1.134436e-01 6.392312e-02 1.096796e-01 -1.090586e-01 1.021911e-01 1.306702e-01 -2.033750e-01 -7.323979e-02 1.497891e-01 -1.662800e-01 1.675735e-04 1.486468e-01 -9.579319e-02 -1.823024e-02 -1.370395e-01 -1.964259e-01 -6.049459e-02 -1.436425e-01 -1.815711e-01 -4.222710e-02 -1.460885e-01 -1.584298e-01 -3.304155e-02 1.288824e-01 -5.482145e-01 -4.853491e-02 -1.327401e-01 -1.343123e-01 -6.934810e-02 -1.770414e-02 -9.534422e-02 1.486435e-01 2.694904e-03 -2.033779e-01 -1.497398e-01 -1.353487e-01 -1.791377e-01 -6.433900e-02 -1.438748e-01 -2.090302e-01 -4.157654e-02 -5.728895e-02 -2.655870e-01 1.336138e-01 5.966111e-02 -1.991281e-01 -1.373625e-01 -5.833124e-02 -1.375193e-01 -1.379339e-01 -1.346447e-01 -9.040932e-02 6.584459e-02 -1.497469e-01 -1.173229e-01 -5.627410e-03 -1.111877e-01 -1.481441e-01 1.003724e-01 7.080439e-02 -1.422877e-01 -1.319947e-01 -6.802313e-03 -9.581317e-02 -1.496405e-01 -1.448618e-01 -1.937997e-01 -3.830002e-02 1.335545e-01 -1.031258e-01 6.769826e-02 -1.277585e-01 -1.642868e-01 7.824913e-02 -9.663056e-02 -1.414190e-01 -1.145645e-01 -3.037269e-02 -1.820793e-01 -1.467689e-01 -1.394551e-01 -1.230030e-01 5.459539e-02 9.958179e-02 -9.697402e-02 -1.117728e-01 5.360765e-02 -1.777225e-01 -1.400117e-01 9.995687e-02 -1.958074e-01 1.114937e-01 -1.488871e-01 -1.010670e-01 1.645682e-02 1.138206e-01 -1.564274e-01 -9.746569e-02 9.023140e-02 -1.622789e-01 1.193609e-01 2.127709e-03 -1.097971e-01 -1.497583e-01 -1.475762e-01 -9.413440e-02 -2.626446e-02 1.295235e-01 -1.375289e-01 -7.520604e-02 -1.099434e-01 -1.930938e-01 -1.019797e-01 -7.957852e-02 -1.209079e-01 -1.269875e-01 -1.049937e-01 -1.955800e-01 1.068458e-01 -6.364689e-02 -1.288352e-01 -1.355844e-01 -5.475130e-02 -1.115714e-01 1.395110e-01 1.492097e-01 -1.267200e-01 -1.282397e-02 5.682316e-02 -1.563832e-01 1.387401e-01 -8.070643e-02 -1.599134e-01 -1.262134e-01 3.827401e-02 -1.707871e-01 -1.448978e-01 -1.487689e-01 -1.320991e-01 1.643719e-02 -1.287470e-01 -1.557052e-01 7.666957e-02 1.343419e-01 -1.239114e-01 -6.635431e-02 -8.527823e-02 -1.227644e-01 -1.231150e-01 -1.078245e-01 -9.851789e-02 -1.040757e-01 -1.105521e-03 -1.986016e-01 1.498694e-01 -2.677312e-02 -1.634597e-01 -1.475407e-01 1.409135e-01 -1.505799e-01 -5.096026e-02 -1.427860e-01 -1.310191e-01 4.527887e-02 -4.556222e-02 -1.686610e-01 1.426578e-01 -1.353707e-01 -1.512873e-01 6.448093e-02 -1.119767e-01 -1.697037e-01 -9.953497e-02 8.931315e-02 -1.713264e-01 1.202131e-01 1.242871e-01 -1.401315e-01 8.362561e-02 -1.153807e-01 -1.679537e-01 9.560996e-02 -2.965381e-02 -9.286566e-02 -1.469642e-01 1.490555e-01 -1.015844e-01 -1.456301e-02 -6.316822e-02 -2.669559e-01 1.311650e-01 1.401231e-01 -9.218805e-02 -5.322102e-02 -1.480908e-01 -1.311896e-01 -2.264770e-02 -1.496052e-01 -1.690092e-01 1.039500e-02 -1.682187e-02 -1.908409e-01 -1.489298e-01 1.440033e-01 -1.867565e-01 4.112719e-02 1.457876e-01 -1.950558e-01 -3.445640e-02 -1.102868e-01 -4.016673e-01 -8.917014e-02 -1.497814e-01 -8.741330e-02 -2.325253e-03 1.494181e-01 -1.904874e-01 -1.175440e-02 1.449606e-01 -9.818292e-02 -3.793630e-02 -8.038307e-02 -1.151386e-01 -1.263478e-01 -1.436851e-01 -1.988026e-01 -4.253327e-02 -9.919083e-02 -8.097690e-02 1.119623e-01 -1.150529e-01 -9.965377e-02 9.603380e-02 1.494363e-01 -1.617838e-01 7.497977e-03 -1.486888e-01 -1.493792e-01 -1.891508e-02 -1.476543e-01 -1.312585e-01 -2.502706e-02 5.685483e-02 -1.551087e-01 1.386088e-01 5.379886e-02 -9.396832e-01 7.063057e-02 1.346105e-01 -1.684571e-01 -6.564289e-02 2.871235e-03 -1.486183e-01 -1.496817e-01 -1.292024e-01 -1.380507e-01 7.536331e-02 1.338923e-01 -1.941113e-01 6.710168e-02 1.356528e-01 -1.701388e-01 -6.339896e-02 -2.914147e-02 -1.204322e-01 -1.468983e-01 -1.380395e-01 -1.343142e-01 5.814705e-02 1.497534e-01 -1.425964e-01 3.035400e-03 -1.474195e-01 -1.851630e-01 -2.657636e-02 1.488758e-01 -1.059955e-01 -1.734567e-02 1.095501e-01 -1.544208e-01 -1.022173e-01 -1.328154e-01 -1.867880e-01 -6.918155e-02 -1.170225e-01 -1.830690e-01 -9.351040e-02 -1.212077e-01 -1.768068e-01 8.791009e-02 -1.085403e-01 -1.759496e-01 1.034249e-01 -7.011995e-02 -1.033333e-01 1.323356e-01 -1.478986e-01 -1.977764e-01 2.421675e-02 4.530365e-02 -1.681308e-01 1.429588e-01 1.243638e-03 -1.107497e+00 6.779899e-02 -1.125355e-01 -1.564792e-01 -9.882934e-02 1.398915e-01 -1.949690e-01 -5.397237e-02 -2.285942e-02 -1.207794e-01 -1.480688e-01 1.489064e-01 -1.216385e-01 1.612941e-02 5.148979e-02 -1.708338e-01 -1.406395e-01 1.498032e-01 -1.514157e-01 -5.217140e-03 -1.043221e-01 -7.289932e-01 -4.868131e-02 1.344412e-01 -2.012693e-01 -6.644664e-02 -3.962035e-04 -8.585872e-02 -1.497439e-01 7.321387e-02 -2.058578e-01 -1.307438e-01 3.037755e-02 -1.315564e-01 1.466464e-01 3.258368e-02 -1.918062e-01 1.463328e-01 -7.557914e-02 -9.353326e-01 -4.761929e-02 1.355988e-01 -1.167782e-01 -6.404463e-02 5.452050e-03 -1.335750e-01 1.497418e-01 1.438614e-01 -1.180342e-01 -4.192972e-02 1.341648e-01 -9.916849e-02 -6.658513e-02 1.171981e-01 -1.773636e-01 9.329381e-02 9.319530e-02 -1.597173e-01 1.174789e-01 -1.154099e-01 -1.732788e-01 -9.542505e-02 3.770322e-02 -1.504472e-01 1.449453e-01 -6.819143e-02 -9.316931e-02 1.335618e-01 1.493600e-01 -1.383530e-01 -1.239580e-02 -6.024638e-02 -8.798318e-02 -1.372795e-01 1.495623e-01 -1.371408e-01 7.168777e-03 1.417730e-01 -1.784038e-01 -4.854097e-02 9.161586e-02 -1.146387e-01 1.184529e-01 -1.013431e-01 -7.610159e-01 -4.557349e-02 -1.478847e-01 -1.197137e-01 -2.478238e-02 -2.024755e-02 -1.536006e-01 1.485216e-01 -7.678438e-03 -1.231871e-01 -1.495872e-01 1.349106e-01 -8.674307e-02 6.497082e-02 -1.192187e-01 -1.525430e-01 9.087428e-02 1.428442e-01 -1.136274e-01 -4.526494e-02 -1.203373e-01 -1.301022e-01 -8.908107e-02 -2.087119e-02 -2.017349e-01 1.484711e-01 -6.568047e-02 -8.692671e-02 1.346444e-01 -4.492334e-03 -1.884275e-01 1.497528e-01 -1.185546e-01 -1.587814e-01 9.165253e-02 -6.140560e-02 -1.179273e-01 -1.367997e-01 -1.407253e-01 -1.488516e-01 -5.138355e-02 -1.140208e-01 -1.675562e-01 9.708352e-02 -1.301381e-01 -1.281079e-01 7.413764e-02 -4.002685e-02 -2.045711e-01 1.444922e-01 -1.046444e-01 -1.005267e-01 -1.071740e-01 1.149825e-01 -1.429065e-01 -9.627328e-02 -1.456620e-01 -1.428732e-01 -3.479225e-02 1.372959e-01 -1.125918e-01 6.000447e-02 1.353553e-01 -1.958294e-01 -6.407186e-02 1.137896e-01 -1.921394e-01 -9.737927e-02 -1.055008e-01 -1.449307e-01 -1.063597e-01 -2.959106e-02 -1.686222e-01 1.469928e-01 -3.620363e-02 -1.665258e-01 -1.454742e-01 4.154466e-02 -1.141258e-01 1.438783e-01 -1.331182e-01 -1.475558e-01 -6.837212e-02 1.444646e-01 -9.205498e-02 -3.962084e-02 1.400029e-01 -1.763740e-01 5.364886e-02 3.594457e-02 -1.291598e-01 -1.454297e-01 9.944554e-02 -1.420663e-01 -1.120484e-01 -8.710983e-02 -1.405395e-01 -1.220883e-01 -7.561789e-02 -1.914088e-01 1.292902e-01 -6.494596e-02 -1.331923e-01 -1.350119e-01 1.934537e-02 -1.950951e-01 -1.484697e-01 -5.805902e-03 -9.857497e-02 1.495806e-01 1.375173e-01 -1.511644e-01 5.918235e-02 6.380247e-02 -1.816783e-01 1.355393e-01 9.419007e-02 -1.650933e-01 1.164836e-01 -7.563736e-02 -1.669526e-01 1.293906e-01 -7.839052e-02 -1.809245e-01 1.275967e-01 5.633775e-03 -1.066191e-01 -1.498595e-01 -5.206469e-02 -1.660325e-01 1.405142e-01 7.798228e-02 -1.039609e-01 -1.279365e-01 -4.897851e-02 -1.208708e-01 -1.416569e-01 -1.058791e-01 -1.444243e-01 1.055586e-01 1.238441e-01 -1.978591e-01 8.432274e-02 -1.456933e-01 -1.866866e-01 3.461391e-02 1.382417e-02 -1.441398e-01 1.492365e-01 -2.102565e-02 -2.031793e-01 -1.484799e-01 -1.416417e-01 -1.638411e-01 4.920887e-02 4.334744e-02 -1.118159e-01 1.433510e-01 -1.055789e-01 -1.886720e-01 -1.062310e-01 -1.423980e-01 -9.380332e-02 -4.637256e-02 -6.081190e-02 -1.182564e-01 1.369100e-01 3.383179e-02 -1.416614e-01 1.459837e-01 -1.407800e-01 -1.417122e-01 5.156491e-02 -5.959089e-02 -1.109954e+00 3.171134e-02 -8.632682e-02 -6.689149e-01 8.709808e-02 6.917726e-02 -1.085739e-01 1.328815e-01 -1.498233e-01 -1.885946e-01 -5.156410e-03 1.174662e-01 -1.877915e-01 -9.299389e-02 1.094187e-01 -1.444154e-01 1.021427e-01 2.881584e-02 -9.348439e-02 -1.470987e-01 1.347147e-01 -4.992285e-01 -2.676076e-02 1.286288e-01 -1.047752e-01 7.669415e-02 1.134452e-01 -1.004383e-01 -9.755927e-02 1.493050e-01 -1.536258e-01 1.170869e-02 1.491174e-01 -9.222309e-02 1.566746e-02 -1.496547e-01 -1.794672e-01 -8.240364e-03 -9.981934e-02 -7.145202e-01 -6.090063e-02 -1.472623e-01 -1.675758e-01 2.776050e-02 8.902049e-02 -1.849241e-01 -1.204533e-01 1.465263e-01 -1.087051e-01 3.097332e-02 1.129690e-01 -1.794591e-01 -9.832399e-02 7.038349e-02 -1.945539e-01 -1.322557e-01 -2.028672e-02 -1.834889e-01 -1.483608e-01 -4.024785e-02 -1.363959e-01 -1.443330e-01 1.527342e-02 -1.838914e-01 1.490766e-01 -2.390821e-02 -8.296533e-02 1.480068e-01 7.346433e-02 -1.265740e-01 -1.305072e-01 8.333447e-03 -1.908899e-01 -1.493865e-01 1.336019e-01 -1.333024e-01 -6.773918e-02 -3.329080e-02 -1.218259e-01 1.462120e-01 1.256084e-01 -1.978377e-01 -8.165402e-02 -1.301361e-01 -1.187280e-01 7.416603e-02 -8.324629e-02 -1.102692e-01 1.245539e-01 1.486187e-01 -1.476681e-01 -1.843766e-02 7.433423e-02 -1.262238e-01 -1.300647e-01 7.963756e-04 -2.140559e-01 -1.499083e-01 -1.179669e-01 -1.465567e-01 -9.227948e-02 -1.482587e-01 -1.492395e-01 -2.126758e-02 1.493752e-01 -1.952236e-01 1.095122e-02 4.129652e-03 -8.143231e-02 1.496107e-01 1.353112e-01 -1.053164e-01 -6.424008e-02 -1.321506e-01 -4.544693e-01 -5.103421e-02 9.242086e-02 -1.203201e-01 -1.178454e-01 -3.965795e-02 -1.042456e+00 -6.476195e-02 -9.862387e-03 -1.558375e-01 -1.493949e-01 -2.185067e-02 -2.012915e-01 -1.483334e-01 -1.397739e-01 -1.430413e-01 -5.391689e-02 4.427961e-03 -1.020122e-01 1.497191e-01 1.445259e-01 -1.495081e-01 -3.921992e-02 1.497410e-01 -1.420238e-01 -2.823865e-03 1.228051e-01 -1.634156e-01 -8.568133e-02 1.480385e-01 -1.135052e-01 2.285343e-02 -4.001617e-02 -1.741154e-01 1.442754e-01 1.495962e-01 -1.705654e-01 6.500111e-03 2.623752e-02 -1.683407e-01 1.474756e-01 -1.244345e-01 -1.664985e-01 -8.337929e-02 8.805806e-02 -1.581037e-01 -1.211171e-01 -1.007784e-01 -1.926593e-01 1.109042e-01 -1.263148e-01 -1.095317e-01 8.001425e-02 -2.391576e-03 -1.017122e-01 -1.497421e-01 -8.382840e-02 -1.286401e-01 1.240970e-01 -7.941904e-03 -1.939169e-01 -1.497514e-01 9.087102e-02 -1.203911e-01 1.192051e-01 -1.450432e-01 -1.434667e-01 -3.730552e-02 -9.128223e-02 -1.797280e-01 1.188311e-01 -1.139994e-01 -1.921478e-01 9.722830e-02 -1.399864e-01 -1.578681e-01 5.378756e-02 8.068216e-02 -1.816584e-01 1.262685e-01 7.801528e-02 -1.328163e-01 -1.278918e-01 -4.279855e-02 -1.328627e-01 1.435173e-01 -1.048956e-01 -1.808530e-01 1.070980e-01 5.731028e-02 -1.003753e-01 1.384314e-01 -1.328634e-01 -1.692454e-01 6.914411e-02 1.026604e-01 -1.635484e-01 -1.091198e-01 2.990244e-02 -1.690249e-01 -1.469227e-01 -1.257731e-01 -1.550902e-01 8.148739e-02 -1.202822e-01 -1.684137e-01 -8.952780e-02 -9.246076e-02 -1.484409e-01 -1.180168e-01 -1.493934e-01 -1.025874e-01 -1.079747e-02 -1.241489e-01 -1.482930e-01 8.396228e-02 -9.441730e-02 -1.115012e-01 1.162611e-01 1.401441e-01 -1.416197e-01 -5.279999e-02 -3.950273e-02 -1.793348e-01 1.445300e-01 -8.053809e-02 -1.203081e-01 1.262944e-01 -6.929523e-02 -1.422979e-01 -1.327094e-01 -1.049922e-01 -1.555921e-01 1.065264e-01 -5.688697e-02 -1.260708e-01 1.384134e-01 7.136226e-02 -8.456611e-01 7.081959e-02 -1.067903e-01 -9.704257e-02 1.050130e-01 -5.250834e-02 -1.315489e-01 1.403719e-01 -2.187696e-02 -1.870268e-01 1.481869e-01 -1.476917e-01 -1.333534e-01 -2.412814e-02 7.472043e-02 -1.231766e-01 1.299323e-01 1.144390e-01 -1.430428e-01 9.671502e-02 -1.480230e-01 -1.647631e-01 2.268740e-02 1.453327e-01 -1.560041e-01 3.660090e-02 -8.619744e-02 -1.991892e-01 -1.223192e-01 6.633779e-02 -1.894011e-01 1.343589e-01 -1.444445e-01 -1.685271e-01 -3.955349e-02 -7.751904e-02 -1.391587e-01 1.281638e-01 -1.201064e-01 -9.873720e-02 -8.943247e-02 -1.239059e-01 -1.606081e-01 8.414290e-02 -1.285174e-01 -1.833525e-01 7.717241e-02 -1.289857e-01 -9.995216e-02 -7.630818e-02 -3.331151e-02 -1.347550e-01 -1.460514e-01 -1.378654e-01 -1.925825e-01 5.838395e-02 -1.430205e-01 -1.314616e-01 4.475635e-02 -1.333860e-01 -1.766114e-01 6.850550e-02 -4.251987e-02 -1.024928e-01 1.435622e-01 -1.489342e-01 -1.487469e-01 -1.530337e-02 -7.148376e-03 -1.434690e-01 1.494933e-01 -1.413349e-01 -1.464491e-01 -4.990650e-02 -7.829012e-02 -1.265953e-01 1.277114e-01 1.492694e-01 -1.782305e-01 -9.761921e-03 1.218458e-01 -1.686250e-01 8.726902e-02 -3.155194e-02 -1.456102e-01 1.464244e-01 -1.498119e-01 -2.017377e-01 2.324026e-03 -1.493040e-01 -2.036495e-01 1.258949e-02 -7.184823e-02 -1.257859e-01 1.314842e-01 1.291815e-01 -1.141128e-01 7.570661e-02 -2.915985e-02 -1.076951e-01 -1.465263e-01 1.892692e-02 -1.647508e-01 1.486344e-01 1.223471e-01 -1.080637e-01 8.607563e-02 -5.833378e-03 -1.894872e-01 1.497745e-01 1.455034e-01 -1.091117e-01 3.572285e-02 1.413352e-01 -1.904459e-01 -4.977357e-02 5.311136e-02 -9.535558e-02 1.400488e-01 -1.495258e-01 -1.054078e-01 7.677604e-03 1.425880e-01 -1.164903e-01 -4.524344e-02 1.467972e-01 -1.230485e-01 2.964174e-02 -1.353492e-01 -1.822489e-01 -6.433263e-02 2.866984e-02 -1.535975e-01 -1.470004e-01 -8.585437e-02 -1.126306e-01 -1.227383e-01 -1.489000e-01 -1.725017e-01 1.626468e-02 -3.501183e-02 -1.761335e-01 -1.457914e-01 8.469865e-02 -1.090725e-01 -1.235915e-01 1.495815e-01 -1.198291e-01 8.733751e-03 8.069550e-02 -1.509166e-01 -1.263235e-01 -1.434861e-01 -9.763409e-02 -4.358754e-02 -1.189988e-01 -1.671878e-01 9.124285e-02 6.666574e-02 -1.059995e+00 3.153428e-02 1.455928e-01 -1.807736e-01 3.514226e-02 -4.375362e-02 -1.572124e-01 1.432028e-01 1.242479e-01 -1.932027e-01 8.374340e-02 -1.822331e-02 -9.404952e-02 1.487566e-01 1.014311e-01 -1.991887e-01 -1.102272e-01 2.508858e-02 -1.967489e-01 -1.477288e-01 -1.141036e-01 -1.491081e-01 -9.725559e-02 -9.412579e-03 -9.133255e-02 1.494895e-01 -1.118034e-01 -2.043805e-01 9.970912e-02 6.464165e-02 -1.131297e-01 -1.350940e-01 -1.462843e-01 -1.027256e-01 3.220930e-02 6.533074e-03 -1.116862e-01 -1.496959e-01 -9.502728e-02 -1.734166e-01 -1.159520e-01 8.895934e-02 -9.745616e-02 -1.207046e-01 2.890193e-02 -1.270901e-01 -1.470184e-01 2.904302e-02 -9.949186e-02 -1.469821e-01 -9.466014e-02 -1.534838e-01 -1.161845e-01 2.196375e-02 -1.135654e-01 -1.483425e-01 -1.464816e-01 -1.075768e-01 3.102106e-02 6.878376e-03 -3.142694e-01 1.449137e-01 -1.260200e-01 -1.273577e-01 -8.068815e-02 -9.823342e-02 -1.445568e-01 -1.132629e-01 1.488916e-01 -1.714503e-01 1.680605e-02 -5.174630e-02 -2.034594e-01 1.406690e-01 -1.319516e-01 -9.671824e-02 7.082098e-02 -5.091658e-02 -1.758294e-01 1.408504e-01 1.295713e-01 -1.782596e-01 7.493669e-02 7.338659e-02 -1.958456e-01 1.305508e-01 -9.775046e-02 -1.720723e-01 -1.135913e-01 -6.512474e-02 -1.178537e-01 -1.349861e-01 3.971646e-02 -1.718121e-01 -1.444612e-01 4.004639e-02 -1.278540e-01 -1.444589e-01 9.810273e-03 -1.693369e-01 1.495036e-01 -5.826909e-02 -1.892741e-01 1.381389e-01 3.424409e-02 -1.146909e-01 1.458035e-01 -1.423070e-01 -9.099678e-02 -4.643397e-02 1.628497e-02 -1.210947e-01 -1.490892e-01 -1.036015e-01 -1.742425e-01 1.082044e-01 5.016261e-02 -1.398484e-01 -1.411479e-01 -1.348650e-01 -9.262700e-02 6.493536e-02 1.307217e-01 -1.866764e-01 7.329125e-02 1.133306e-01 -9.935073e-02 9.785365e-02 -1.485605e-01 -1.920331e-01 -2.022513e-02 9.360957e-02 -1.721058e-01 -1.170371e-01 -1.339563e-01 -2.079444e-01 -6.728810e-02 -9.459120e-02 -1.419492e-01 1.161915e-01 1.316852e-01 -2.091934e-01 -7.173767e-02 1.191240e-01 -1.168232e-01 -9.081139e-02 9.766071e-02 -1.245764e-01 1.136200e-01 4.348822e-02 -1.978569e-01 -1.434388e-01 2.040847e-02 -1.305293e-01 1.485617e-01 1.149276e-01 -1.094786e-01 9.634680e-02 3.986752e-02 -1.776614e-01 -1.442419e-01 1.159460e-01 -1.872626e-01 9.478867e-02 -7.588571e-02 -1.268341e-01 -1.291462e-01 -5.045389e-02 -1.126894e-01 1.410220e-01 -1.396764e-03 -1.321264e-01 1.497028e-01 -1.470594e-01 -1.238357e-01 2.910863e-02 -1.090780e-01 -1.807906e-01 -1.028799e-01 -1.483977e-01 -1.105388e-01 2.011095e-02 1.477287e-01 -2.064365e-01 2.457573e-02 -7.203832e-02 -1.098063e-01 1.312934e-01 -3.787110e-02 -1.180550e-01 -1.448551e-01 -7.440723e-02 -1.180209e-01 -1.301174e-01 -6.091806e-02 -9.978960e-02 1.368135e-01 -4.384123e-02 -1.094167e-01 1.432701e-01 -3.763164e-02 -1.312160e-01 1.449651e-01 -1.333983e-01 -1.482267e-01 6.821977e-02 -1.769212e-02 -1.772427e-01 1.487633e-01 -1.013984e-01 -1.232357e-01 -1.104430e-01 1.452533e-01 -1.934739e-01 3.612626e-02 2.248790e-03 -1.569232e-01 1.498246e-01 1.488527e-01 -1.039257e-01 -1.597871e-02 7.174028e-02 -1.539824e-01 -1.314641e-01 1.434313e-01 -1.155420e-01 4.309302e-02 -1.484218e-01 -1.776565e-01 -1.912911e-02 -7.455869e-02 -1.702414e-01 1.299896e-01 -1.235962e-01 -1.376132e-01 8.476137e-02 -2.185664e-03 -1.180115e-01 -1.497946e-01 1.479902e-01 -8.651448e-02 -2.293278e-02 -9.092654e-02 -1.275821e-01 -1.190158e-01 -9.077955e-02 -8.695611e-02 1.190664e-01 -7.785389e-02 -1.184223e-01 -1.280655e-01 1.493735e-01 -1.474555e-01 1.214360e-02 1.001254e-01 -1.844523e-01 1.113866e-01 -8.397168e-02 -1.905204e-01 -1.239866e-01 8.186502e-03 -1.482780e-01 1.496969e-01 -1.210160e-01 -1.156101e-01 8.836280e-02 -7.238920e-03 -4.213439e-01 -1.389990e-01 1.069122e-01 -1.172958e-01 1.051029e-01 -6.289114e-02 -1.279482e-01 1.357671e-01 1.394294e-01 -1.953045e-01 -5.479437e-02 -1.142086e-01 -1.236865e-01 9.696725e-02 -2.302758e-02 -1.445889e-01 1.480689e-01 9.641803e-02 -5.435322e-01 9.392491e-02 1.476476e-01 -1.621266e-01 2.464101e-02 -3.414196e-02 -1.122366e-01 1.458505e-01 -6.371934e-02 -1.966493e-01 -1.355199e-01 8.863340e-02 -2.146381e-01 1.208700e-01 8.065418e-02 -1.772997e-01 -1.261872e-01 4.091568e-02 -1.585527e-01 -1.440055e-01 1.110150e-01 -1.218058e-01 1.007466e-01 -3.093112e-02 -1.674408e-01 -1.466452e-01 -1.496774e-01 -1.045474e-01 5.961102e-03 -6.677280e-02 -9.057591e-02 1.342685e-01 1.171998e-01 -9.237615e-02 -9.340182e-02 -1.322175e-01 -1.890781e-01 -7.046676e-02 -6.731762e-02 -1.767648e-01 -1.337773e-01 5.038653e-02 -8.208676e-01 -9.056448e-02 -8.579832e-02 -1.674017e-01 1.229196e-01 9.030023e-02 -1.105750e-01 1.194435e-01 -1.495971e-01 -1.446218e-01 -8.919637e-03 -5.298061e-02 -2.008881e-01 -1.401312e-01 -1.106393e-01 -1.816387e-01 -1.009369e-01 -1.053620e-01 -1.529207e-01 1.066246e-01 -2.912667e-03 -9.319831e-02 -1.497390e-01 2.945481e-02 -9.106870e-02 1.468694e-01 1.064258e-01 -1.466628e-01 -1.053714e-01 -4.787060e-02 -1.524187e-01 -1.419352e-01 1.490129e-01 -1.256750e-01 1.627402e-02 -1.429268e-01 -1.177217e-01 -4.481446e-02 1.464201e-01 -1.907093e-01 3.208351e-02 8.470744e-03 -1.910041e-01 1.495748e-01 -1.116155e-01 -1.251726e-01 -9.997560e-02 -1.452699e-01 -1.597110e-01 3.635448e-02 1.421153e-01 -1.103407e-01 -4.724716e-02 -1.763414e-02 -1.941363e-01 -1.487513e-01 -2.449652e-03 -1.328602e-01 -1.498403e-01 -1.249829e-01 -1.011871e-01 8.269624e-02 5.008825e-02 -1.840362e-01 -1.412496e-01 1.139770e-01 -1.334617e-01 9.720504e-02 1.184101e-01 -2.038749e-01 -9.172878e-02 -1.322436e-01 -1.502990e-01 7.055549e-02 -2.449696e-02 -1.300491e-01 1.476990e-01 -2.586334e-02 -1.807940e-01 -1.474941e-01 6.813446e-02 -9.692846e-02 -1.334698e-01 1.473983e-01 -1.391331e-01 2.746175e-02 1.037592e-01 -1.387290e-01 1.080855e-01 -1.496752e-01 -1.384684e-01 -5.462223e-03 -1.485385e-01 -2.025613e-01 -1.898271e-02 1.000885e-01 -1.636028e-01 -1.117069e-01 1.107616e-01 -1.555310e-01 -1.008734e-01 1.254683e-01 -1.869697e-01 -8.167734e-02 1.307932e-01 -1.538245e-01 7.328377e-02 1.476055e-01 -1.502930e-01 -2.597762e-02 1.033593e-01 -9.630192e-02 -1.083720e-01 1.367077e-01 -2.016414e-01 -6.155742e-02 1.317237e-01 -1.358350e-01 -7.133600e-02 -1.452953e-01 -1.362972e-01 -3.582200e-02 -7.248766e-02 -2.108341e-01 1.311448e-01 -1.097721e-01 -1.918763e-01 -1.016919e-01 -5.820029e-03 -1.717698e-01 -1.498494e-01 -6.937431e-02 -2.054258e-01 1.328231e-01 1.439020e-01 -1.712600e-01 -4.140007e-02 1.335958e-01 -1.460297e-01 -6.783925e-02 -5.941389e-02 -1.680127e-01 -1.375982e-01 1.390932e-01 -2.717632e-01 4.814084e-02 -2.101832e-02 -1.073519e-01 1.483699e-01 -1.375562e-01 -1.130548e-01 5.948463e-02 -1.068216e-01 -1.753371e-01 1.049150e-01 -1.488452e-01 -1.123905e-01 -1.593881e-02 -1.495560e-01 -1.510345e-01 -1.080154e-02 -8.935320e-02 -1.456026e-01 1.202171e-01 2.764626e-03 -1.725371e-01 1.496354e-01 1.380270e-01 -1.192626e-01 -5.769636e-02 1.458204e-01 -1.661932e-01 3.412129e-02 1.311397e-02 -1.255785e-01 -1.494018e-01 1.476705e-02 -2.110181e-01 1.490919e-01 -2.869611e-02 -1.814989e-01 -1.470689e-01 -1.496469e-01 -1.666116e-01 -7.547168e-03 -1.498102e-01 -1.505399e-01 -6.707629e-03 7.404026e-02 -1.978024e-01 -1.301791e-01 -3.168141e-02 -1.005486e-01 1.465452e-01 -3.319751e-02 -1.106961e-01 1.460279e-01 -1.464409e-01 -1.916510e-01 3.085741e-02 1.029730e-01 -1.987366e-01 1.089801e-01 -1.482302e-01 -1.736781e-01 2.195881e-02 1.488342e-01 -1.314979e-01 -1.695718e-02 -6.746188e-02 -1.382841e-01 1.337946e-01 1.381923e-01 -1.061153e-01 -5.771251e-02 -3.950967e-02 -1.529795e-01 1.446472e-01 -8.503815e-02 -2.077339e-01 -1.232854e-01 1.441541e-01 -9.424855e-02 -4.095391e-02 -1.366807e-01 -1.412643e-01 -6.125738e-02 2.269198e-02 -1.019901e-01 -1.481519e-01 2.309197e-03 -1.183150e-01 -1.497501e-01 -1.423056e-01 -2.102736e-01 -4.672942e-02 -4.255632e-02 -1.614960e-01 -1.436091e-01 -1.298215e-01 -1.866093e-01 7.506033e-02 7.114226e-02 -9.199877e-01 -5.714022e-02 -2.869679e-02 -1.798936e-01 1.468738e-01 1.283578e-01 -1.970090e-01 -7.747255e-02 -5.536814e-02 -1.988763e-01 -1.393860e-01 -1.176763e-01 -1.285286e-01 9.272891e-02 -1.474873e-01 -8.492103e-02 -2.702056e-02 1.046439e-01 -1.090095e-01 1.072003e-01 2.710324e-02 -1.693833e-01 -1.472867e-01 8.824737e-02 -1.009116e-01 -1.209709e-01 -1.498107e-01 -1.814645e-01 -3.196012e-03 -2.164536e-02 -1.241497e-01 -1.481998e-01 1.317009e-01 -8.412211e-02 -7.109590e-02 1.036121e-01 -1.017294e-01 -1.082561e-01 -1.088885e-01 -1.540142e-01 -1.028427e-01 -1.353890e-01 -9.363799e-02 -6.392027e-02 1.073691e-01 -1.212342e-01 1.043681e-01 6.439522e-02 -1.054636e-01 1.352725e-01 8.187494e-02 -1.784613e-01 -1.254575e-01 -1.119974e-01 -5.107116e-01 -8.379428e-02 -2.505413e-02 -1.074971e-01 1.477683e-01 -1.006819e-01 -1.524382e-01 -1.109376e-01 1.498015e-01 -1.606508e-01 -7.187842e-04 -1.494626e-01 -1.169534e-01 -9.300869e-03 1.021839e-01 -1.613666e-01 -1.095038e-01 -5.694114e-02 -1.610513e-01 1.385144e-01 1.341002e-01 -1.825447e-01 -6.703456e-02 6.105753e-02 -9.584500e-02 1.368002e-01 1.232927e-01 -1.513304e-01 -8.499121e-02 1.100143e-01 -1.371150e-01 -1.015979e-01 -1.417797e-01 -8.885057e-02 -4.846950e-02 -1.361887e-01 -4.538744e-01 -3.614649e-02 -1.491133e-01 -1.418225e-01 -1.410598e-02 -2.506360e-02 -8.928794e-01 -9.125737e-02 -3.130864e-02 -1.905034e-01 -1.459662e-01 4.910356e-02 -1.952182e-01 -1.416066e-01 9.739748e-02 -1.470705e-01 1.139776e-01 -1.153693e-01 -1.806452e-01 9.550063e-02 4.148396e-03 -1.653885e-01 1.498817e-01 -8.970102e-02 -9.353915e-02 1.200704e-01 -7.532462e-02 -1.752687e-01 -1.296633e-01 -1.289798e-01 -1.807024e-01 -7.617176e-02 -1.919782e-02 -2.010856e-01 -1.485065e-01 1.487594e-01 -1.080495e-01 1.842667e-02 1.233272e-01 -1.936784e-01 8.507458e-02 5.369345e-02 -8.837386e-02 1.398103e-01 -5.291924e-02 -9.878228e-02 1.402031e-01 -2.244104e-02 -8.950909e-01 -9.165283e-02 -2.998340e-02 -1.070195e-01 1.468244e-01 -2.656112e-02 -2.048213e-01 1.475644e-01 -2.798962e-02 -1.762083e-01 -1.471310e-01 -4.930039e-02 -9.947991e-02 -1.416070e-01 8.935834e-02 -1.964610e-01 1.202139e-01 -1.491205e-01 -1.926983e-01 1.002533e-02 6.604666e-02 -1.365754e-01 1.344759e-01 -7.239978e-02 -2.054650e-01 -1.312222e-01 1.322686e-01 -1.997705e-01 7.019150e-02 -3.176567e-03 -1.771280e-01 -1.498723e-01 1.593397e-02 -2.036697e-01 -1.491025e-01 1.436182e-01 -1.816431e-01 4.283595e-02 -1.032239e-01 -1.787953e-01 1.086090e-01 1.478077e-01 -1.912094e-01 -2.448223e-02 3.088881e-03 -1.108664e-01 -1.498075e-01 1.491875e-01 -1.599229e-01 -1.324970e-02 -1.445784e-01 -1.162147e-01 3.929841e-02 3.858230e-02 -9.957941e-02 -1.447366e-01 5.020358e-02 -1.152490e-01 1.412872e-01 -9.772162e-02 -1.445159e-01 1.135501e-01 -1.330232e-01 -1.132247e-01 -6.882854e-02 4.589706e-02 -9.011650e-02 -1.426526e-01 1.407892e-01 -1.939814e-01 5.115750e-02 3.239487e-03 -1.458374e-01 -1.498809e-01 1.287191e-01 -1.480425e-01 -7.697132e-02 -1.495972e-01 -1.475993e-01 -9.120848e-03 1.190627e-01 -1.007518e-01 -9.100317e-02 -1.490204e-01 -1.994734e-01 -1.488255e-02 3.661282e-02 -1.780795e-01 -1.452201e-01 2.087954e-02 -1.973104e-01 1.483015e-01 -3.390607e-03 -1.185643e-01 -1.498594e-01 -1.476527e-01 -1.768223e-01 2.610376e-02 1.287342e-01 -1.650551e-01 -7.647221e-02 1.161642e-01 -1.379663e-01 9.447241e-02 8.092584e-02 -1.130058e-01 -1.260968e-01 1.492440e-01 -1.197524e-01 1.345476e-02 1.494126e-01 -1.569845e-01 -1.237411e-02 1.040142e-01 -1.471288e-01 1.079761e-01 -1.497090e-01 -1.945726e-01 -3.467910e-03 1.496468e-01 -1.019436e-01 -5.786533e-03 1.026886e-01 -1.625317e-01 1.090364e-01 7.454666e-02 -1.349259e-01 1.301348e-01 -1.486461e-01 -1.097230e-01 1.869928e-02 1.225721e-01 -1.016664e-01 8.630558e-02 -1.233096e-01 -1.414697e-01 -8.499683e-02 -1.454055e-01 -1.680611e-01 -3.657193e-02 -1.306389e-01 -1.948299e-01 7.273872e-02 1.989606e-02 -1.509826e-01 -1.484111e-01 -4.048652e-02 -1.142991e-01 1.442549e-01 -1.013387e-01 -1.271845e-01 -1.104138e-01 -2.350248e-02 -1.048852e+00 7.137068e-02 -1.356228e-01 -1.053504e-01 6.358029e-02 4.757671e-02 -1.838847e-01 1.419978e-01 6.951758e-02 -1.572614e-01 -1.327152e-01 -1.475998e-01 -1.629053e-01 -2.629804e-02 -1.542801e-02 -1.189056e-01 -1.490173e-01 6.272788e-02 -1.716938e-01 1.359871e-01 -1.487966e-01 -9.688607e-02 -1.829430e-02 1.106647e-01 -1.066020e-01 -1.008595e-01 1.463257e-01 -1.941835e-01 3.150807e-02 -1.237552e-01 -1.065221e-01 -8.432851e-02 -1.247852e-01 -1.778425e-01 8.286238e-02 -9.534516e-02 -1.678351e-01 1.156641e-01 1.085443e-01 -1.344309e-01 -1.031947e-01 8.104802e-02 -1.213428e-01 -1.252654e-01 1.246124e-01 -1.753145e-01 8.316748e-02 1.437265e-01 -1.891484e-01 4.203486e-02 1.321723e-01 -9.160326e-02 7.038736e-02 -1.474146e-01 -1.157918e-01 -2.725113e-02 1.497369e-01 -1.399418e-01 -8.362636e-03 1.144783e-01 -1.324804e-01 9.655850e-02 -3.531611e-02 -1.324745e-01 -1.455216e-01 2.558107e-02 -1.760221e-01 -1.475912e-01 -6.446414e-02 -1.858511e-01 1.351635e-01 -1.386180e-01 -1.405767e-01 5.710454e-02 1.413127e-01 -1.409479e-01 -5.004169e-02 4.858866e-02 -9.371633e-02 1.415592e-01 -8.434413e-02 -1.587180e-01 1.237444e-01 1.405454e-01 -1.174673e-01 5.164763e-02 5.669655e-02 -1.335942e-01 1.386159e-01 -1.213179e-01 -1.134719e-01 8.780702e-02 7.315151e-02 -2.012689e-01 1.307819e-01 -7.636900e-02 -1.958828e-01 -1.290298e-01 1.734657e-02 -1.782038e-01 1.488139e-01 1.239009e-01 -1.390903e-01 -8.445980e-02 -8.220830e-03 -1.723566e-01 1.495313e-01 1.380587e-01 -1.598791e-01 -5.854849e-02 1.016780e-01 -9.627645e-02 1.100511e-01 -4.779571e-03 -1.546309e-01 1.496813e-01 1.497603e-01 -1.794280e-01 4.106423e-03 1.328407e-01 -1.304629e-01 -6.942439e-02 -1.410255e-01 -1.244437e-01 -5.083966e-02 -1.299257e-01 -1.958008e-01 -7.480376e-02 1.230776e-01 -1.611824e-01 8.549416e-02 1.445866e-01 -1.846123e-01 -3.910730e-02 -7.527790e-02 -1.810708e-01 1.295854e-01 -9.141501e-02 -1.645171e-01 -1.186798e-01 -1.039180e-01 -9.258551e-02 1.078254e-01 -6.835216e-02 -1.732971e-01 -1.332644e-01 1.248584e-01 -1.545430e-01 -8.294662e-02 -9.586108e-02 -8.860704e-02 1.151142e-01 -1.495080e-01 -9.799295e-02 -8.960982e-03 1.369822e-01 -1.904325e-01 -6.054487e-02 -7.137547e-02 -1.084389e-01 -1.315236e-01 5.087356e-02 -1.953598e-01 -1.408624e-01 1.497374e-01 -1.035160e-01 -1.023038e-03 -7.813156e-02 -1.796723e-01 1.278165e-01 -1.865220e-02 -1.276021e-01 -1.485510e-01 7.975253e-02 -1.196614e-01 -1.269822e-01 1.486664e-01 -1.209973e-01 -1.821920e-02 -1.479530e-01 -1.504156e-01 -2.318921e-02 -1.131868e-01 -1.115491e-01 9.819271e-02 1.483297e-01 -1.167197e-01 2.108358e-02 -6.908790e-02 -1.372542e-01 -1.329073e-01 -1.442987e-01 -1.184955e-01 4.007621e-02 -1.329090e-01 -1.506038e-01 6.903923e-02 -1.332740e-01 -1.971953e-01 -6.865124e-02 4.395292e-02 -1.468848e-01 1.431307e-01 1.487120e-01 -1.353859e-01 -1.904087e-02 5.984906e-02 -1.500989e-01 1.373427e-01 6.185079e-02 -1.722805e-01 -1.364628e-01 -8.054867e-02 -1.344599e-01 -1.263318e-01 -1.000632e-01 -1.987713e-01 -1.116033e-01 -6.309009e-02 -1.662137e-01 -1.358885e-01 4.855153e-02 -1.088089e+00 -5.075339e-02 -1.409495e-01 -1.597705e-01 -5.065601e-02 -2.809042e-02 -1.536936e-01 1.471003e-01 1.195734e-01 -9.013406e-02 -9.050393e-02 -1.001060e-01 -8.426261e-02 1.115367e-01 1.227954e-01 -1.221846e-01 -8.572732e-02 2.644349e-02 -8.906503e-02 -1.474045e-01 -7.756914e-02 -1.629109e-01 1.281441e-01 -1.208769e-01 -1.499885e-01 8.851729e-02 -1.484071e-01 -9.856290e-02 1.912897e-02 1.325873e-01 -2.571391e-01 -6.526694e-02 1.879163e-02 -1.612852e-01 -1.485914e-01 7.969526e-02 -1.431787e-01 -1.268137e-01 8.948506e-02 -1.235450e-01 -1.200763e-01 1.445758e-01 -1.563953e-01 -3.954733e-02 1.469654e-01 -9.125210e-02 2.905560e-02 -7.460596e-02 -1.662841e-01 1.299158e-01 8.362839e-02 -5.911944e-01 1.025758e-01 -5.077985e-02 -1.464715e-01 -1.408287e-01 1.383256e-01 -1.060532e-01 -5.732945e-02 -1.841588e-02 -1.262582e-01 1.486669e-01 1.481131e-01 -1.994317e-01 2.302466e-02 8.282202e-02 -1.713338e-01 -1.249353e-01 -5.198126e-02 -1.502139e-01 1.406569e-01 1.402625e-01 -1.198324e-01 -5.302981e-02 -1.385467e-01 -1.525921e-01 -5.687891e-02 -6.300444e-02 -1.684837e-01 -1.360526e-01 -1.458073e-01 -1.402395e-01 -3.423649e-02 1.049136e-01 -3.152204e-01 1.007026e-01 3.485241e-02 -1.117737e-01 -1.456317e-01 -1.447764e-01 -1.527603e-01 3.865804e-02 9.202389e-02 -8.935609e-02 -1.182484e-01 -2.828990e-02 -1.767958e-01 -1.471921e-01 1.198790e-01 -8.456985e-02 -9.001631e-02 -8.858034e-02 -1.536553e-01 -1.206833e-01 1.349113e-01 -1.627311e-01 6.545070e-02 -1.478343e-01 -1.166379e-01 -2.454934e-02 -1.469723e-01 -1.191587e-01 2.891669e-02 1.249042e-01 -1.788351e-01 -8.284604e-02 1.111877e-01 -1.314683e-01 1.004396e-01 1.022100e-01 -8.430713e-02 1.094203e-01 -1.280572e-01 -8.679835e-02 -7.768795e-02 -5.587669e-02 -1.567843e-01 1.391056e-01 1.438605e-01 -2.063351e-01 -4.168600e-02 -9.564551e-02 -1.962281e-01 -1.152627e-01 3.455159e-02 -9.657231e-02 1.457136e-01 1.028074e-01 -1.549004e-01 -1.089633e-01 -1.228735e-01 -1.408863e-01 -8.558918e-02 -1.498337e-01 -1.604014e-01 5.750706e-03 1.400798e-01 -1.486176e-01 -5.313246e-02 -1.475005e-01 -1.643281e-01 2.571409e-02 -5.880908e-03 -2.003981e-01 -1.498433e-01 -1.430789e-01 -1.513233e-01 4.442915e-02 -4.042474e-02 -2.045544e-01 1.442206e-01 1.493524e-01 -1.844685e-01 -1.187396e-02 -1.364749e-01 -1.808952e-01 -6.188706e-02 1.323702e-01 -2.049064e-01 -7.025921e-02 -9.831610e-02 -1.133802e-01 1.131465e-01 -1.495150e-01 -8.128583e-02 -7.781431e-03 1.174964e-01 -1.602102e-01 9.319107e-02 1.210514e-01 -1.344898e-01 8.822580e-02 8.551657e-02 -1.728375e-01 1.229494e-01 -3.480598e-02 -1.178262e-01 1.455508e-01 -1.413457e-01 -1.939492e-01 4.912527e-02 9.195480e-02 -1.945808e-01 1.182112e-01 9.819029e-02 -8.441243e-02 1.131496e-01 -4.365040e-02 -1.994617e-01 -1.432369e-01 3.723801e-05 -1.037565e-01 -1.498760e-01 -1.407977e-01 -1.088660e-01 -5.124763e-02 -8.392627e-02 -2.060262e-01 1.242084e-01 -7.986087e-02 -1.932924e-01 1.266617e-01 -2.037768e-03 -1.461512e-01 1.497951e-01 -6.947055e-02 -7.055684e-01 9.544402e-02 6.782685e-02 -1.642131e-01 -1.335762e-01 -1.237393e-01 -1.209655e-01 8.419847e-02 -6.129449e-03 -1.451574e-01 1.496317e-01 -1.169816e-01 -1.448391e-01 9.376450e-02 8.724658e-02 -8.921216e-02 1.214599e-01 9.605531e-02 -9.367584e-02 1.150973e-01 1.481590e-01 -1.521553e-01 2.137176e-02 9.967193e-02 -1.517262e-01 -1.117557e-01 -1.192270e-01 -1.160937e-01 9.063431e-02 1.079202e-02 -1.099280e-01 1.493750e-01 5.770914e-02 -1.523138e-01 -1.383324e-01 1.446146e-01 -2.030004e-01 -3.891221e-02 -1.315559e-01 -1.979300e-01 -7.172076e-02 -1.437346e-01 -1.973350e-01 -4.193293e-02 5.905584e-02 -1.556599e-01 1.377571e-01 -1.496561e-01 -1.027402e-01 6.413060e-03 1.468376e-01 -1.093740e-01 -3.028449e-02 1.486413e-01 -1.381658e-01 1.966682e-02 -1.479212e-01 -1.850321e-01 2.334460e-02 -1.497956e-01 -1.934865e-01 4.247053e-04 1.496993e-01 -8.423965e-02 3.666186e-03 1.425986e-01 -1.248187e-01 4.635135e-02 1.147234e-01 -1.433942e-01 9.629165e-02 5.521212e-02 -1.140933e-01 -1.394005e-01 5.471760e-02 -1.859954e-01 -1.394937e-01 4.329676e-02 -1.094292e+00 -5.431609e-02 -1.063339e-01 -1.098191e-01 -1.054742e-01 -9.947500e-02 -1.921896e-01 1.119805e-01 3.174667e-02 -1.334346e-01 1.463542e-01 8.085629e-02 -8.340955e-02 1.260543e-01 -1.349871e-01 -1.395093e-01 -6.489799e-02 -2.214841e-02 -9.585771e-02 -1.482035e-01 4.586281e-02 -1.710376e-01 1.425780e-01 3.907513e-02 -1.052841e-01 -1.445841e-01 1.007756e-01 -1.357279e-01 1.108099e-01 4.629789e-02 -1.915680e-01 -1.425494e-01 -9.831178e-02 -1.364907e-01 -1.131710e-01 -3.163864e-02 -1.211312e-01 -1.465380e-01 9.351380e-03 -2.037533e-01 -1.495354e-01 -1.495291e-01 -1.285140e-01 -8.221804e-03 9.381270e-02 -1.681320e-01 1.167791e-01 8.317273e-02 -8.243878e-01 6.109070e-02 5.894303e-02 -1.353543e-01 1.376750e-01 -1.030745e-01 -1.766261e-01 1.087047e-01 -1.421201e-01 -1.107410e-01 4.726442e-02 -1.483086e-01 -1.232138e-01 2.197570e-02 2.046362e-03 -1.621248e-01 -1.497640e-01 -1.282963e-01 -1.978073e-01 7.733625e-02 8.848127e-03 -1.557173e-01 -1.495131e-01 3.918683e-02 -1.521596e-01 1.445959e-01 1.420659e-01 -9.725941e-02 -4.756326e-02 -1.472052e-01 -1.633365e-01 -2.766599e-02 -1.431240e-01 -1.920237e-01 -4.468805e-02 -1.433648e-01 -1.947444e-01 4.334053e-02 -5.262167e-03 -1.619373e-01 1.497703e-01 -1.390724e-01 -1.605031e-01 5.596480e-02 1.242902e-01 -9.515247e-02 -8.350758e-02 3.195668e-02 -1.057958e-01 -1.463176e-01 7.942921e-02 -1.932034e-01 -1.270511e-01 7.842554e-02 -1.985960e-01 1.276516e-01 1.359676e-01 -1.564597e-01 -6.285704e-02 -8.971217e-02 -2.040039e-01 -1.201705e-01 -1.075376e-01 -1.977449e-01 1.042560e-01 1.490927e-01 -1.167520e-01 1.600782e-02 -8.131709e-02 -1.728051e-01 -1.256676e-01 -2.442568e-02 -1.191541e-01 1.479782e-01 9.354202e-02 -1.721637e-01 -1.169643e-01 -3.866095e-02 -1.673411e-01 -1.448268e-01 6.983937e-02 -1.251043e-01 -1.327008e-01 1.428450e-01 -1.129139e-01 -4.499085e-02 1.494119e-01 -1.159496e-01 1.219309e-02 -8.475856e-02 -1.718006e-01 1.235000e-01 7.540183e-02 -9.742333e-02 -1.295429e-01 -6.646021e-02 -1.942157e-01 -1.343551e-01 -1.437138e-01 -1.425010e-01 4.231351e-02 1.497875e-01 -1.773317e-01 -6.348424e-04 -1.456334e-01 -1.456066e-01 3.499503e-02 -2.604418e-02 -1.440516e-01 1.476279e-01 -7.808983e-02 -1.913808e-01 1.278624e-01 -1.419531e-01 -1.301832e-01 -4.792936e-02 1.496757e-01 -1.938284e-01 6.859550e-04 -2.892089e-02 -8.767389e-02 1.470122e-01 1.210096e-01 -1.608385e-01 8.822397e-02 -1.486163e-01 -1.443869e-01 -1.891125e-02 1.184776e-01 -1.251360e-01 9.170574e-02 -1.001148e-01 -1.797492e-01 1.116777e-01 1.159222e-01 -1.625971e-01 9.496457e-02 -1.497021e-01 -1.262366e-01 4.962964e-03 -5.204595e-02 -9.849582e-02 1.406175e-01 -2.459433e-02 -1.929847e-01 1.479010e-01 4.592624e-02 -1.895454e-01 -1.424760e-01 6.576881e-02 -1.246331e-01 -1.345677e-01 1.266511e-01 -1.646330e-01 7.997058e-02 -9.109248e-02 -1.305992e-01 1.190623e-01 1.317003e-01 -1.046685e-01 7.119284e-02 6.628919e-02 -1.029334e-01 1.344674e-01 1.089299e-01 -1.483416e-01 1.027716e-01 7.303005e-02 -1.477948e-01 1.306513e-01 1.206255e-01 -1.544587e-01 8.864459e-02 -1.360717e-01 -1.722908e-01 -6.299433e-02 -6.913833e-02 -1.263283e-01 1.330009e-01 1.402283e-01 -1.053876e-01 -5.298613e-02 -1.262151e-01 -1.604063e-01 -8.075664e-02 5.816616e-02 -1.148776e-01 -1.380576e-01 -1.459735e-01 -9.137066e-02 3.342164e-02 5.087136e-02 -1.259423e-01 -1.409861e-01 -1.447404e-01 -1.476439e-01 3.841639e-02 6.375261e-02 -1.989101e-01 1.357137e-01 2.482230e-02 -1.826022e-01 1.476865e-01 1.415409e-01 -1.600972e-01 -4.904023e-02 1.716171e-02 -1.416407e-01 1.487796e-01 7.875085e-02 -1.467495e-01 1.270874e-01 4.828558e-02 -1.647605e-01 1.417610e-01 1.081646e-01 -9.722824e-02 1.034489e-01 5.983363e-02 -1.109910e+00 -3.123916e-02 -1.806918e-03 -1.687645e-01 -1.497690e-01 -1.380441e-01 -2.097686e-01 5.833977e-02 9.196359e-02 -2.574426e-01 -1.159350e-01 5.367532e-03 -1.024935e-01 -1.496717e-01 1.893784e-02 -1.114059e-01 -1.485382e-01 -4.637985e-02 -1.295447e-01 -1.425592e-01 -3.627493e-02 -1.047046e-01 1.453241e-01 -1.015731e-02 -1.600806e-01 1.495774e-01 1.318755e-01 -1.508300e-01 -7.135411e-02 3.816725e-02 -1.487104e-01 -1.448216e-01 -1.459220e-01 -2.111845e-01 3.369144e-02 -1.386345e-01 -1.814190e-01 5.670223e-02 1.473370e-01 -9.865649e-02 -2.622190e-02 -1.356578e-01 -1.684449e-01 6.389165e-02 1.465361e-01 -1.424078e-01 -3.170760e-02 1.462437e-01 -2.716421e-01 -3.512610e-03 4.263426e-02 -1.949775e-01 1.437217e-01 6.394850e-02 -1.363202e-01 1.353914e-01 -7.024106e-02 -1.762189e-01 -1.322682e-01 -1.138809e-01 -9.229129e-02 9.732478e-02 1.052217e-01 -1.562972e-01 1.067300e-01 1.499332e-01 -2.035179e-01 -1.186360e-03 1.404667e-01 -1.832200e-01 -5.185002e-02 9.575023e-02 -1.373674e-01 -1.151232e-01 -1.421666e-01 -1.039701e-01 -4.706200e-02 -5.606478e-02 -1.101697e-01 -1.388243e-01 6.170299e-02 -1.567616e-01 -1.364851e-01 -1.336461e-01 -1.478078e-01 6.762037e-02 -1.368535e-01 -1.447148e-01 -6.114178e-02 -5.713237e-02 -1.653523e-01 -1.385681e-01 -1.154400e-01 -1.708171e-01 9.551205e-02 -9.124826e-02 -1.520538e-01 1.189669e-01 1.226960e-01 -1.473278e-01 8.588322e-02 -7.713767e-02 -1.436730e-01 -1.283525e-01 -1.030784e-01 -1.463238e-01 1.086415e-01 -7.164313e-03 -1.986907e-01 1.495559e-01 1.431602e-01 -1.787677e-01 -4.390706e-02 1.391700e-01 -1.122352e-01 -5.533469e-02 2.218838e-02 -9.762429e-02 1.481060e-01 -4.263698e-02 -2.120992e-01 -1.436900e-01 -1.478602e-01 -1.788635e-01 -2.389243e-02 -7.829583e-02 -1.960957e-01 1.276580e-01 -1.485125e-01 -1.439675e-01 1.929810e-02 8.547478e-02 -1.115450e-01 1.230110e-01 3.190962e-03 -1.821011e-01 -1.497602e-01 1.416444e-01 -1.714840e-01 4.862055e-02 -9.692562e-02 -9.272105e-02 1.140619e-01 -6.962078e-02 -1.161545e-01 1.327238e-01 1.200259e-01 -6.684551e-01 2.542173e-02 1.368070e-01 -1.959026e-01 6.091300e-02 -1.102243e-01 -1.317964e-01 1.013809e-01 -1.486319e-01 -1.475568e-01 -1.774825e-02 6.858869e-02 -1.922641e-01 -1.331061e-01 -1.462482e-01 -1.327377e-01 3.222841e-02 -1.203964e-01 -1.184196e-01 -8.849014e-02 -1.029050e-01 -2.123317e-01 1.089256e-01 4.627350e-02 -8.826518e-02 -1.424340e-01 2.825310e-02 -1.955760e-01 1.471760e-01 1.460884e-01 -1.613311e-01 -3.310848e-02 -1.290876e-01 -1.850976e-01 -7.620661e-02 -9.178325e-02 -8.545824e-02 -1.185605e-01 6.916456e-02 -1.884412e-01 1.327384e-01 1.028565e-01 -1.078354e-01 1.089268e-01 -9.223233e-03 -1.875394e-01 1.495554e-01 -7.125662e-02 -1.076125e+00 8.243253e-03 -1.369478e-01 -8.471370e-02 -6.069727e-02 1.083289e-02 -1.305713e-01 1.494242e-01 -2.878844e-02 -1.346053e-01 1.471803e-01 -2.137300e-02 -1.987612e-01 1.483350e-01 -1.472007e-01 -1.099897e-01 2.816910e-02 -3.707275e-02 -1.236522e-01 1.452451e-01 -3.207907e-03 -1.312385e-01 -1.499237e-01 -1.225336e-01 -1.522882e-01 -8.611103e-02 1.134520e-01 -1.892986e-01 9.777621e-02 1.526738e-02 -1.455480e-01 -1.489603e-01 -3.786322e-02 -2.012711e-01 -1.451085e-01 1.126897e-01 -9.624865e-02 -9.873746e-02 7.125475e-02 -1.801676e-01 1.317165e-01 -1.173692e-01 -1.605281e-01 -9.308823e-02 -5.073648e-02 -1.388355e-01 1.409705e-01 -5.360909e-03 -1.396842e-01 -1.498250e-01 -1.425428e-01 -1.777014e-01 -4.642261e-02 -8.307914e-02 -1.515056e-01 1.246521e-01 1.429486e-02 -1.069498e-01 -1.490637e-01 -2.315357e-02 -8.550740e-02 1.478550e-01 1.094566e-01 -1.404980e-01 1.022376e-01 1.469505e-01 -1.067298e-01 -2.777514e-02 7.316415e-02 -1.100322e-01 -1.306180e-01 -7.883234e-02 -1.955699e-01 1.274578e-01 4.705492e-02 -1.747307e-01 1.422646e-01 -1.485549e-01 -1.169146e-01 -1.963227e-02 4.904932e-02 -8.362493e-02 -1.415030e-01 -4.043090e-03 -1.097384e+00 -6.895617e-02 -7.198941e-03 -1.847837e-01 1.497810e-01 1.194147e-01 -9.901481e-02 -9.041177e-02 -5.439001e-02 -1.534763e-01 -1.395178e-01 -1.321695e-01 -1.963232e-01 7.049055e-02 2.081243e-02 -9.429097e-02 -1.483656e-01 2.910768e-02 -1.112552e-01 -1.470862e-01 4.905062e-02 -1.429155e-01 1.415789e-01 1.308941e-01 -1.520658e-01 -7.288574e-02 1.245260e-01 -1.795496e-01 8.347931e-02 1.447864e-01 -1.907668e-01 -3.747166e-02 1.034936e-01 -9.785890e-02 1.084784e-01 -1.253790e-01 -2.087817e-01 -8.194730e-02 -1.090082e-01 -1.393624e-01 -1.028001e-01 -7.393769e-02 -1.420978e-01 -1.304009e-01 1.497359e-01 -1.743651e-01 8.375514e-04 7.376331e-02 -1.137448e-01 1.303295e-01 -1.008829e-01 -1.236603e-01 1.109418e-01 -6.053025e-02 -1.658424e-01 1.369872e-01 1.458251e-01 -9.657042e-02 -3.415884e-02 1.444234e-01 -1.521805e-01 -4.007123e-02 1.461172e-01 -1.904759e-01 -3.285387e-02 2.783407e-02 -1.216368e-01 -1.471796e-01 5.938529e-02 -1.238561e-01 1.376147e-01 -5.998434e-02 -1.649977e-01 -1.372415e-01 -1.330270e-01 -1.215567e-01 6.899285e-02 1.426879e-01 -1.205398e-01 4.614204e-02 -1.190509e-01 -1.481900e-01 -9.083489e-02 1.241538e-01 -9.815381e-02 -8.399156e-02 7.323571e-02 -3.770999e-01 1.228208e-01 7.090734e-03 -1.842964e-01 -1.496660e-01 1.496427e-01 -1.782629e-01 5.852666e-03 1.278019e-01 -1.423366e-01 -7.802936e-02 3.773043e-02 -1.524718e-01 -1.451532e-01 -1.305773e-01 -1.638820e-01 7.368802e-02 1.407767e-01 -1.496330e-01 5.140156e-02 -1.435816e-01 -1.391536e-01 -4.315669e-02 -1.581710e-03 -1.786432e-01 1.497431e-01 -1.059597e-01 -2.009075e-01 -1.058089e-01 1.115286e-01 -7.084208e-01 3.758977e-02 -1.128265e-01 -1.196095e-01 9.843162e-02 -8.199166e-02 -1.267237e-01 1.254322e-01 -3.883604e-03 -1.293415e-01 1.496804e-01 -3.126616e-02 -1.636841e-01 1.464788e-01 -2.724186e-02 -1.195957e-01 -1.473956e-01 1.120244e-01 -1.008899e-01 9.954473e-02 -8.150597e-02 -9.518832e-02 1.256293e-01 1.797648e-02 -2.051744e-01 -1.486879e-01 -4.609932e-02 -1.416027e-01 1.427069e-01 1.277972e-01 -1.563839e-01 -7.812384e-02 1.482581e-01 -1.259276e-01 2.122501e-02 -9.794480e-02 -1.031701e-01 -1.134065e-01 1.407200e-01 -1.650211e-01 5.157601e-02 -1.259426e-01 -1.526499e-01 -8.104388e-02 1.266494e-01 -1.777219e-01 8.027370e-02 1.372530e-01 -1.703839e-01 6.043507e-02 -4.976290e-02 -2.041228e-01 1.414320e-01 4.404784e-02 -1.517326e-01 -1.431374e-01 -9.678931e-02 -1.149287e-01 -1.142025e-01 -1.004154e-01 -2.022844e-01 1.111462e-01 2.227603e-02 -1.931131e-01 -1.480779e-01 -1.165087e-01 -1.193223e-01 9.445947e-02 -2.735449e-02 -1.810034e-01 -1.473127e-01 1.386521e-01 -1.235224e-01 -5.673077e-02 1.199691e-01 -9.872041e-02 -8.968028e-02 -1.295500e-01 -1.504457e-01 7.521699e-02 1.017497e-01 -1.400394e-01 -1.098854e-01 1.231606e-01 -1.371948e-01 8.523277e-02 1.416297e-01 -1.531015e-01 -4.884248e-02 -1.142911e-01 -1.397118e-01 9.699927e-02 -1.420293e-01 -1.880896e-01 4.797310e-02 -4.114829e-02 -1.636644e-01 -1.440179e-01 2.922018e-02 -1.203021e-01 1.467153e-01 -3.371381e-02 -1.449916e-01 1.461049e-01 -1.475044e-01 -9.345244e-02 -2.675384e-02 -3.496457e-02 -3.945118e-01 1.373931e-01 3.606992e-02 -1.998068e-01 -1.455498e-01 -1.053138e-01 -1.049152e-01 -1.064790e-01 -9.670629e-02 -9.141851e-02 -1.145905e-01 1.072391e-01 -1.812684e-01 1.047523e-01 7.085329e-02 -1.884762e-01 1.319434e-01 2.855402e-02 -4.156476e-01 1.392230e-01 -1.062085e-01 -7.379185e-01 -4.143848e-02 5.248002e-02 -1.289848e-01 1.400287e-01 1.294572e-01 -1.138250e-01 7.517552e-02 -1.552628e-02 -1.711766e-01 -1.491148e-01 5.055498e-02 -1.674546e-01 1.411703e-01 1.043829e-01 -1.565960e-01 -1.073102e-01 -7.345829e-02 -1.395963e-01 -1.306910e-01 1.497083e-01 -1.474805e-01 6.522437e-03 6.447838e-02 -1.301353e-01 -1.351738e-01 -1.472960e-01 -1.238351e-01 -2.717469e-02 -1.440089e-01 -1.843998e-01 -4.127747e-02 1.213789e-01 -1.615629e-01 -8.797891e-02 -4.330091e-02 -1.677545e-01 -1.433975e-01 -1.182863e-01 -1.583693e-01 -9.186094e-02 1.343304e-01 -1.943627e-01 6.620571e-02 -9.541187e-02 -1.724562e-01 -1.156527e-01 5.625517e-02 -1.544722e-01 1.387631e-01 1.273308e-01 -9.701335e-02 -7.918558e-02 1.097370e-01 -9.447777e-02 -1.019967e-01 -1.319811e-01 -1.827349e-01 7.082094e-02 -1.384925e-01 -1.024237e-01 -5.722076e-02 -7.509957e-02 -1.846344e-01 1.297201e-01 -7.273968e-02 -9.435941e-02 -1.311030e-01 1.470150e-01 -1.032762e-01 2.931009e-02 -1.620075e-02 -1.983733e-01 -1.488986e-01 -1.062439e-01 -1.795399e-01 1.056328e-01 -1.460035e-01 -1.247628e-01 -3.328019e-02 1.194143e-01 -1.577430e-01 9.044262e-02 -1.405592e-01 -1.564774e-01 5.203231e-02 -6.452606e-02 -9.864134e-02 1.353176e-01 -1.214931e-01 -1.847721e-01 -8.773487e-02 8.577204e-02 -1.760565e-01 -1.229660e-01 4.414805e-02 -9.803630e-02 1.431036e-01 -1.099966e-01 -1.587882e-01 -1.017661e-01 -7.732050e-02 -1.988144e-01 -1.282822e-01 -1.378062e-01 -1.499999e-01 5.859689e-02 1.019994e-01 -6.569199e-01 -7.074235e-02 1.493538e-01 -1.054334e-01 -1.281237e-02 5.226948e-03 -9.254279e-02 -1.497227e-01 -7.837014e-02 -1.866221e-01 1.275731e-01 -7.526421e-02 -1.818680e-01 -1.295061e-01 -1.491831e-01 -1.647102e-01 1.405966e-02 1.337002e-01 -1.851715e-01 6.746293e-02 -6.181180e-02 -2.021215e-01 1.364360e-01 4.442362e-02 -1.580131e-01 -1.431258e-01 -2.687041e-02 -8.403549e-01 -9.756926e-02 8.748604e-02 -1.984636e-01 -1.216940e-01 -1.213394e-01 -1.700347e-01 -8.812991e-02 3.432711e-02 -9.583022e-02 1.458441e-01 1.442558e-01 -1.993950e-01 -4.033184e-02 -1.128310e-01 -2.055089e-01 9.851424e-02 4.591576e-02 -1.723918e-01 -1.426090e-01 1.492601e-01 -1.763904e-01 -1.228883e-02 -1.486723e-01 -1.060302e-01 1.905102e-02 3.915415e-02 -1.198536e-01 1.446854e-01 7.420054e-02 -2.921297e-01 1.224984e-01 -1.878075e-02 -8.472466e-02 1.485350e-01 1.353585e-01 -1.503036e-01 -6.426060e-02 -1.447377e-01 -1.379153e-01 -3.847449e-02 -4.499339e-02 -9.617023e-02 -1.428552e-01 -1.443181e-01 -1.662921e-01 4.075981e-02 -1.039572e-01 -1.546119e-01 1.073107e-01 8.586854e-02 -1.828139e-01 -1.226855e-01 3.092626e-02 -1.280524e-01 -1.466527e-01 2.697019e-02 -2.045721e-01 -1.474210e-01 3.082436e-02 -1.268984e-01 -1.464804e-01 -1.460047e-01 -1.776365e-01 3.425510e-02 -2.093515e-02 -1.692739e-01 1.483032e-01 -5.824555e-02 -1.108330e-01 1.381877e-01 1.029397e-02 -1.616744e-01 1.495593e-01 -1.491331e-01 -1.242507e-01 -1.340797e-02 -1.428115e-01 -1.460840e-01 -4.491384e-02 -1.166442e-01 -1.154770e-01 9.342755e-02 -1.603534e-02 -1.178632e-01 1.489750e-01 5.698554e-02 -1.101360e-01 -1.385284e-01 5.826580e-02 -9.725854e-02 1.379557e-01 -4.342240e-02 -1.089574e-01 1.432196e-01 -1.233071e-01 -1.487346e-01 8.501965e-02 1.344262e-01 -1.140350e-01 -6.619749e-02 -1.360795e-01 -1.896217e-01 -6.255317e-02 -1.177383e-01 -2.068594e-01 -9.256274e-02 -5.180462e-03 -1.222423e-01 -1.497043e-01 8.573259e-02 -1.278112e-01 -1.228212e-01 -1.213208e-01 -1.911876e-01 8.799083e-02 -1.336845e-01 -1.405864e-01 -6.751626e-02 3.866393e-02 -1.332112e-01 -1.447380e-01 5.894760e-02 -5.257044e-01 -1.212445e-01 -1.271675e-02 -1.870821e-01 -1.494191e-01 -1.468520e-02 -1.388109e-01 1.491653e-01 -1.275664e-01 -1.669319e-01 7.835627e-02 1.326401e-01 -8.961628e-02 -6.983491e-02 1.134655e-01 -9.824259e-02 9.777123e-02 -9.453518e-02 -1.909070e-01 -1.162182e-01 7.727928e-02 -8.745150e-02 1.284805e-01 -7.461707e-02 -1.942892e-01 1.298503e-01 9.734856e-02 -1.644924e-01 1.138917e-01 1.435511e-01 -1.681115e-01 -4.266534e-02 -1.478316e-01 -1.522867e-01 2.430110e-02 -1.480085e-02 -1.000067e-01 -1.491098e-01 9.287888e-03 -1.546872e-01 1.496140e-01 1.488130e-01 -1.561227e-01 1.668472e-02 1.483392e-01 -1.260406e-01 1.988708e-02 -2.260330e-03 -1.890648e-01 1.497360e-01 2.822429e-02 -1.225627e-01 -1.472835e-01 1.496241e-01 -1.452155e-01 -7.913764e-03 -1.553987e-02 -9.800943e-02 1.489856e-01 -6.375662e-02 -1.478567e-01 -1.354947e-01 -8.684810e-02 -1.722642e-01 1.220196e-01 -1.413184e-01 -2.077744e-01 4.989868e-02 4.078165e-02 -1.255384e-01 -1.442031e-01 -1.466100e-01 -1.176462e-01 3.154664e-02 -1.315517e-01 -1.616918e-01 -7.183389e-02 1.155171e-01 -1.906304e-01 -9.529959e-02 -1.469912e-01 -1.166085e-01 -2.924659e-02 -4.454024e-02 -1.555929e-01 1.430815e-01 6.897148e-03 -9.753164e-02 1.496647e-01 1.475065e-01 -2.107901e-01 -2.603469e-02 1.203842e-01 -1.151260e-01 8.938213e-02 -9.862258e-02 -1.607260e-01 1.127244e-01 8.828146e-02 -1.801108e-01 -1.209907e-01 1.113223e-01 -1.137414e-01 1.003511e-01 -4.948040e-02 -1.092503e+00 -4.906785e-02 -7.414897e-02 -1.229135e-01 -1.302023e-01 5.918930e-02 -8.373328e-02 -1.375960e-01 -1.419283e-01 -8.612983e-02 -4.795340e-02 3.798334e-02 -1.530401e-01 1.450377e-01 -1.203063e-01 -1.717484e-01 -8.918381e-02 -1.181156e-01 -1.179934e-01 -9.206847e-02 1.499359e-01 -1.150517e-01 -4.041855e-05 -2.945961e-02 -1.933460e-01 1.469241e-01 -1.043532e-01 -1.431513e-01 1.074369e-01 7.867149e-02 -1.083414e-01 1.275720e-01 -1.914147e-02 -1.836168e-01 -1.485159e-01 -1.095158e-03 -1.664743e-01 1.497634e-01 -1.835856e-02 -1.941183e-01 -1.486733e-01 1.494488e-01 -1.327560e-01 1.192113e-02 1.492759e-01 -8.384859e-02 -1.089913e-02 4.415983e-02 -9.149943e-02 -1.432047e-01 -1.078360e-01 -9.679180e-02 1.041619e-01 -1.407413e-01 -1.344327e-01 -5.175811e-02 1.257529e-01 -1.567901e-01 8.142418e-02 1.481652e-01 -9.153969e-02 -2.129702e-02 -1.486577e-01 -1.921836e-01 -1.861640e-02 9.994505e-02 -1.218126e-01 -1.115321e-01 1.127198e-01 -1.065871e-01 9.876853e-02 1.496657e-01 -1.328647e-01 1.606163e-03 1.220418e-01 -2.056885e-01 -8.704967e-02 -1.468934e-01 -1.779604e-01 -2.983656e-02 -9.455268e-03 -1.167819e-01 -1.492990e-01 -1.212999e-01 -1.112467e-01 8.784720e-02 -1.162172e-01 -7.095685e-01 1.764994e-02 -1.401851e-01 -1.601839e-01 5.318256e-02 -9.182598e-02 -1.166966e-01 -1.183368e-01 -1.344582e-01 -4.537958e-01 -3.015326e-02 -1.957553e-02 -1.658809e-01 -1.485634e-01 -1.427012e-01 -9.836471e-02 -4.592866e-02 7.167314e-02 -1.774569e-01 -1.316248e-01 -7.963802e-02 -6.844524e-01 9.068456e-02 1.475367e-01 -1.180300e-01 2.526009e-02 5.726605e-03 -1.517656e-01 1.497788e-01 -1.389634e-01 -1.859073e-01 5.633243e-02 -4.354957e-02 -1.171338e-01 1.432817e-01 1.094494e-01 -1.056221e-01 1.024300e-01 6.505211e-02 -1.452553e-01 -1.349178e-01 8.663505e-02 -1.011983e-01 1.223635e-01 1.156038e-01 -1.679960e-01 9.520824e-02 1.421128e-01 -1.506743e-01 -4.735084e-02 3.302263e-02 -1.299109e-01 1.461976e-01 1.486752e-01 -1.802317e-01 1.804144e-02 -6.139683e-02 -1.680208e-01 -1.366931e-01 -2.282044e-02 -1.112155e-01 1.480635e-01 -6.495738e-02 -1.056492e-01 1.349535e-01 -9.203973e-02 -1.231424e-01 -1.181391e-01 -1.467026e-01 -8.529014e-02 -3.005224e-02 4.236343e-02 -1.173714e-01 1.436947e-01 -5.936963e-02 -1.804691e-01 -1.374713e-01 -5.675524e-02 -1.247207e-01 1.387941e-01 -1.394898e-01 -1.925582e-01 -5.459179e-02 3.182129e-02 -1.228184e-01 1.463365e-01 -5.942252e-03 -1.109984e+00 -6.723743e-02 -1.239169e-01 -9.391461e-02 8.434661e-02 6.452248e-02 -8.821133e-02 1.351205e-01 1.445917e-01 -1.339596e-01 3.900610e-02 9.808121e-02 -1.980694e-01 1.131661e-01 1.261461e-02 -2.175032e-01 1.492434e-01 7.215101e-02 -8.484834e-02 1.313949e-01 -1.470523e-01 -1.757246e-01 2.831280e-02 1.096941e-01 -1.338725e-01 -1.018127e-01 4.745227e-02 -1.970317e-01 1.420473e-01 6.012580e-02 -1.531311e-01 -1.371595e-01 -3.946332e-02 -9.603785e-02 -1.445100e-01 -1.047315e-01 -7.651993e-01 -3.553585e-02 -3.130415e-02 -1.036287e-01 -1.465562e-01 -9.411260e-02 -1.890067e-01 -1.167389e-01 -7.147262e-02 -1.358393e-01 1.316776e-01 1.491775e-01 -1.286958e-01 1.348046e-02 -1.473025e-01 -1.871178e-01 2.708751e-02 -2.527514e-02 -2.014196e-01 1.476567e-01 -2.551441e-02 -1.405382e-01 -1.475490e-01 1.206562e-01 -1.632674e-01 -8.890047e-02 -9.551951e-02 -9.811589e-02 -1.155381e-01 5.669644e-02 -1.794600e-01 -1.386508e-01 8.875289e-02 -9.217682e-02 -1.208090e-01 1.068458e-01 -1.565194e-01 1.050859e-01 1.445822e-01 -1.199239e-01 3.912289e-02 8.895823e-04 -1.834477e-01 1.498727e-01 1.293619e-01 -1.381172e-01 7.556325e-02 1.160088e-01 -1.824394e-01 -9.475977e-02 1.114379e-01 -1.177154e-01 -1.002005e-01 -6.364722e-02 -1.662401e-01 -1.356841e-01 1.235273e-01 -1.890412e-01 -8.473607e-02 -1.447828e-01 -1.377718e-01 -3.823439e-02 -8.628435e-02 -1.250257e-01 1.224263e-01 -6.345311e-02 -1.690282e-01 1.356592e-01 4.399224e-03 -1.569567e-01 1.499048e-01 -3.394077e-02 -1.137804e-01 1.458168e-01 5.142152e-02 -1.563127e-01 1.406557e-01 7.843012e-02 -1.014541e-01 1.278088e-01 1.207638e-01 -1.521524e-01 -8.878481e-02 -1.448379e-01 -1.400106e-01 3.819400e-02 9.922009e-02 -9.650013e-02 -1.124264e-01 -1.600655e-02 -1.722826e-01 1.490954e-01 -1.466587e-01 -1.291320e-01 -3.116315e-02 1.237814e-01 -1.013509e-01 8.431977e-02 -1.418217e-01 -1.598196e-01 4.808100e-02 -6.915560e-02 -1.044347e-01 1.329943e-01 8.043992e-02 -1.068988e-01 1.264586e-01 -1.041844e-01 -1.297409e-01 -1.075813e-01 1.364943e-01 -9.340208e-02 6.208879e-02 8.236333e-02 -1.701820e-01 -1.251472e-01 1.274478e-01 -1.595813e-01 7.896219e-02 1.403098e-01 -1.725272e-01 -5.280116e-02 -2.996409e-02 -1.069043e-01 -1.469372e-01 1.431521e-01 -1.193227e-01 -4.398539e-02 -1.354850e-01 -1.026085e-01 6.389932e-02 1.047317e-01 -1.609072e-01 1.071327e-01 -7.660835e-02 -1.290691e-01 1.289011e-01 7.167436e-02 -1.957085e-01 -1.315903e-01 -1.360696e-01 -1.542218e-01 6.275933e-02 1.232554e-01 -1.172109e-01 8.526407e-02 -1.486709e-01 -1.739515e-01 -1.806213e-02 -1.496769e-01 -1.780080e-01 -8.211657e-03 1.311782e-01 -1.537144e-01 7.227173e-02 1.347312e-01 -1.527641e-01 6.534345e-02 1.277371e-01 -8.466482e-02 7.811199e-02 -1.180570e-01 -1.408453e-01 -9.221894e-02 1.594920e-02 -1.299195e-01 1.489176e-01 -1.496689e-01 -1.801845e-01 -5.993017e-03 -1.389017e-01 -1.654810e-01 -5.639197e-02 -1.433297e-01 -1.474760e-01 -4.407990e-02 -1.321792e-01 -1.431543e-01 -7.052212e-02 -6.546242e-02 -2.000030e-01 1.348111e-01 1.440092e-02 -1.665752e-01 -1.489970e-01 5.991279e-02 -1.081806e-01 -1.374780e-01 3.570713e-02 -1.434429e-01 -1.456073e-01 9.414226e-02 -1.762863e-01 -1.164344e-01 -1.349798e-01 -9.577941e-02 6.503880e-02 -5.298038e-02 -1.740075e-01 -1.401615e-01 -1.372412e-01 -1.480809e-01 -6.017030e-02 -1.483123e-01 -1.020563e-01 -2.074444e-02 4.151380e-03 -1.172954e-01 -1.498678e-01 -9.705549e-02 -1.910220e-01 1.140760e-01 1.479274e-01 -1.207028e-01 2.327073e-02 -1.230050e-01 -1.441713e-01 -8.561480e-02 2.091854e-02 -2.027815e-01 -1.482751e-01 -1.462195e-01 -1.527633e-01 -3.329628e-02 1.449140e-01 -1.768955e-01 3.805676e-02 -1.394250e-01 -1.110921e-01 5.484514e-02 1.495614e-01 -1.030947e-01 -8.506047e-03 1.024973e-01 -1.515446e-01 1.091878e-01 2.502297e-02 -1.367578e-01 -1.476839e-01 1.478691e-01 -1.673528e-01 2.466437e-02 1.344956e-01 -1.081027e-01 6.630754e-02 1.205774e-01 -1.060307e-01 8.884117e-02 9.078640e-02 -8.667669e-02 -1.190799e-01 -1.427756e-01 -1.473116e-01 -4.518997e-02 1.474952e-01 -1.003361e-01 -2.597159e-02 -1.091518e-01 -1.095110e-01 -1.027045e-01 -1.196135e-01 -2.014183e-01 -9.021346e-02 1.459612e-01 -1.038145e-01 3.420616e-02 1.497729e-01 -1.659470e-01 4.906004e-04 -1.065096e-01 -1.732202e-01 1.054153e-01 -6.715958e-03 -1.611063e-01 1.498016e-01 3.308588e-02 -1.425246e-01 -1.461380e-01 4.358059e-02 -1.834732e-01 1.435091e-01 -6.867387e-02 -1.693832e-01 1.330793e-01 -5.182706e-02 -1.109923e+00 -4.325695e-02 -1.045380e-01 -1.276340e-01 -1.072315e-01 -7.472552e-02 -1.521468e-01 -1.300370e-01 -1.122555e-01 -1.587054e-01 -9.914101e-02 7.396498e-02 -1.410125e-01 -1.302232e-01 -2.659547e-02 -1.357615e-01 1.474878e-01 -5.005698e-02 -2.039337e-01 1.413347e-01 -1.388146e-01 -1.735861e-01 5.643017e-02 -6.563539e-02 -1.080977e-01 1.346331e-01 1.248446e-01 -6.027405e-01 3.936295e-02 1.043737e-01 -1.745260e-01 1.075541e-01 7.206020e-03 -1.374023e-01 -1.495855e-01 8.656997e-02 -1.439731e-01 -1.222045e-01 8.490205e-02 -1.670088e-01 -1.233713e-01 1.411225e-01 -2.173110e-01 -5.048339e-02 -1.396251e-01 -1.598191e-01 5.464385e-02 7.040969e-02 -1.145746e-01 -1.321087e-01 -7.788145e-02 -1.140510e-01 1.279450e-01 -3.468347e-02 -1.998139e-01 1.457102e-01 -1.487148e-01 -2.043619e-01 1.900134e-02 -5.103989e-02 -1.793589e-01 1.407958e-01 -4.869983e-02 -1.273183e-01 -1.417106e-01 4.512835e-02 -1.930450e-01 -1.428657e-01 -8.193177e-02 -1.053898e-01 -1.253215e-01 -1.007450e-01 -1.575548e-01 1.109306e-01 -1.090628e-01 -1.294805e-01 1.024552e-01 -3.046713e-02 -1.697598e-01 1.466188e-01 1.480638e-01 -8.243933e-02 2.385442e-02 5.895969e-03 -1.524027e-01 -1.497980e-01 -7.842031e-02 -1.823393e-01 -1.275867e-01 -1.292909e-01 -1.226458e-01 7.548104e-02 -1.125076e-01 -1.341989e-01 -9.888967e-02 -7.606090e-02 -1.733005e-01 1.290640e-01 -5.481067e-02 -1.478557e-01 -1.393788e-01 -1.440137e-01 -1.708831e-01 4.127304e-02 -1.497305e-01 -1.264115e-01 5.374450e-03 6.390204e-02 -2.012809e-01 1.355487e-01 -1.248312e-01 -1.435304e-01 8.278741e-02 1.475947e-01 -1.765028e-01 2.569047e-02 -5.048758e-02 -1.140960e-01 -1.409775e-01 -1.406822e-01 -1.236211e-01 -5.145018e-02 -1.008194e-01 -8.915763e-02 -1.107533e-01 5.433827e-02 -2.048978e-01 -1.397619e-01 -1.404069e-01 -1.312415e-01 -5.211553e-02 -3.976948e-02 -1.995817e-01 -1.444122e-01 3.688698e-02 -1.503999e-01 1.451951e-01 1.464922e-01 -1.569857e-01 -3.132766e-02 -3.330332e-02 -1.495030e-01 -1.461795e-01 1.436203e-01 -1.825995e-01 -4.292727e-02 1.497685e-01 -2.009730e-01 -1.163163e-03 -1.463051e-01 -1.775657e-01 -3.226790e-02 1.313942e-01 -1.398820e-01 -7.202920e-02 -1.483580e-01 -1.213032e-01 -2.001048e-02 -1.313969e-01 -1.013810e-01 -7.221594e-02 -4.023305e-02 -1.817624e-01 1.441548e-01 -1.454971e-01 -1.459799e-01 -3.593618e-02 8.734642e-02 -1.449505e-01 1.216484e-01 -5.802589e-03 -1.383348e-01 1.496605e-01 -5.201412e-02 -1.125585e-01 -1.404371e-01 1.497279e-01 -1.572555e-01 -4.212950e-03 -1.278605e-01 -1.544680e-01 7.818194e-02 1.324304e-01 -1.158414e-01 -6.993683e-02 -9.905703e-02 -1.324925e-01 1.123656e-01 -1.225437e-01 -9.761062e-02 -8.610207e-02 7.094058e-02 -1.006419e-01 1.318892e-01 -7.670540e-02 -1.113958e-01 1.287294e-01 1.490677e-01 -1.590828e-01 1.495255e-02 4.820230e-02 -1.862674e-01 1.419627e-01 -4.489842e-02 -1.771650e-01 -1.428858e-01 -1.084128e-01 -1.429553e-01 -1.033758e-01 9.414981e-02 -1.307376e-01 1.165237e-01 -6.490625e-02 -1.776277e-01 1.349615e-01 1.153684e-01 -1.602011e-01 9.580428e-02 1.476944e-01 -1.120215e-01 -2.511012e-02 -1.493051e-01 -1.134236e-01 -1.187430e-02 -1.445662e-01 -1.682934e-01 -3.962667e-02 1.229834e-01 -1.447210e-01 8.544709e-02 -1.189813e-01 -1.001067e-01 -9.095236e-02 -1.360712e-01 -1.164528e-01 6.291375e-02 1.440447e-01 -2.005683e-01 4.095341e-02 -1.461643e-01 -9.941009e-02 3.262165e-02 -1.476115e-01 -1.120899e-01 2.522940e-02 7.298002e-02 -8.172674e-02 1.307366e-01 1.203454e-01 -8.899110e-02 8.919602e-02 -9.730619e-02 -9.920567e-02 -1.139030e-01 1.489064e-01 -1.443895e-01 -1.754855e-02 5.763704e-02 -1.095358e+00 3.852655e-02 -1.442852e-01 -1.170898e-01 4.075698e-02 -1.478876e-01 -1.027820e-01 -2.381316e-02 -7.925475e-02 -1.401791e-01 1.272518e-01 -1.472823e-01 -1.608492e-01 -2.717660e-02 7.550322e-02 -1.336821e-01 -1.293629e-01 7.651638e-03 -1.631424e-01 1.496764e-01 -3.228223e-02 -1.335713e-01 1.463182e-01 1.373112e-01 -1.022651e-01 -5.979374e-02 -1.032172e-01 -2.003398e-01 1.084988e-01 -8.657434e-02 -1.752286e-01 1.220568e-01 -1.368389e-01 -1.811021e-01 -6.085736e-02 -1.259172e-01 -1.554205e-01 -8.116992e-02 -1.497305e-01 -1.399881e-01 -6.491102e-03 1.479087e-01 -1.420048e-01 2.293950e-02 -1.121912e-01 -1.298228e-01 9.923028e-02 -3.238147e-02 -1.041500e-01 1.462113e-01 1.447354e-01 -1.953610e-01 3.824969e-02 1.378467e-01 -1.849743e-01 5.906856e-02 6.563775e-02 -1.200669e-01 -1.347787e-01 9.088956e-02 -1.516924e-01 -1.189260e-01 2.169254e-02 -1.281678e-01 1.481390e-01 7.516971e-03 -2.094479e-01 -1.497201e-01 3.693288e-05 -1.965781e-01 1.497753e-01 -3.107898e-02 -9.567490e-02 -1.465125e-01 -1.302391e-01 -1.014266e-01 7.392656e-02 1.497797e-01 -2.134237e-01 2.141751e-03 9.598744e-02 -1.217571e-01 -1.152194e-01 -5.619877e-02 -1.252075e-01 -1.389505e-01 -1.488048e-01 -1.268308e-01 1.678628e-02 1.448667e-01 -1.910079e-01 -3.839686e-02 -1.398395e-01 -1.871636e-01 -5.409873e-02 5.871287e-03 -1.317725e-01 1.496806e-01 -2.593871e-02 -1.728021e-01 -1.475175e-01 -1.498357e-01 -1.679943e-01 4.569552e-03 -1.048508e-01 -1.322030e-01 1.068512e-01 -6.083025e-02 -1.877741e-01 -1.369944e-01 -9.305470e-02 -2.019931e-01 1.175712e-01 1.018135e-01 -1.868303e-01 -1.098536e-01 1.472046e-01 -1.795963e-01 -2.845363e-02 1.399150e-01 -1.189729e-01 5.366374e-02 1.360553e-01 -1.801274e-01 6.259310e-02 -1.082281e-01 -1.956984e-01 1.035091e-01 4.890391e-02 -9.383784e-02 1.415733e-01 -1.117285e-01 -8.324924e-02 -9.970026e-02 1.307770e-01 -2.132901e-01 7.299770e-02 -2.869377e-02 -1.019489e-01 -1.470336e-01 -1.399989e-01 -1.390633e-01 -5.319100e-02 1.434351e-01 -1.303671e-01 4.352833e-02 1.215773e-01 -1.302936e-01 8.747908e-02 2.575535e-02 -9.178662e-02 1.475706e-01 -1.476117e-01 -1.031519e-01 2.499941e-02 -1.598513e-03 -1.714420e-01 -1.497592e-01 -1.226549e-01 -9.783354e-02 8.597028e-02 -1.012001e-01 -1.655966e-01 -1.106425e-01 -1.295321e-02 -1.787690e-01 -1.492019e-01 -3.105154e-02 -2.031072e-01 -1.467014e-01 -1.488528e-01 -1.939576e-01 -1.670964e-02 -6.227040e-02 -1.504725e-01 1.363344e-01 -1.377781e-01 -1.974673e-01 -5.875860e-02 -8.297160e-03 -1.117102e-01 -1.495140e-01 -1.316218e-01 -1.505613e-01 -7.165276e-02 -1.438465e-01 -1.269462e-01 -4.190312e-02 5.467253e-02 -8.975801e-01 7.652525e-02 8.470932e-02 -1.738570e-01 1.234576e-01 -1.496635e-01 -1.011328e-01 5.020550e-03 4.215017e-02 -9.039646e-02 -1.438535e-01 -6.268314e-02 -9.921478e-02 1.360230e-01 1.401281e-01 -1.436211e-01 -5.316492e-02 7.912939e-02 -2.015144e-01 -1.272215e-01 -1.772551e-02 -1.577967e-01 1.487103e-01 -6.441361e-02 -9.191622e-02 -1.352730e-01 1.428412e-01 -1.577701e-01 4.491352e-02 -1.357307e-01 -1.520387e-01 6.338193e-02 -1.470022e-01 -1.981185e-01 -2.875079e-02 -1.283312e-01 -1.562279e-01 7.706087e-02 -1.343996e-01 -1.669921e-01 -6.610648e-02 -1.369932e-01 -8.233906e-02 -6.070532e-02 1.380906e-01 -8.992521e-02 -5.805646e-02 7.593340e-02 -1.481348e-01 -1.290685e-01 -2.012266e-02 -1.583273e-01 -1.485357e-01 -5.568403e-02 -1.662423e-01 1.391124e-01 1.224639e-01 -1.350842e-01 8.640411e-02 -5.729356e-02 -1.077809e+00 -4.281009e-02 -5.638840e-02 -1.749271e-01 1.387235e-01 1.239897e-01 -1.154468e-01 8.407250e-02 -1.448692e-01 -1.464362e-01 -3.784087e-02 3.428289e-02 -1.452632e-01 -1.459081e-01 -1.035621e-02 -8.757859e-02 -1.493857e-01 1.471842e-01 -1.296890e-01 -2.806888e-02 6.058358e-04 -2.038894e-01 1.497491e-01 5.779586e-02 -1.438319e-01 -1.383803e-01 -4.395453e-02 -1.785789e-01 -1.431952e-01 -1.083791e-01 -1.650789e-01 -1.033649e-01 1.407703e-01 -1.048452e-01 5.173840e-02 1.162276e-01 -8.657140e-02 -9.435838e-02 1.494610e-01 -1.109379e-01 7.908567e-03 -4.262926e-02 -1.876940e-01 -1.405111e-01 2.073565e-02 -1.691024e-01 -1.483861e-01 1.497073e-01 -1.258808e-01 -4.459010e-03 3.262858e-02 -1.902550e-01 1.463520e-01 -1.269081e-01 -1.774533e-01 -7.956637e-02 -1.270199e-01 -1.138705e-01 -7.935106e-02 1.001331e-01 -1.799541e-01 -1.113224e-01 6.627706e-02 -1.755169e-01 1.344048e-01 -1.204454e-01 -1.557094e-01 -8.926532e-02 9.253271e-02 -1.320036e-01 1.178220e-01 -3.314948e-02 -1.916256e-01 -1.461088e-01 -1.352794e-01 -1.504366e-01 6.435756e-02 -6.381439e-02 -4.237925e-01 1.235227e-01 1.114387e-01 -9.726088e-02 -1.000531e-01 -6.590794e-03 -1.291014e-01 -1.497145e-01 -1.466379e-01 -1.273582e-01 -3.051328e-02 9.830456e-02 -1.011823e-01 1.131734e-01 9.868134e-02 -1.534697e-01 -1.128219e-01 1.140979e-01 -1.244937e-01 -9.696727e-02 -7.472619e-02 -1.810579e-01 -1.298785e-01 1.313958e-01 -1.445170e-01 7.192334e-02 3.679766e-03 -9.481931e-02 -1.495224e-01 1.404418e-01 -1.113689e-01 -5.219463e-02 8.301552e-03 -1.046638e-01 1.495211e-01 8.940408e-02 -1.364687e-01 1.201519e-01 4.476176e-02 -9.843264e-02 -1.428427e-01 -1.040698e-01 -1.937575e-01 -1.076640e-01 1.498834e-01 -1.929632e-01 -1.842165e-03 -1.209978e-01 -9.165876e-02 -8.824966e-02 3.801184e-02 -1.248494e-01 1.450394e-01 -1.455964e-01 -1.776061e-01 -3.556022e-02 1.254811e-01 -1.700274e-01 -8.197965e-02 1.906966e-02 -1.504764e-01 -1.485810e-01 -1.497493e-01 -1.666751e-01 7.238371e-03 1.192191e-01 -1.607306e-01 9.059827e-02 -3.343122e-02 -1.994947e-01 1.460948e-01 1.115873e-01 -1.581104e-01 1.000438e-01 -1.327002e-01 -1.008619e-01 -6.927463e-02 3.163245e-02 -9.306943e-02 -1.464487e-01 -1.223470e-01 -1.976502e-01 -8.642090e-02 1.461497e-01 -1.710954e-01 -3.267347e-02 -1.489286e-01 -1.097007e-01 1.755355e-02 -2.883831e-02 -1.246510e-01 1.469683e-01 -1.221997e-01 -1.022040e-01 8.658861e-02 -5.227395e-02 -1.783269e-01 -1.403955e-01 2.520467e-02 -9.445480e-02 -1.476413e-01 -5.639743e-02 -5.276367e-01 -1.223122e-01 -1.490422e-01 -1.316312e-01 1.586009e-02 4.746801e-03 -1.894441e-01 1.495889e-01 -3.304472e-03 -1.070781e-01 1.496185e-01 1.136155e-01 -1.902543e-01 9.777904e-02 6.313295e-02 -9.981060e-02 -1.358236e-01 -9.511207e-02 -1.644722e-01 1.157158e-01 -1.477939e-01 -1.175236e-01 2.395862e-02 -1.397596e-01 -1.898989e-01 -5.398193e-02 -5.615856e-02 -1.740097e-01 -1.390344e-01 -5.530995e-02 -1.410392e-01 -1.391993e-01 1.188457e-01 -1.377957e-01 -9.140793e-02 -3.678400e-02 -1.569645e-01 1.452204e-01 -1.247203e-01 -9.644590e-02 -8.290888e-02 1.445531e-01 -1.194765e-01 3.929029e-02 -1.292195e-01 -1.733055e-01 -7.579724e-02 1.341636e-01 -1.242800e-01 -6.657934e-02 -5.549353e-02 -9.118131e-02 1.392435e-01 -1.474301e-01 -1.163196e-01 -2.629601e-02 -1.440739e-01 -1.657413e-01 -4.106142e-02 -3.036113e-02 -2.009496e-01 1.468418e-01 -4.841248e-02 -1.725020e-01 1.418865e-01 -1.497887e-01 -1.118631e-01 -3.413323e-03 -1.480933e-01 -1.372238e-01 -2.215082e-02 4.180961e-02 -1.484836e-01 -1.438196e-01 1.294448e-01 -1.649157e-01 7.561840e-02 -1.313511e-01 -1.852875e-01 -7.197067e-02 -6.218639e-02 -1.089307e-01 -1.363485e-01 1.102855e-01 -9.167166e-02 1.012873e-01 -1.097040e-01 -1.465423e-01 1.019529e-01 -1.341778e-01 -1.842729e-01 -6.671977e-02 -8.954267e-02 -1.576400e-01 -1.200929e-01 -1.486321e-01 -1.824804e-01 1.835746e-02 1.159070e-01 -1.316961e-01 9.485199e-02 1.072512e-01 -1.262074e-01 1.045308e-01 -1.447709e-01 -1.996447e-01 -3.884148e-02 -9.555534e-02 -1.132437e-01 -1.153178e-01 1.090743e-01 -1.924684e-01 1.027691e-01 -1.492486e-01 -1.306041e-01 1.039686e-02 4.176044e-02 -1.090088e-01 1.438317e-01 -1.398706e-01 -1.321608e-01 -5.412497e-02 1.066252e-01 -1.661494e-01 1.051231e-01 2.097558e-02 -1.000787e-01 1.482279e-01 -1.218984e-01 -1.266592e-01 -8.696521e-02 -1.136184e-01 -1.557540e-01 -9.770964e-02 -7.175625e-02 -1.918478e-01 -1.315937e-01 -8.924295e-02 -1.143607e-01 1.203605e-01 1.043462e-01 -1.557592e-01 -1.074786e-01 -1.376853e-01 -1.572975e-01 -5.515658e-02 1.871932e-02 -1.836353e-01 -1.486253e-01 3.230073e-02 -9.523041e-02 -1.463394e-01 -3.430549e-02 -1.111093e-01 1.458113e-01 -1.485054e-01 -1.060977e-01 2.046915e-02 -5.969987e-02 -1.763127e-01 -1.373555e-01 -1.439705e-01 -1.243836e-01 -3.715466e-02 1.489635e-01 -1.288115e-01 -1.538912e-02 1.302733e-01 -1.432734e-01 -7.412949e-02 1.452584e-01 -1.808045e-01 3.675639e-02 -1.467243e-01 -1.144885e-01 -3.038559e-02 1.931757e-02 -1.717459e-01 1.485363e-01 -1.477136e-01 -1.829144e-01 2.554400e-02 1.309639e-02 -1.748175e-01 1.491398e-01 -5.994484e-03 -1.741128e-01 -1.495816e-01 2.290050e-02 -1.264271e-01 1.480402e-01 -1.002020e-01 -1.631623e-01 -1.113017e-01 1.088509e-01 -1.351494e-01 -1.030082e-01 1.295146e-01 -1.375557e-01 7.551564e-02 -2.452993e-02 -1.738161e-01 1.477042e-01 6.103570e-02 -1.677110e-01 1.369602e-01 9.110298e-03 -1.665515e-01 -1.495948e-01 1.199665e-01 -9.959979e-02 8.978859e-02 1.437325e-01 -1.263050e-01 -4.205459e-02 5.061158e-02 -1.240392e-01 1.410296e-01 -1.417192e-01 -1.764889e-01 -4.859655e-02 -1.355072e-01 -1.812786e-01 6.391028e-02 -9.933548e-02 -1.683558e-01 1.120872e-01 4.555765e-02 -1.578948e-01 1.423567e-01 1.250820e-01 -1.118676e-01 8.232014e-02 -7.467604e-02 -1.437900e-01 1.299051e-01 -7.977066e-02 -2.060915e-01 -1.267454e-01 1.430724e-01 -1.997251e-01 -4.445563e-02 -1.346347e-01 -1.468186e-01 -6.586365e-02 -3.938765e-02 -6.496873e-01 -1.186686e-01 -7.121521e-02 -1.171915e-01 1.318788e-01 -1.276195e-01 -1.998446e-01 -7.850392e-02 1.360968e-01 -1.451491e-01 -6.242576e-02 4.458480e-03 -9.698246e-02 -1.497355e-01 -1.477831e-01 -1.858496e-01 2.448321e-02 -1.474680e-01 -1.438195e-01 -2.647188e-02 -7.616153e-02 -1.266816e-01 -1.288924e-01 1.484134e-01 -1.497680e-01 2.001252e-02 1.474064e-01 -9.711166e-02 -2.684352e-02 1.413091e-01 -1.141557e-01 -5.020057e-02 -1.252083e-01 -2.084546e-01 8.218896e-02 1.041139e-01 -6.911785e-01 5.936285e-02 1.038567e-02 -1.168976e-01 -1.494761e-01 -9.420372e-02 -1.495470e-01 1.164687e-01 4.008503e-02 -1.541460e-01 1.443598e-01 1.492532e-01 -1.257810e-01 9.932864e-03 1.489039e-01 -1.520294e-01 1.695097e-02 1.111505e-04 -1.536424e-01 -1.498505e-01 1.444277e-01 -1.853140e-01 -3.926288e-02 1.179726e-01 -1.364737e-01 -9.261771e-02 5.413589e-02 -1.898577e-01 -1.397545e-01 7.071860e-03 -2.101848e-01 -1.456049e-01 9.870227e-03 -1.407138e-01 1.494146e-01 7.737160e-02 -1.149239e-01 -1.281945e-01 1.000128e-01 -1.181310e-01 1.115841e-01 1.377711e-01 -1.302452e-01 -5.883719e-02 1.169102e-01 -2.145753e-01 -9.371119e-02 9.800498e-02 -1.795917e-01 -1.132458e-01 -1.904010e-02 -9.860853e-02 1.485581e-01 -1.280154e-01 -1.886972e-01 7.769234e-02 9.352384e-02 -1.225047e-01 -1.170037e-01 -1.001090e-01 -2.005589e-01 1.116464e-01 5.624366e-02 -9.038208e-02 1.389415e-01 1.497374e-01 -1.041792e-01 -5.025161e-03 8.290337e-02 -1.507007e-01 -1.247531e-01 -9.360848e-02 -1.553355e-01 1.170777e-01 -3.496714e-02 -1.873843e-01 -1.457809e-01 1.270783e-01 -9.452567e-02 -7.947743e-02 1.497235e-01 -9.240435e-02 -3.289850e-03 1.200160e-01 -1.432733e-01 8.975631e-02 2.046661e-02 -9.062961e-02 -1.483412e-01 -5.037665e-03 -1.396968e-01 -1.496940e-01 1.310556e-01 -1.095009e-01 -7.256448e-02 1.197823e-01 -1.741481e-01 8.988484e-02 -4.912571e-03 -1.918716e-01 1.496376e-01 3.096235e-02 -1.044122e+00 -6.911356e-02 1.016763e-01 -1.581872e-01 -1.100119e-01 1.306269e-01 -1.981427e-01 -7.330113e-02 -4.995983e-02 -1.100397e-01 -1.414144e-01 1.460102e-01 -1.590735e-01 3.340647e-02 -4.336369e-02 -1.480305e-01 1.434016e-01 -3.888433e-02 -1.094171e+00 5.757553e-02 -9.946620e-02 -1.812605e-01 1.121566e-01 -1.240061e-01 -1.564767e-01 8.396757e-02 -1.130733e-01 -1.833638e-01 -9.831128e-02 7.657810e-02 -1.319550e-01 1.287436e-01 1.393123e-01 -9.392191e-02 5.517291e-02 -1.497640e-01 -1.244274e-01 5.504928e-04 -1.275984e-01 -1.389273e-01 -7.852196e-02 -1.458825e-01 -1.788933e-01 -3.433456e-02 -1.371192e-01 -1.714606e-01 -6.038804e-02 -1.304725e-01 -1.213190e-01 7.361063e-02 -7.513926e-02 -8.599661e-02 -1.295204e-01 1.341668e-01 -1.188111e-01 -6.663363e-02 -1.355857e-01 -1.132077e-01 -6.359200e-02 -6.144405e-02 -8.790817e-02 1.365811e-01 8.389924e-02 -1.861862e-01 -1.240288e-01 -5.527453e-02 -1.376597e-01 -1.391750e-01 2.365957e-02 -1.279624e-01 1.479558e-01 -1.248580e-01 -1.913171e-01 -8.288410e-02 -1.319707e-01 -1.104924e-01 7.083449e-02 -7.465040e-02 -1.939353e-01 1.298138e-01 -5.595336e-02 -1.220311e-01 1.389757e-01 -1.246116e-01 -1.055519e-01 8.311368e-02 1.488912e-01 -1.800917e-01 -1.530994e-02 -1.029369e-01 -8.319822e-02 -1.088268e-01 3.390365e-02 -1.306095e-01 -1.459803e-01 -6.519887e-02 -1.422021e-01 -1.349851e-01 1.263366e-01 -1.351909e-01 -8.061039e-02 1.498272e-01 -1.500613e-01 -4.491938e-03 1.294497e-01 -1.656754e-01 7.566889e-02 -1.486925e-01 -1.389295e-01 -1.842356e-02 -1.490967e-01 -1.709668e-01 1.409460e-02 9.377769e-02 -1.060432e-01 -1.169743e-01 -7.028532e-02 -1.008406e-01 -1.322688e-01 -1.392165e-01 -1.713661e-01 5.418415e-02 -1.068355e-01 -1.373405e-01 1.049587e-01 -6.278542e-02 -1.576162e-01 1.359679e-01 1.496386e-01 -1.580509e-01 -9.422742e-03 1.009049e-01 -1.889961e-01 -1.108895e-01 7.381424e-02 -1.133273e-01 -1.305487e-01 -1.231122e-02 -1.012363e-01 -1.492732e-01 -1.378225e-01 -2.021567e-01 5.865869e-02 -1.488012e-01 -8.887951e-02 -1.718749e-02 1.038016e-01 -1.061804e-01 1.081118e-01 1.437844e-01 -1.021749e-01 4.215553e-02 -4.876228e-02 -1.690784e-01 1.417608e-01 -4.245794e-02 -1.639804e-01 -1.436140e-01 1.065746e-01 -2.005679e-01 1.052046e-01 -1.356065e-01 -1.599863e-01 6.368915e-02 -9.366276e-03 -1.066255e+00 7.236204e-02 -1.036679e-01 -1.663070e-01 -1.081733e-01 -1.203942e-01 -1.995612e-01 8.902507e-02 -1.392146e-01 -1.046978e-01 -5.520952e-02 -1.389535e-01 -1.935896e-01 -5.635775e-02 -1.418754e-01 -1.941132e-01 -4.791831e-02 -8.032031e-02 -1.875608e-01 1.263354e-01 -1.130238e-01 -1.969890e-01 -9.834113e-02 1.330383e-01 -2.063414e-01 -6.878276e-02 1.205657e-03 -1.433360e-01 -1.496062e-01 -2.548679e-02 -1.412247e-01 -1.475745e-01 2.801557e-02 -1.836716e-01 1.471863e-01 -1.469613e-01 -1.413410e-01 2.895712e-02 -9.263511e-02 -1.118795e-01 -1.176878e-01 1.063624e-01 -1.660980e-01 1.054695e-01 -1.404523e-01 -1.120593e-01 -5.219643e-02 -8.538527e-02 -1.253091e-01 -1.231237e-01 1.275793e-03 -1.990088e-01 -1.497459e-01 -1.488515e-01 -1.972442e-01 -1.658733e-02 -2.884414e-02 -1.778996e-01 1.469847e-01 -1.480387e-01 -1.939748e-01 2.360889e-02 -6.039340e-02 -1.567154e-01 1.371883e-01 -5.434714e-02 -1.913608e-01 1.394390e-01 1.493415e-01 -1.430268e-01 -1.150981e-02 1.496987e-01 -1.633943e-01 5.169541e-03 -7.644708e-02 -8.155969e-02 1.286668e-01 1.374662e-01 -1.839854e-01 -5.953563e-02 -1.800282e-02 -9.471462e-02 -1.486872e-01 1.384483e-01 -1.385004e-01 5.714245e-02 -1.373663e-01 -1.701437e-01 -6.004059e-02 1.236583e-01 -1.960853e-01 -8.465862e-02 -4.545588e-02 -1.023888e-01 -1.426770e-01 1.328629e-01 -1.182185e-01 -6.914388e-02 -3.163671e-02 -9.257674e-01 -8.481785e-02 1.267852e-01 -1.694879e-01 7.949967e-02 -3.040096e-02 -1.541004e-01 -1.466147e-01 -1.024339e-01 -1.289806e-01 1.092406e-01 -1.400930e-01 -1.281383e-01 5.304182e-02 7.487933e-02 -9.250897e-02 -1.298679e-01 -7.630011e-02 -1.851724e-01 1.288093e-01 -1.227475e-01 -1.315046e-01 -8.579875e-02 -1.238281e-01 -1.480587e-01 8.427916e-02 -1.263532e-01 -9.422453e-02 -8.071400e-02 8.314110e-02 -1.071124e-01 1.246274e-01 1.482707e-01 -1.602827e-01 -2.196266e-02 -1.101323e-02 -1.050022e-01 1.493561e-01 1.117675e-01 -1.737560e-01 9.968970e-02 1.451028e-01 -1.825928e-01 -3.774874e-02 -6.791978e-02 -1.461648e-01 -1.334530e-01 1.296680e-02 -1.098475e-01 -1.493569e-01 -2.047061e-02 -1.842384e-01 -1.485663e-01 -1.484808e-01 -1.058110e-01 -1.977349e-02 -8.679125e-02 -1.533376e-01 -1.220901e-01 8.512119e-04 -1.772931e-01 -1.498401e-01 9.446359e-02 -1.304647e-01 -1.160950e-01 1.272556e-01 -1.135446e-01 7.917108e-02 1.463645e-01 -9.798912e-02 -3.153427e-02 -3.486291e-02 -1.080024e-01 1.456643e-01 -1.494456e-01 -1.531750e-01 9.751769e-03 -1.372582e-01 -1.340153e-01 5.976135e-02 -1.220555e-01 -2.058904e-01 8.683898e-02 6.501161e-02 -9.800100e-02 1.349070e-01 -1.436342e-01 -1.706893e-01 4.257371e-02 9.083930e-02 -1.228896e-01 -1.192528e-01 1.444656e-01 -1.581118e-01 -3.964595e-02 -1.055202e-01 -1.762031e-01 -1.062712e-01 -1.264839e-01 -8.521557e-02 8.021743e-02 2.853465e-02 -9.002300e-02 1.470092e-01 -1.353707e-01 -5.669960e-01 1.083602e-04 -1.130020e-01 -1.709598e-01 -9.829388e-02 -1.431477e-01 -9.417574e-02 4.411913e-02 -1.184850e-01 -1.741287e-01 9.161589e-02 -1.092063e-01 -1.138076e-01 -1.025873e-01 -5.247504e-02 -1.622737e-01 1.402656e-01 3.568069e-02 -1.282783e-01 -1.452726e-01 1.052621e-01 -1.971310e-01 -1.065296e-01 -1.653887e-02 -1.818983e-01 -1.488898e-01 -1.075312e-01 -1.855713e-01 -1.045422e-01 -1.616918e-02 -1.680866e-01 1.490241e-01 -1.387316e-01 -1.868334e-01 -5.698282e-02 -1.459909e-01 -2.256326e-01 -2.319641e-02 -1.365699e-01 -1.200654e-01 -6.176591e-02 7.517383e-02 -9.235311e-02 -1.294312e-01 1.796882e-02 -1.249009e-01 -1.487013e-01 -1.001000e-01 -1.317807e-01 1.113427e-01 -6.734069e-02 -1.444897e-01 -1.338904e-01 -2.120900e-02 -1.650359e-01 1.484114e-01 7.149023e-02 -1.627644e-01 1.318000e-01 -9.286769e-02 -1.741168e-01 -1.175085e-01 -8.927823e-02 -1.138474e-01 1.204681e-01 1.447097e-01 -1.238094e-01 3.840543e-02 -1.482849e-01 -1.663023e-01 2.116512e-02 1.262708e-01 -1.489461e-01 8.089236e-02 1.382512e-01 -1.047895e-01 5.754113e-02 9.996767e-02 -1.267615e-01 1.114979e-01 -2.346135e-02 -7.915313e-01 -1.047087e-01 -1.426450e-01 -1.247590e-01 4.566184e-02 -6.378189e-02 -1.581008e-01 -1.357017e-01 -5.396243e-02 -1.570908e-01 -1.397288e-01 -1.997533e-02 -1.334124e-01 -1.485332e-01 -1.438859e-01 -1.730260e-01 4.188273e-02 -6.359179e-02 -1.206495e-01 -1.355885e-01 -1.355412e-01 -1.776533e-01 6.389365e-02 1.495539e-01 -1.614781e-01 -1.002935e-02 1.497074e-01 -2.009207e-01 -3.910832e-03 -1.473105e-01 -1.480570e-01 -2.798199e-02 1.416312e-01 -1.384065e-01 -4.867060e-02 -4.634077e-02 -1.397826e-01 -1.424137e-01 -1.467806e-01 -1.081948e-01 -3.015818e-02 -1.372746e-01 -1.559413e-01 -6.016985e-02 
        </DataArray>
      </Points>
      <Verts>
        <DataArray type="Int32" Name="connectivity" format="ascii">
          0 1 2 3 4 5 6 7 8 9 10 11 12 13 14 15 16 17 18 19 20 21 22 23 24 25 26 27 28 29 30 31 32 33 34 35 36 37 38 39 40 41 42 43 44 45 46 47 48 49 50 51 52 53 54 55 56 57 58 59 60 61 62 63 64 65 66 67 68 69 70 71 72 73 74 75 76 77 78 79 80 81 82 83 84 85 86 87 88 89 90 91 92 93 94 95 96 97 98 99 100 101 102 103 104 105 106 107 108 109 110 111 112 113 114 115 116 117 118 119 120 121 122 123 124 125 126 127 128 129 130 131 132 133 134 135 136 137 138 139 140 141 142 143 144 145 146 147 148 149 150 151 152 153 154 155 156 157 158 159 160 161 162 163 164 165 166 167 168 169 170 171 172 173 174 175 176 177 178 179 180 181 182 183 184 185 186 187 188 189 190 191 192 193 194 195 196 197 198 199 200 201 202 203 204 205 206 207 208 209 210 211 212 213 214 215 216 217 218 219 220 221 222 223 224 225 226 227 228 229 230 231 232 233 234 235 236 237 238 239 240 241 242 243 244 245 246 247 248 249 250 251 252 253 254 255 256 257 258 259 260 261 262 263 264 265 266 267 268 269 270 271 272 273 274 275 276 277 278 279 280 281 282 283 284 285 286 287 288 289 290 291 292 293 294 295 296 297 298 299 300 301 302 303 304 305 306 307 308 309 310 311 312 313 314 315 316 317 318 319 320 321 322 323 324 325 326 327 328 329 330 331 332 333 334 335 336 337 338 339 340 341 342 343 344 345 346 347 348 349 350 351 352 353 354 355 356 357 358 359 360 361 362 363 364 365 366 367 368 369 370 371 372 373 374 375 376 377 378 379 380 381 382 383 384 385 386 387 388 389 390 391 392 393 394 395 396 397 398 399 400 401 402 403 404 405 406 407 408 409 410 411 412 413 414 415 416 417 418 419 420 421 422 423 424 425 426 427 428 429 430 431 432 433 434 435 436 437 438 439 440 441 442 443 444 445 446 447 448 449 450 451 452 453 454 455 456 457 458 459 460 461 462 463 464 465 466 467 468 469 470 471 472 473 474 475 476 477 478 479 480 481 482 483 484 485 486 487 488 489 490 491 492 493 494 495 496 497 498 499 500 501 502 503 504 505 506 507 508 509 510 511 512 513 514 515 516 517 518 519 520 521 522 523 524 525 526 527 528 529 530 531 532 533 534 535 536 537 538 539 540 541 542 543 544 545 546 547 548 549 550 551 552 553 554 555 556 557 558 559 560 561 562 563 564 565 566 567 568 569 570 571 572 573 574 575 576 577 578 579 580 581 582 583 584 585 586 587 588 589 590 591 592 593 594 595 596 597 598 599 600 601 602 603 604 605 606 607 608 609 610 611 612 613 614 615 616 617 618 619 620 621 622 623 624 625 626 627 628 629 630 631 632 633 634 635 636 637 638 639 640 641 642 643 644 645 646 647 648 649 650 651 652 653 654 655 656 657 658 659 660 661 662 663 664 665 666 667 668 669 670 671 672 673 674 675 676 677 678 679 680 681 682 683 684 685 686 687 688 689 690 691 692 693 694 695 696 697 698 699 700 701 702 703 704 705 706 707 708 709 710 711 712 713 714 715 716 717 718 719 720 721 722 723 724 725 726 727 728 729 730 731 732 733 734 735 736 737 738 739 740 741 742 743 744 745 746 747 748 749 750 751 752 753 754 755 756 757 758 759 760 761 762 763 764 765 766 767 768 769 770 771 772 773 774 775 776 777 778 779 780 781 782 783 784 785 786 787 788 789 790 791 792 793 794 795 796 797 798 799 800 801 802 803 804 805 806 807 808 809 810 811 812 813 814 815 816 817 818 819 820 821 822 823 824 825 826 827 828 829 830 831 832 833 834 835 836 837 838 839 840 841 842 843 844 845 846 847 848 849 850 851 852 853 854 855 856 857 858 859 860 861 862 863 864 865 866 867 868 869 870 871 872 873 874 875 876 877 878 879 880 881 882 883 884 885 886 887 888 889 890 891 892 893 894 895 896 897 898 899 900 901 902 903 904 905 906 907 908 909 910 911 912 913 914 915 916 917 918 919 920 921 922 923 924 925 926 927 928 929 930 931 932 933 934 935 936 937 938 939 940 941 942 943 944 945 946 947 948 949 950 951 952 953 954 955 956 957 958 959 960 961 962 963 964 965 966 967 968 969 970 971 972 973 974 975 976 977 978 979 980 981 982 983 984 985 986 987 988 989 990 991 992 993 994 995 996 997 998 999 1000 1001 1002 1003 1004 1005 1006 1007 1008 1009 1010 1011 1012 1013 1014 1015 1016 1017 1018 1019 1020 1021 1022 1023 1024 1025 1026 1027 1028 1029 1030 1031 1032 1033 1034 1035 1036 1037 1038 1039 1040 1041 1042 1043 1044 1045 1046 1047 1048 1049 1050 1051 1052 1053 1054 1055 1056 1057 1058 1059 1060 1061 1062 1063 1064 1065 1066 1067 1068 1069 1070 1071 1072 1073 1074 1075 1076 1077 1078 1079 1080 1081 1082 1083 1084 1085 1086 1087 1088 1089 1090 1091 1092 1093 1094 1095 1096 1097 1098 1099 1100 1101 1102 1103 1104 1105 1106 1107 1108 1109 1110 1111 1112 1113 1114 1115 1116 1117 1118 1119 1120 1121 1122 1123 1124 1125 1126 1127 1128 1129 1130 1131 1132 1133 1134 1135 1136 1137 1138 1139 1140 1141 1142 1143 1144 1145 1146 1147 1148 1149 1150 1151 1152 1153 1154 1155 1156 1157 1158 1159 1160 1161 1162 1163 1164 1165 1166 1167 1168 1169 1170 1171 1172 1173 1174 1175 1176 1177 1178 1179 1180 1181 1182 1183 1184 1185 1186 1187 1188 1189 1190 1191 1192 1193 1194 1195 1196 1197 1198 1199 1200 1201 1202 1203 1204 1205 1206 1207 1208 1209 1210 1211 1212 1213 1214 1215 1216 1217 1218 1219 1220 1221 1222 1223 1224 1225 1226 1227 1228 1229 1230 1231 1232 1233 1234 1235 1236 1237 1238 1239 1240 1241 1242 1243 1244 1245 1246 1247 1248 1249 1250 1251 1252 1253 1254 1255 1256 1257 1258 1259 1260 1261 1262 1263 1264 1265 1266 1267 1268 1269 1270 1271 1272 1273 1274 1275 1276 1277 1278 1279 1280 1281 1282 1283 1284 1285 1286 1287 1288 1289 1290 1291 1292 1293 1294 1295 1296 1297 1298 1299 1300 1301 1302 1303 1304 1305 1306 1307 1308 1309 1310 1311 1312 1313 1314 1315 1316 1317 1318 1319 1320 1321 1322 1323 1324 1325 1326 1327 1328 1329 1330 1331 1332 1333 1334 1335 1336 1337 1338 1339 1340 1341 1342 1343 1344 1345 1346 1347 1348 1349 1350 1351 1352 1353 1354 1355 1356 1357 1358 1359 1360 1361 1362 1363 1364 1365 1366 1367 1368 1369 1370 1371 1372 1373 1374 1375 1376 1377 1378 1379 1380 1381 1382 1383 1384 1385 1386 1387 1388 1389 1390 1391 1392 1393 1394 1395 1396 1397 1398 1399 1400 1401 1402 1403 1404 1405 1406 1407 1408 1409 1410 1411 1412 1413 1414 1415 1416 1417 1418 1419 1420 1421 1422 1423 1424 1425 1426 1427 1428 1429 1430 1431 1432 1433 1434 1435 1436 1437 1438 1439 1440 1441 1442 1443 1444 1445 1446 1447 1448 1449 1450 1451 1452 1453 1454 1455 1456 1457 1458 1459 1460 1461 1462 1463 1464 1465 1466 1467 1468 1469 1470 1471 1472 1473 1474 1475 1476 1477 1478 1479 1480 1481 1482 1483 1484 1485 1486 1487 1488 1489 1490 1491 1492 1493 1494 1495 1496 1497 1498 1499 1500 1501 1502 1503 1504 1505 1506 1507 1508 1509 1510 1511 1512 1513 1514 1515 1516 1517 1518 1519 1520 1521 1522 1523 1524 1525 1526 1527 1528 1529 1530 1531 1532 1533 1534 1535 1536 1537 1538 1539 1540 1541 1542 1543 1544 1545 1546 1547 1548 1549 1550 1551 1552 1553 1554 1555 1556 1557 1558 1559 1560 1561 1562 1563 1564 1565 1566 1567 1568 1569 1570 1571 1572 1573 1574 1575 1576 1577 1578 1579 1580 1581 1582 1583 1584 1585 1586 1587 1588 1589 1590 1591 1592 1593 1594 1595 1596 1597 1598 1599 1600 1601 1602 1603 1604 1605 1606 1607 1608 1609 1610 1611 1612 1613 1614 1615 1616 1617 1618 1619 1620 1621 1622 1623 1624 1625 1626 1627 1628 1629 1630 1631 1632 1633 1634 1635 1636 1637 1638 1639 1640 1641 1642 1643 1644 1645 1646 1647 1648 1649 1650 1651 1652 1653 1654 1655 1656 1657 1658 1659 1660 1661 1662 1663 1664 1665 1666 1667 1668 1669 1670 1671 1672 1673 1674 1675 1676 1677 1678 1679 1680 1681 1682 1683 1684 1685 1686 1687 1688 1689 1690 1691 1692 1693 1694 1695 1696 1697 1698 1699 1700 1701 1702 1703 1704 1705 1706 1707 1708 1709 1710 1711 1712 1713 1714 1715 1716 1717 1718 1719 1720 1721 1722 1723 1724 1725 1726 1727 1728 1729 1730 1731 1732 1733 1734 1735 1736 1737 1738 1739 1740 1741 1742 1743 1744 1745 1746 1747 1748 1749 1750 1751 1752 1753 1754 1755 1756 1757 1758 1759 1760 1761 1762 1763 1764 1765 1766 1767 1768 1769 1770 1771 1772 1773 1774 1775 1776 1777 1778 1779 1780 1781 1782 1783 1784 1785 1786 1787 1788 1789 1790 1791 1792 1793 1794 1795 1796 1797 1798 1799 1800 1801 1802 1803 1804 1805 1806 1807 1808 1809 1810 1811 1812 1813 1814 1815 1816 1817 1818 1819 1820 1821 1822 1823 1824 1825 1826 1827 1828 1829 1830 1831 1832 1833 1834 1835 1836 1837 1838 1839 1840 1841 1842 1843 1844 1845 1846 1847 1848 1849 1850 1851 1852 1853 1854 1855 1856 1857 1858 1859 1860 1861 1862 1863 1864 1865 1866 1867 1868 1869 1870 1871 1872 1873 1874 1875 1876 1877 1878 1879 1880 1881 1882 1883 1884 1885 1886 1887 1888 1889 1890 1891 1892 1893 1894 1895 1896 1897 1898 1899 1900 1901 1902 1903 1904 1905 1906 1907 1908 1909 1910 1911 1912 1913 1914 1915 1916 1917 1918 1919 1920 1921 1922 1923 1924 1925 1926 1927 1928 1929 1930 1931 1932 1933 1934 1935 1936 1937 1938 1939 1940 1941 1942 1943 1944 1945 1946 1947 1948 1949 1950 1951 1952 1953 1954 1955 1956 1957 1958 1959 1960 1961 1962 1963 1964 1965 1966 1967 1968 1969 1970 1971 1972 1973 1974 1975 1976 1977 1978 1979 1980 1981 1982 1983 1984 1985 1986 1987 1988 1989 1990 1991 1992 1993 1994 1995 1996 1997 1998 1999 2000 2001 2002 2003 2004 2005 2006 2007 2008 2009 2010 2011 2012 2013 2014 2015 2016 2017 2018 2019 2020 2021 2022 2023 2024 2025 2026 2027 2028 2029 2030 2031 2032 2033 2034 2035 2036 2037 2038 2039 2040 2041 2042 2043 2044 2045 2046 2047 2048 2049 2050 2051 2052 2053 2054 2055 2056 2057 2058 2059 2060 2061 2062 2063 2064 2065 2066 2067 2068 2069 2070 2071 2072 2073 2074 2075 2076 2077 2078 2079 2080 2081 2082 2083 2084 2085 2086 2087 2088 2089 2090 2091 2092 2093 2094 2095 2096 2097 2098 2099 2100 2101 2102 2103 2104 2105 2106 2107 2108 2109 2110 2111 2112 2113 2114 2115 2116 2117 2118 2119 2120 2121 2122 2123 2124 2125 2126 2127 2128 2129 2130 2131 2132 2133 2134 2135 2136 2137 2138 2139 2140 2141 2142 2143 2144 2145 2146 2147 2148 2149 2150 2151 2152 2153 2154 2155 2156 2157 2158 2159 2160 2161 2162 2163 2164 2165 2166 2167 2168 2169 2170 2171 2172 2173 2174 2175 2176 2177 2178 2179 2180 2181 2182 2183 2184 2185 2186 2187 2188 2189 2190 2191 2192 2193 2194 2195 2196 2197 2198 2199 2200 2201 2202 2203 2204 2205 2206 2207 2208 2209 2210 2211 2212 2213 2214 2215 2216 2217 2218 2219 2220 2221 2222 2223 2224 2225 2226 2227 2228 2229 2230 2231 2232 2233 2234 2235 2236 2237 2238 2239 2240 2241 2242 2243 2244 2245 2246 2247 2248 2249 2250 2251 2252 2253 2254 2255 2256 2257 2258 2259 2260 2261 2262 2263 2264 2265 2266 2267 2268 2269 2270 2271 2272 2273 2274 2275 2276 2277 2278 2279 2280 2281 2282 2283 2284 2285 2286 2287 2288 2289 2290 2291 2292 2293 2294 2295 2296 2297 2298 2299 2300 2301 2302 2303 2304 2305 2306 2307 2308 2309 2310 2311 2312 2313 2314 2315 2316 2317 2318 2319 2320 2321 2322 2323 2324 2325 2326 2327 2328 2329 2330 2331 2332 2333 2334 2335 2336 2337 2338 2339 2340 2341 2342 2343 2344 2345 2346 2347 2348 2349 2350 2351 2352 2353 2354 2355 2356 2357 2358 2359 2360 2361 2362 2363 2364 2365 2366 2367 2368 2369 2370 2371 2372 2373 2374 2375 2376 2377 2378 2379 2380 2381 2382 2383 2384 2385 2386 2387 2388 2389 2390 2391 2392 2393 2394 2395 2396 2397 2398 2399 2400 2401 2402 2403 2404 2405 2406 2407 2408 2409 2410 2411 2412 2413 2414 2415 2416 2417 2418 2419 2420 2421 2422 2423 2424 2425 2426 2427 2428 2429 2430 2431 2432 2433 2434 2435 2436 2437 2438 2439 2440 2441 2442 2443 2444 2445 2446 2447 2448 2449 2450 2451 2452 2453 2454 2455 2456 2457 2458 2459 2460 2461 2462 2463 2464 2465 2466 2467 2468 2469 2470 2471 2472 2473 2474 2475 2476 2477 2478 2479 2480 2481 2482 2483 2484 2485 2486 2487 2488 2489 2490 2491 2492 2493 2494 2495 2496 2497 2498 2499 2500 2501 2502 2503 2504 2505 2506 2507 2508 2509 2510 2511 2512 2513 2514 2515 2516 2517 2518 2519 2520 2521 2522 2523 2524 2525 2526 2527 2528 2529 2530 2531 2532 2533 2534 2535 2536 2537 2538 2539 2540 2541 2542 2543 2544 2545 2546 2547 2548 2549 2550 2551 2552 2553 2554 2555 2556 2557 2558 2559 2560 2561 2562 2563 2564 2565 2566 2567 2568 2569 2570 2571 2572 2573 2574 2575 2576 2577 2578 2579 2580 2581 2582 2583 2584 2585 2586 2587 2588 2589 2590 2591 2592 2593 2594 2595 2596 2597 2598 2599 2600 2601 2602 2603 2604 2605 2606 2607 2608 2609 2610 2611 2612 2613 2614 2615 2616 2617 2618 2619 2620 2621 2622 2623 2624 2625 2626 2627 2628 2629 2630 2631 2632 2633 2634 2635 2636 2637 2638 2639 2640 2641 2642 2643 2644 2645 2646 2647 2648 2649 2650 2651 2652 2653 2654 2655 2656 2657 2658 2659 2660 2661 2662 2663 2664 2665 2666 2667 2668 2669 2670 2671 2672 2673 2674 2675 2676 2677 2678 2679 2680 2681 2682 2683 2684 2685 2686 2687 2688 2689 2690 2691 2692 2693 2694 2695 2696 2697 2698 2699 2700 2701 2702 2703 2704 2705 2706 2707 2708 2709 2710 2711 2712 2713 2714 2715 2716 2717 2718 2719 2720 2721 2722 2723 2724 2725 2726 2727 2728 2729 2730 2731 2732 2733 2734 2735 2736 2737 2738 2739 2740 2741 2742 2743 2744 2745 2746 2747 2748 2749 2750 2751 2752 2753 2754 2755 2756 2757 2758 2759 2760 2761 2762 2763 2764 2765 2766 2767 2768 2769 2770 2771 2772 2773 2774 2775 2776 2777 2778 2779 2780 2781 2782 2783 2784 2785 2786 2787 2788 2789 2790 2791 2792 2793 2794 2795 2796 2797 2798 2799 2800 2801 2802 2803 2804 2805 2806 2807 2808 2809 2810 2811 2812 2813 2814 2815 2816 2817 2818 2819 2820 2821 2822 2823 2824 2825 2826 2827 2828 2829 2830 2831 2832 2833 2834 2835 2836 2837 2838 2839 2840 2841 2842 2843 2844 2845 2846 2847 2848 2849 2850 2851 2852 2853 2854 2855 2856 2857 2858 2859 2860 2861 2862 2863 2864 2865 2866 2867 2868 2869 2870 2871 2872 2873 2874 2875 2876 2877 2878 2879 2880 2881 2882 2883 2884 2885 2886 2887 2888 2889 2890 2891 2892 2893 2894 2895 2896 2897 2898 2899 2900 2901 2902 2903 2904 2905 2906 2907 2908 2909 2910 2911 2912 2913 2914 2915 2916 2917 2918 2919 2920 2921 2922 2923 2924 2925 2926 2927 2928 2929 2930 2931 2932 2933 2934 2935 2936 2937 2938 2939 2940 2941 2942 2943 2944 2945 2946 2947 2948 2949 2950 2951 2952 2953 2954 2955 2956 2957 2958 2959 2960 2961 2962 2963 2964 2965 2966 2967 2968 2969 2970 2971 2972 2973 2974 2975 2976 2977 2978 2979 2980 2981 2982 2983 2984 2985 2986 2987 2988 2989 2990 2991 2992 2993 2994 2995 2996 2997 2998 2999 3000 3001 3002 3003 3004 3005 3006 3007 3008 3009 3010 3011 3012 3013 3014 3015 3016 3017 3018 3019 3020 3021 3022 3023 3024 3025 3026 3027 3028 3029 3030 3031 3032 3033 3034 3035 3036 3037 3038 3039 3040 3041 3042 3043 3044 3045 3046 3047 3048 3049 3050 3051 3052 3053 3054 3055 3056 3057 3058 3059 3060 3061 3062 3063 3064 3065 3066 3067 3068 3069 3070 3071 3072 3073 3074 3075 3076 3077 3078 3079 3080 3081 3082 3083 3084 3085 3086 3087 3088 3089 3090 3091 3092 3093 3094 3095 3096 3097 3098 3099 3100 3101 3102 3103 3104 3105 3106 3107 3108 3109 3110 3111 3112 3113 3114 3115 3116 3117 3118 3119 3120 3121 3122 3123 3124 3125 3126 3127 3128 3129 3130 3131 3132 3133 3134 3135 3136 3137 3138 3139 3140 3141 3142 3143 3144 3145 3146 3147 3148 3149 3150 3151 3152 3153 3154 3155 3156 3157 3158 3159 3160 3161 3162 3163 3164 3165 3166 3167 3168 3169 3170 3171 3172 3173 3174 3175 3176 3177 3178 3179 3180 3181 3182 3183 3184 3185 3186 3187 3188 3189 3190 3191 3192 3193 3194 3195 3196 3197 3198 3199 3200 3201 3202 3203 3204 3205 3206 3207 3208 3209 3210 3211 3212 3213 3214 3215 3216 3217 3218 3219 3220 3221 3222 3223 3224 3225 3226 3227 3228 3229 3230 3231 3232 3233 3234 3235 3236 3237 3238 3239 3240 3241 3242 3243 3244 3245 3246 3247 3248 3249 3250 3251 3252 3253 3254 3255 3256 3257 3258 3259 3260 3261 3262 3263 3264 3265 3266 3267 3268 3269 3270 3271 3272 3273 3274 3275 3276 3277 3278 3279 3280 3281 3282 3283 3284 3285 3286 3287 3288 3289 3290 3291 3292 3293 3294 3295 3296 3297 3298 3299 3300 3301 3302 3303 3304 3305 3306 3307 3308 3309 3310 3311 3312 3313 3314 3315 3316 3317 3318 3319 3320 3321 3322 3323 3324 3325 3326 3327 3328 3329 3330 3331 3332 3333 3334 3335 3336 3337 3338 3339 3340 3341 3342 3343 3344 3345 3346 3347 3348 3349 3350 3351 3352 3353 3354 3355 3356 3357 3358 3359 3360 3361 3362 3363 3364 3365 3366 3367 3368 3369 3370 3371 3372 3373 3374 3375 3376 3377 3378 3379 3380 3381 3382 3383 3384 3385 3386 3387 3388 3389 3390 3391 3392 3393 3394 3395 3396 3397 3398 3399 3400 3401 3402 3403 3404 3405 3406 3407 3408 3409 3410 3411 3412 3413 3414 3415 3416 3417 3418 3419 3420 3421 3422 3423 3424 3425 3426 3427 3428 3429 3430 3431 3432 3433 3434 3435 3436 3437 3438 3439 3440 3441 3442 3443 3444 3445 3446 3447 3448 3449 3450 3451 3452 3453 3454 3455 3456 3457 3458 3459 3460 3461 3462 3463 3464 3465 3466 3467 3468 3469 3470 3471 3472 3473 3474 3475 3476 3477 3478 3479 3480 3481 3482 3483 3484 3485 3486 3487 3488 3489 3490 3491 3492 3493 3494 3495 3496 3497 3498 3499 3500 3501 3502 3503 3504 3505 3506 3507 3508 3509 3510 3511 3512 3513 3514 3515 3516 3517 3518 3519 3520 3521 3522 3523 3524 3525 3526 3527 3528 3529 3530 3531 3532 3533 3534 3535 3536 3537 3538 3539 3540 3541 3542 3543 3544 3545 3546 3547 3548 3549 3550 3551 3552 3553 3554 3555 3556 3557 3558 3559 3560 3561 3562 3563 3564 3565 3566 3567 3568 3569 3570 3571 3572 3573 3574 3575 3576 3577 3578 3579 3580 3581 3582 3583 3584 3585 3586 3587 3588 3589 3590 3591 3592 3593 3594 3595 3596 3597 3598 3599 3600 3601 3602 3603 3604 3605 3606 3607 3608 3609 3610 3611 3612 3613 3614 3615 3616 3617 3618 3619 3620 3621 3622 3623 3624 3625 3626 3627 3628 3629 3630 3631 3632 3633 3634 3635 3636 3637 3638 3639 3640 3641 3642 3643 3644 3645 3646 3647 3648 3649 3650 3651 3652 3653 3654 3655 3656 3657 3658 3659 3660 3661 3662 3663 3664 3665 3666 3667 3668 3669 3670 3671 3672 3673 3674 3675 3676 3677 3678 3679 3680 3681 3682 3683 3684 3685 3686 3687 3688 3689 3690 3691 3692 3693 3694 3695 3696 3697 3698 3699 3700 3701 3702 3703 3704 3705 3706 3707 3708 3709 3710 3711 3712 3713 3714 3715 3716 3717 3718 3719 3720 3721 3722 3723 3724 3725 3726 3727 3728 3729 3730 3731 3732 3733 3734 3735 3736 3737 3738 3739 3740 3741 3742 3743 3744 3745 3746 3747 3748 3749 3750 3751 3752 3753 3754 3755 3756 3757 3758 3759 3760 3761 3762 3763 3764 3765 3766 3767 3768 3769 3770 3771 3772 3773 3774 3775 3776 3777 3778 3779 3780 3781 3782 3783 3784 3785 3786 3787 3788 3789 3790 3791 3792 3793 3794 3795 3796 3797 3798 3799 3800 3801 3802 3803 3804 3805 3806 3807 3808 3809 3810 3811 3812 3813 3814 3815 3816 3817 3818 3819 3820 3821 3822 3823 3824 3825 3826 3827 3828 3829 3830 3831 3832 3833 3834 3835 3836 3837 3838 3839 3840 3841 3842 3843 3844 3845 3846 3847 3848 3849 3850 3851 3852 3853 3854 3855 3856 3857 3858 3859 3860 3861 3862 3863 3864 3865 3866 3867 3868 3869 3870 3871 3872 3873 3874 3875 3876 3877 3878 3879 3880 3881 3882 3883 3884 3885 3886 3887 3888 3889 3890 3891 3892 3893 3894 3895 3896 3897 3898 3899 3900 3901 3902 3903 3904 3905 3906 3907 3908 3909 3910 3911 3912 3913 3914 3915 3916 3917 3918 3919 3920 3921 3922 3923 3924 3925 3926 3927 3928 3929 3930 3931 3932 3933 3934 3935 3936 3937 3938 3939 3940 3941 3942 3943 3944 3945 3946 3947 3948 3949 3950 3951 3952 3953 3954 3955 3956 3957 3958 3959 3960 3961 3962 3963 3964 3965 3966 3967 3968 3969 3970 3971 3972 3973 3974 3975 3976 3977 3978 3979 3980 3981 3982 3983 3984 3985 3986 3987 3988 3989 3990 3991 3992 3993 3994 3995 3996 3997 3998 3999 4000 4001 4002 4003 4004 4005 4006 4007 4008 4009 4010 4011 4012 4013 4014 4015 4016 4017 4018 4019 4020 4021 4022 4023 4024 4025 4026 4027 4028 4029 4030 4031 4032 4033 4034 4035 4036 4037 4038 4039 4040 4041 4042 4043 4044 4045 4046 4047 4048 4049 4050 4051 4052 4053 4054 4055 4056 4057 4058 4059 4060 4061 4062 4063 4064 4065 4066 4067 4068 4069 4070 4071 4072 4073 4074 4075 4076 4077 4078 4079 4080 4081 4082 4083 4084 4085 4086 4087 4088 4089 4090 4091 4092 4093 4094 4095 4096 4097 4098 4099 4100 4101 4102 4103 4104 4105 4106 4107 4108 4109 4110 4111 4112 4113 4114 4115 4116 4117 4118 4119 4120 4121 4122 4123 4124 4125 4126 4127 4128 4129 4130 4131 4132 4133 4134 4135 4136 4137 4138 4139 4140 4141 4142 4143 4144 4145 4146 4147 4148 4149 4150 4151 4152 4153 4154 4155 4156 4157 4158 4159 4160 4161 4162 4163 4164 4165 4166 4167 4168 4169 4170 4171 4172 4173 4174 4175 4176 4177 4178 4179 4180 4181 4182 4183 4184 4185 4186 4187 4188 4189 4190 4191 4192 4193 4194 4195 4196 4197 4198 4199 4200 4201 4202 4203 4204 4205 4206 4207 4208 4209 4210 4211 4212 4213 4214 4215 4216 4217 4218 4219 4220 4221 4222 4223 4224 4225 4226 4227 4228 4229 4230 4231 4232 4233 4234 4235 4236 4237 4238 4239 4240 4241 4242 4243 4244 4245 4246 4247 4248 4249 4250 4251 4252 4253 4254 4255 4256 4257 4258 4259 4260 4261 4262 4263 4264 4265 4266 4267 4268 4269 4270 4271 4272 4273 4274 4275 4276 4277 4278 4279 4280 4281 4282 4283 4284 4285 4286 4287 4288 4289 4290 4291 4292 4293 4294 4295 4296 4297 4298 4299 4300 4301 4302 4303 4304 4305 4306 4307 4308 4309 4310 4311 4312 4313 4314 4315 4316 4317 4318 4319 4320 4321 4322 4323 4324 4325 4326 4327 4328 4329 4330 4331 4332 4333 4334 4335 4336 4337 4338 4339 4340 4341 4342 4343 4344 4345 4346 4347 4348 4349 4350 4351 4352 4353 4354 4355 4356 4357 4358 4359 4360 4361 4362 4363 4364 4365 4366 4367 4368 4369 4370 4371 4372 4373 4374 4375 4376 4377 4378 4379 4380 4381 4382 4383 4384 4385 4386 4387 4388 4389 4390 4391 4392 4393 4394 4395 4396 4397 4398 4399 4400 4401 4402 4403 4404 4405 4406 4407 4408 4409 4410 4411 4412 4413 4414 4415 4416 4417 4418 4419 4420 4421 4422 4423 4424 4425 4426 4427 4428 4429 4430 4431 4432 4433 4434 4435 4436 4437 4438 4439 4440 4441 4442 4443 4444 4445 4446 4447 4448 4449 4450 4451 4452 4453 4454 4455 4456 4457 4458 4459 4460 4461 4462 4463 4464 4465 4466 4467 4468 4469 4470 4471 4472 4473 4474 4475 4476 4477 4478 4479 4480 4481 4482 4483 4484 4485 4486 4487 4488 4489 4490 4491 4492 4493 4494 4495 4496 4497 4498 4499 4500 4501 4502 4503 4504 4505 4506 4507 4508 4509 4510 4511 4512 4513 4514 4515 4516 4517 4518 4519 4520 4521 4522 4523 4524 4525 4526 4527 4528 4529 4530 4531 4532 4533 4534 4535 4536 4537 4538 4539 4540 4541 4542 4543 4544 4545 4546 4547 4548 4549 4550 4551 4552 4553 4554 4555 4556 4557 4558 4559 4560 4561 4562 4563 4564 4565 4566 4567 4568 4569 4570 4571 4572 4573 4574 4575 4576 4577 4578 4579 4580 4581 4582 4583 4584 4585 4586 4587 4588 4589 4590 4591 4592 4593 4594 4595 4596 4597 4598 4599 4600 4601 4602 4603 4604 4605 4606 4607 4608 4609 4610 4611 4612 4613 4614 4615 4616 4617 4618 4619 4620 4621 4622 4623 4624 4625 4626 4627 4628 4629 4630 4631 4632 4633 4634 4635 4636 4637 4638 4639 4640 4641 4642 4643 4644 4645 4646 4647 4648 4649 4650 4651 4652 4653 4654 4655 4656 4657 4658 4659 4660 4661 4662 4663 4664 4665 4666 4667 4668 4669 4670 4671 4672 4673 4674 4675 4676 4677 4678 4679 4680 4681 4682 4683 4684 4685 4686 4687 4688 4689 4690 4691 4692 4693 4694 4695 4696 4697 4698 4699 4700 4701 4702 4703 4704 4705 4706 4707 4708 4709 4710 4711 4712 4713 4714 4715 4716 4717 4718 4719 4720 4721 4722 4723 4724 4725 4726 4727 4728 4729 4730 4731 4732 4733 4734 4735 4736 4737 4738 4739 4740 4741 4742 4743 4744 4745 4746 4747 4748 4749 4750 4751 4752 4753 4754 4755 4756 4757 4758 4759 4760 4761 4762 4763 4764 4765 4766 4767 4768 4769 4770 4771 4772 4773 4774 4775 4776 4777 4778 4779 4780 4781 4782 4783 4784 4785 4786 4787 4788 4789 4790 4791 4792 4793 4794 4795 4796 4797 4798 4799 4800 4801 4802 4803 4804 4805 4806 4807 4808 4809 4810 4811 4812 4813 4814 4815 4816 4817 4818 4819 4820 4821 4822 4823 4824 4825 4826 4827 4828 4829 4830 4831 4832 4833 4834 4835 4836 4837 4838 4839 4840 4841 4842 4843 4844 4845 4846 4847 4848 4849 4850 4851 4852 4853 4854 4855 4856 4857 4858 4859 4860 4861 4862 4863 4864 4865 4866 4867 4868 4869 4870 4871 4872 4873 4874 4875 4876 4877 4878 4879 4880 4881 4882 4883 4884 4885 4886 4887 4888 4889 4890 4891 4892 4893 4894 4895 4896 4897 4898 4899 4900 4901 4902 4903 4904 4905 4906 4907 4908 4909 4910 4911 4912 4913 4914 4915 4916 4917 4918 4919 4920 4921 4922 4923 4924 4925 4926 4927 4928 4929 4930 4931 4932 4933 4934 4935 4936 4937 4938 4939 4940 4941 4942 4943 4944 4945 4946 4947 4948 4949 4950 4951 4952 4953 4954 4955 4956 4957 4958 4959 4960 4961 4962 4963 4964 4965 4966 4967 4968 4969 4970 4971 4972 4973 4974 4975 4976 4977 4978 4979 4980 4981 4982 4983 4984 4985 4986 4987 4988 4989 4990 4991 4992 4993 4994 4995 4996 4997 4998 4999 
        </DataArray>
        <DataArray type="Int32" Name="offsets" format="ascii">
          1 2 3 4 5 6 7 8 9 10 11 12 13 14 15 16 17 18 19 20 21 22 23 24 25 26 27 28 29 30 31 32 33 34 35 36 37 38 39 40 41 42 43 44 45 46 47 48 49 50 51 52 53 54 55 56 57 58 59 60 61 62 63 64 65 66 67 68 69 70 71 72 73 74 75 76 77 78 79 80 81 82 83 84 85 86 87 88 89 90 91 92 93 94 95 96 97 98 99 100 101 102 103 104 105 106 107 108 109 110 111 112 113 114 115 116 117 118 119 120 121 122 123 124 125 126 127 128 129 130 131 132 133 134 135 136 137 138 139 140 141 142 143 144 145 146 147 148 149 150 151 152 153 154 155 156 157 158 159 160 161 162 163 164 165 166 167 168 169 170 171 172 173 174 175 176 177 178 179 180 181 182 183 184 185 186 187 188 189 190 191 192 193 194 195 196 197 198 199 200 201 202 203 204 205 206 207 208 209 210 211 212 213 214 215 216 217 218 219 220 221 222 223 224 225 226 227 228 229 230 231 232 233 234 235 236 237 238 239 240 241 242 243 244 245 246 247 248 249 250 251 252 253 254 255 256 257 258 259 260 261 262 263 264 265 266 267 268 269 270 271 272 273 274 275 276 277 278 279 280 281 282 283 284 285 286 287 288 289 290 291 292 293 294 295 296 297 298 299 300 301 302 303 304 305 306 307 308 309 310 311 312 313 314 315 316 317 318 319 320 321 322 323 324 325 326 327 328 329 330 331 332 333 334 335 336 337 338 339 340 341 342 343 344 345 346 347 348 349 350 351 352 353 354 355 356 357 358 359 360 361 362 363 364 365 366 367 368 369 370 371 372 373 374 375 376 377 378 379 380 381 382 383 384 385 386 387 388 389 390 391 392 393 394 395 396 397 398 399 400 401 402 403 404 405 406 407 408 409 410 411 412 413 414 415 416 417 418 419 420 421 422 423 424 425 426 427 428 429 430 431 432 433 434 435 436 437 438 439 440 441 442 443 444 445 446 447 448 449 450 451 452 453 454 455 456 457 458 459 460 461 462 463 464 465 466 467 468 469 470 471 472 473 474 475 476 477 478 479 480 481 482 483 484 485 486 487 488 489 490 491 492 493 494 495 496 497 498 499 500 501 502 503 504 505 506 507 508 509 510 511 512 513 514 515 516 517 518 519 520 521 522 523 524 525 526 527 528 529 530 531 532 533 534 535 536 537 538 539 540 541 542 543 544 545 546 547 548 549 550 551 552 553 554 555 556 557 558 559 560 561 562 563 564 565 566 567 568 569 570 571 572 573 574 575 576 577 578 579 580 581 582 583 584 585 586 587 588 589 590 591 592 593 594 595 596 597 598 599 600 601 602 603 604 605 606 607 608 609 610 611 612 613 614 615 616 617 618 619 620 621 622 623 624 625 626 627 628 629 630 631 632 633 634 635 636 637 638 639 640 641 642 643 644 645 646 647 648 649 650 651 652 653 654 655 656 657 658 659 660 661 662 663 664 665 666 667 668 669 670 671 672 673 674 675 676 677 678 679 680 681 682 683 684 685 686 687 688 689 690 691 692 693 694 695 696 697 698 699 700 701 702 703 704 705 706 707 708 709 710 711 712 713 714 715 716 717 718 719 720 721 722 723 724 725 726 727 728 729 730 731 732 733 734 735 736 737 738 739 740 741 742 743 744 745 746 747 748 749 750 751 752 753 754 755 756 757 758 759 760 761 762 763 764 765 766 767 768 769 770 771 772 773 774 775 776 777 778 779 780 781 782 783 784 785 786 787 788 789 790 791 792 793 794 795 796 797 798 799 800 801 802 803 804 805 806 807 808 809 810 811 812 813 814 815 816 817 818 819 820 821 822 823 824 825 826 827 828 829 830 831 832 833 834 835 836 837 838 839 840 841 842 843 844 845 846 847 848 849 850 851 852 853 854 855 856 857 858 859 860 861 862 863 864 865 866 867 868 869 870 871 872 873 874 875 876 877 878 879 880 881 882 883 884 885 886 887 888 889 890 891 892 893 894 895 896 897 898 899 900 901 902 903 904 905 906 907 908 909 910 911 912 913 914 915 916 917 918 919 920 921 922 923 924 925 926 927 928 929 930 931 932 933 934 935 936 937 938 939 940 941 942 943 944 945 946 947 948 949 950 951 952 953 954 955 956 957 958 959 960 961 962 963 964 965 966 967 968 969 970 971 972 973 974 975 976 977 978 979 980 981 982 983 984 985 986 987 988 989 990 991 992 993 994 995 996 997 998 999 1000 1001 1002 1003 1004 1005 1006 1007 1008 1009 1010 1011 1012 1013 1014 1015 1016 1017 1018 1019 1020 1021 1022 1023 1024 1025 1026 1027 1028 1029 1030 1031 1032 1033 1034 1035 1036 1037 1038 1039 1040 1041 1042 1043 1044 1045 1046 1047 1048 1049 1050 1051 1052 1053 1054 1055 1056 1057 1058 1059 1060 1061 1062 1063 1064 1065 1066 1067 1068 1069 1070 1071 1072 1073 1074 1075 1076 1077 1078 1079 1080 1081 1082 1083 1084 1085 1086 1087 1088 1089 1090 1091 1092 1093 1094 1095 1096 1097 1098 1099 1100 1101 1102 1103 1104 1105 1106 1107 1108 1109 1110 1111 1112 1113 1114 1115 1116 1117 1118 1119 1120 1121 1122 1123 1124 1125 1126 1127 1128 1129 1130 1131 1132 1133 1134 1135 1136 1137 1138 1139 1140 1141 1142 1143 1144 1145 1146 1147 1148 1149 1150 1151 1152 1153 1154 1155 1156 1157 1158 1159 1160 1161 1162 1163 1164 1165 1166 1167 1168 1169 1170 1171 1172 1173 1174 1175 1176 1177 1178 1179 1180 1181 1182 1183 1184 1185 1186 1187 1188 1189 1190 1191 1192 1193 1194 1195 1196 1197 1198 1199 1200 1201 1202 1203 1204 1205 1206 1207 1208 1209 1210 1211 1212 1213 1214 1215 1216 1217 1218 1219 1220 1221 1222 1223 1224 1225 1226 1227 1228 1229 1230 1231 1232 1233 1234 1235 1236 1237 1238 1239 1240 1241 1242 1243 1244 1245 1246 1247 1248 1249 1250 1251 1252 1253 1254 1255 1256 1257 1258 1259 1260 1261 1262 1263 1264 1265 1266 1267 1268 1269 1270 1271 1272 1273 1274 1275 1276 1277 1278 1279 1280 1281 1282 1283 1284 1285 1286 1287 1288 1289 1290 1291 1292 1293 1294 1295 1296 1297 1298 1299 1300 1301 1302 1303 1304 1305 1306 1307 1308 1309 1310 1311 1312 1313 1314 1315 1316 1317 1318 1319 1320 1321 1322 1323 1324 1325 1326 1327 1328 1329 1330 1331 1332 1333 1334 1335 1336 1337 1338 1339 1340 1341 1342 1343 1344 1345 1346 1347 1348 1349 1350 1351 1352 1353 1354 1355 1356 1357 1358 1359 1360 1361 1362 1363 1364 1365 1366 1367 1368 1369 1370 1371 1372 1373 1374 1375 1376 1377 1378 1379 1380 1381 1382 1383 1384 1385 1386 1387 1388 1389 1390 1391 1392 1393 1394 1395 1396 1397 1398 1399 1400 1401 1402 1403 1404 1405 1406 1407 1408 1409 1410 1411 1412 1413 1414 1415 1416 1417 1418 1419 1420 1421 1422 1423 1424 1425 1426 1427 1428 1429 1430 1431 1432 1433 1434 1435 1436 1437 1438 1439 1440 1441 1442 1443 1444 1445 1446 1447 1448 1449 1450 1451 1452 1453 1454 1455 1456 1457 1458 1459 1460 1461 1462 1463 1464 1465 1466 1467 1468 1469 1470 1471 1472 1473 1474 1475 1476 1477 1478 1479 1480 1481 1482 1483 1484 1485 1486 1487 1488 1489 1490 1491 1492 1493 1494 1495 1496 1497 1498 1499 1500 1501 1502 1503 1504 1505 1506 1507 1508 1509 1510 1511 1512 1513 1514 1515 1516 1517 1518 1519 1520 1521 1522 1523 1524 1525 1526 1527 1528 1529 1530 1531 1532 1533 1534 1535 1536 1537 1538 1539 1540 1541 1542 1543 1544 1545 1546 1547 1548 1549 1550 1551 1552 1553 1554 1555 1556 1557 1558 1559 1560 1561 1562 1563 1564 1565 1566 1567 1568 1569 1570 1571 1572 1573 1574 1575 1576 1577 1578 1579 1580 1581 1582 1583 1584 1585 1586 1587 1588 1589 1590 1591 1592 1593 1594 1595 1596 1597 1598 1599 1600 1601 1602 1603 1604 1605 1606 1607 1608 1609 1610 1611 1612 1613 1614 1615 1616 1617 1618 1619 1620 1621 1622 1623 1624 1625 1626 1627 1628 1629 1630 1631 1632 1633 1634 1635 1636 1637 1638 1639 1640 1641 1642 1643 1644 1645 1646 1647 1648 1649 1650 1651 1652 1653 1654 1655 1656 1657 1658 1659 1660 1661 1662 1663 1664 1665 1666 1667 1668 1669 1670 1671 1672 1673 1674 1675 1676 1677 1678 1679 1680 1681 1682 1683 1684 1685 1686 1687 1688 1689 1690 1691 1692 1693 1694 1695 1696 1697 1698 1699 1700 1701 1702 1703 1704 1705 1706 1707 1708 1709 1710 1711 1712 1713 1714 1715 1716 1717 1718 1719 1720 1721 1722 1723 1724 1725 1726 1727 1728 1729 1730 1731 1732 1733 1734 1735 1736 1737 1738 1739 1740 1741 1742 1743 1744 1745 1746 1747 1748 1749 1750 1751 1752 1753 1754 1755 1756 1757 1758 1759 1760 1761 1762 1763 1764 1765 1766 1767 1768 1769 1770 1771 1772 1773 1774 1775 1776 1777 1778 1779 1780 1781 1782 1783 1784 1785 1786 1787 1788 1789 1790 1791 1792 1793 1794 1795 1796 1797 1798 1799 1800 1801 1802 1803 1804 1805 1806 1807 1808 1809 1810 1811 1812 1813 1814 1815 1816 1817 1818 1819 1820 1821 1822 1823 1824 1825 1826 1827 1828 1829 1830 1831 1832 1833 1834 1835 1836 1837 1838 1839 1840 1841 1842 1843 1844 1845 1846 1847 1848 1849 1850 1851 1852 1853 1854 1855 1856 1857 1858 1859 1860 1861 1862 1863 1864 1865 1866 1867 1868 1869 1870 1871 1872 1873 1874 1875 1876 1877 1878 1879 1880 1881 1882 1883 1884 1885 1886 1887 1888 1889 1890 1891 1892 1893 1894 1895 1896 1897 1898 1899 1900 1901 1902 1903 1904 1905 1906 1907 1908 1909 1910 1911 1912 1913 1914 1915 1916 1917 1918 1919 1920 1921 1922 1923 1924 1925 1926 1927 1928 1929 1930 1931 1932 1933 1934 1935 1936 1937 1938 1939 1940 1941 1942 1943 1944 1945 1946 1947 1948 1949 1950 1951 1952 1953 1954 1955 1956 1957 1958 1959 1960 1961 1962 1963 1964 1965 1966 1967 1968 1969 1970 1971 1972 1973 1974 1975 1976 1977 1978 1979 1980 1981 1982 1983 1984 1985 1986 1987 1988 1989 1990 1991 1992 1993 1994 1995 1996 1997 1998 1999 2000 2001 2002 2003 2004 2005 2006 2007 2008 2009 2010 2011 2012 2013 2014 2015 2016 2017 2018 2019 2020 2021 2022 2023 2024 2025 2026 2027 2028 2029 2030 2031 2032 2033 2034 2035 2036 2037 2038 2039 2040 2041 2042 2043 2044 2045 2046 2047 2048 2049 2050 2051 2052 2053 2054 2055 2056 2057 2058 2059 2060 2061 2062 2063 2064 2065 2066 2067 2068 2069 2070 2071 2072 2073 2074 2075 2076 2077 2078 2079 2080 2081 2082 2083 2084 2085 2086 2087 2088 2089 2090 2091 2092 2093 2094 2095 2096 2097 2098 2099 2100 2101 2102 2103 2104 2105 2106 2107 2108 2109 2110 2111 2112 2113 2114 2115 2116 2117 2118 2119 2120 2121 2122 2123 2124 2125 2126 2127 2128 2129 2130 2131 2132 2133 2134 2135 2136 2137 2138 2139 2140 2141 2142 2143 2144 2145 2146 2147 2148 2149 2150 2151 2152 2153 2154 2155 2156 2157 2158 2159 2160 2161 2162 2163 2164 2165 2166 2167 2168 2169 2170 2171 2172 2173 2174 2175 2176 2177 2178 2179 2180 2181 2182 2183 2184 2185 2186 2187 2188 2189 2190 2191 2192 2193 2194 2195 2196 2197 2198 2199 2200 2201 2202 2203 2204 2205 2206 2207 2208 2209 2210 2211 2212 2213 2214 2215 2216 2217 2218 2219 2220 2221 2222 2223 2224 2225 2226 2227 2228 2229 2230 2231 2232 2233 2234 2235 2236 2237 2238 2239 2240 2241 2242 2243 2244 2245 2246 2247 2248 2249 2250 2251 2252 2253 2254 2255 2256 2257 2258 2259 2260 2261 2262 2263 2264 2265 2266 2267 2268 2269 2270 2271 2272 2273 2274 2275 2276 2277 2278 2279 2280 2281 2282 2283 2284 2285 2286 2287 2288 2289 2290 2291 2292 2293 2294 2295 2296 2297 2298 2299 2300 2301 2302 2303 2304 2305 2306 2307 2308 2309 2310 2311 2312 2313 2314 2315 2316 2317 2318 2319 2320 2321 2322 2323 2324 2325 2326 2327 2328 2329 2330 2331 2332 2333 2334 2335 2336 2337 2338 2339 2340 2341 2342 2343 2344 2345 2346 2347 2348 2349 2350 2351 2352 2353 2354 2355 2356 2357 2358 2359 2360 2361 2362 2363 2364 2365 2366 2367 2368 2369 2370 2371 2372 2373 2374 2375 2376 2377 2378 2379 2380 2381 2382 2383 2384 2385 2386 2387 2388 2389 2390 2391 2392 2393 2394 2395 2396 2397 2398 2399 2400 2401 2402 2403 2404 2405 2406 2407 2408 2409 2410 2411 2412 2413 2414 2415 2416 2417 2418 2419 2420 2421 2422 2423 2424 2425 2426 2427 2428 2429 2430 2431 2432 2433 2434 2435 2436 2437 2438 2439 2440 2441 2442 2443 2444 2445 2446 2447 2448 2449 2450 2451 2452 2453 2454 2455 2456 2457 2458 2459 2460 2461 2462 2463 2464 2465 2466 2467 2468 2469 2470 2471 2472 2473 2474 2475 2476 2477 2478 2479 2480 2481 2482 2483 2484 2485 2486 2487 2488 2489 2490 2491 2492 2493 2494 2495 2496 2497 2498 2499 2500 2501 2502 2503 2504 2505 2506 2507 2508 2509 2510 2511 2512 2513 2514 2515 2516 2517 2518 2519 2520 2521 2522 2523 2524 2525 2526 2527 2528 2529 2530 2531 2532 2533 2534 2535 2536 2537 2538 2539 2540 2541 2542 2543 2544 2545 2546 2547 2548 2549 2550 2551 2552 2553 2554 2555 2556 2557 2558 2559 2560 2561 2562 2563 2564 2565 2566 2567 2568 2569 2570 2571 2572 2573 2574 2575 2576 2577 2578 2579 2580 2581 2582 2583 2584 2585 2586 2587 2588 2589 2590 2591 2592 2593 2594 2595 2596 2597 2598 2599 2600 2601 2602 2603 2604 2605 2606 2607 2608 2609 2610 2611 2612 2613 2614 2615 2616 2617 2618 2619 2620 2621 2622 2623 2624 2625 2626 2627 2628 2629 2630 2631 2632 2633 2634 2635 2636 2637 2638 2639 2640 2641 2642 2643 2644 2645 2646 2647 2648 2649 2650 2651 2652 2653 2654 2655 2656 2657 2658 2659 2660 2661 2662 2663 2664 2665 2666 2667 2668 2669 2670 2671 2672 2673 2674 2675 2676 2677 2678 2679 2680 2681 2682 2683 2684 2685 2686 2687 2688 2689 2690 2691 2692 2693 2694 2695 2696 2697 2698 2699 2700 2701 2702 2703 2704 2705 2706 2707 2708 2709 2710 2711 2712 2713 2714 2715 2716 2717 2718 2719 2720 2721 2722 2723 2724 2725 2726 2727 2728 2729 2730 2731 2732 2733 2734 2735 2736 2737 2738 2739 2740 2741 2742 2743 2744 2745 2746 2747 2748 2749 2750 2751 2752 2753 2754 2755 2756 2757 2758 2759 2760 2761 2762 2763 2764 2765 2766 2767 2768 2769 2770 2771 2772 2773 2774 2775 2776 2777 2778 2779 2780 2781 2782 2783 2784 2785 2786 2787 2788 2789 2790 2791 2792 2793 2794 2795 2796 2797 2798 2799 2800 2801 2802 2803 2804 2805 2806 2807 2808 2809 2810 2811 2812 2813 2814 2815 2816 2817 2818 2819 2820 2821 2822 2823 2824 2825 2826 2827 2828 2829 2830 2831 2832 2833 2834 2835 2836 2837 2838 2839 2840 2841 2842 2843 2844 2845 2846 2847 2848 2849 2850 2851 2852 2853 2854 2855 2856 2857 2858 2859 2860 2861 2862 2863 2864 2865 2866 2867 2868 2869 2870 2871 2872 2873 2874 2875 2876 2877 2878 2879 2880 2881 2882 2883 2884 2885 2886 2887 2888 2889 2890 2891 2892 2893 2894 2895 2896 2897 2898 2899 2900 2901 2902 2903 2904 2905 2906 2907 2908 2909 2910 2911 2912 2913 2914 2915 2916 2917 2918 2919 2920 2921 2922 2923 2924 2925 2926 2927 2928 2929 2930 2931 2932 2933 2934 2935 2936 2937 2938 2939 2940 2941 2942 2943 2944 2945 2946 2947 2948 2949 2950 2951 2952 2953 2954 2955 2956 2957 2958 2959 2960 2961 2962 2963 2964 2965 2966 2967 2968 2969 2970 2971 2972 2973 2974 2975 2976 2977 2978 2979 2980 2981 2982 2983 2984 2985 2986 2987 2988 2989 2990 2991 2992 2993 2994 2995 2996 2997 2998 2999 3000 3001 3002 3003 3004 3005 3006 3007 3008 3009 3010 3011 3012 3013 3014 3015 3016 3017 3018 3019 3020 3021 3022 3023 3024 3025 3026 3027 3028 3029 3030 3031 3032 3033 3034 3035 3036 3037 3038 3039 3040 3041 3042 3043 3044 3045 3046 3047 3048 3049 3050 3051 3052 3053 3054 3055 3056 3057 3058 3059 3060 3061 3062 3063 3064 3065 3066 3067 3068 3069 3070 3071 3072 3073 3074 3075 3076 3077 3078 3079 3080 3081 3082 3083 3084 3085 3086 3087 3088 3089 3090 3091 3092 3093 3094 3095 3096 3097 3098 3099 3100 3101 3102 3103 3104 3105 3106 3107 3108 3109 3110 3111 3112 3113 3114 3115 3116 3117 3118 3119 3120 3121 3122 3123 3124 3125 3126 3127 3128 3129 3130 3131 3132 3133 3134 3135 3136 3137 3138 3139 3140 3141 3142 3143 3144 3145 3146 3147 3148 3149 3150 3151 3152 3153 3154 3155 3156 3157 3158 3159 3160 3161 3162 3163 3164 3165 3166 3167 3168 3169 3170 3171 3172 3173 3174 3175 3176 3177 3178 3179 3180 3181 3182 3183 3184 3185 3186 3187 3188 3189 3190 3191 3192 3193 3194 3195 3196 3197 3198 3199 3200 3201 3202 3203 3204 3205 3206 3207 3208 3209 3210 3211 3212 3213 3214 3215 3216 3217 3218 3219 3220 3221 3222 3223 3224 3225 3226 3227 3228 3229 3230 3231 3232 3233 3234 3235 3236 3237 3238 3239 3240 3241 3242 3243 3244 3245 3246 3247 3248 3249 3250 3251 3252 3253 3254 3255 3256 3257 3258 3259 3260 3261 3262 3263 3264 3265 3266 3267 3268 3269 3270 3271 3272 3273 3274 3275 3276 3277 3278 3279 3280 3281 3282 3283 3284 3285 3286 3287 3288 3289 3290 3291 3292 3293 3294 3295 3296 3297 3298 3299 3300 3301 3302 3303 3304 3305 3306 3307 3308 3309 3310 3311 3312 3313 3314 3315 3316 3317 3318 3319 3320 3321 3322 3323 3324 3325 3326 3327 3328 3329 3330 3331 3332 3333 3334 3335 3336 3337 3338 3339 3340 3341 3342 3343 3344 3345 3346 3347 3348 3349 3350 3351 3352 3353 3354 3355 3356 3357 3358 3359 3360 3361 3362 3363 3364 3365 3366 3367 3368 3369 3370 3371 3372 3373 3374 3375 3376 3377 3378 3379 3380 3381 3382 3383 3384 3385 3386 3387 3388 3389 3390 3391 3392 3393 3394 3395 3396 3397 3398 3399 3400 3401 3402 3403 3404 3405 3406 3407 3408 3409 3410 3411 3412 3413 3414 3415 3416 3417 3418 3419 3420 3421 3422 3423 3424 3425 3426 3427 3428 3429 3430 3431 3432 3433 3434 3435 3436 3437 3438 3439 3440 3441 3442 3443 3444 3445 3446 3447 3448 3449 3450 3451 3452 3453 3454 3455 3456 3457 3458 3459 3460 3461 3462 3463 3464 3465 3466 3467 3468 3469 3470 3471 3472 3473 3474 3475 3476 3477 3478 3479 3480 3481 3482 3483 3484 3485 3486 3487 3488 3489 3490 3491 3492 3493 3494 3495 3496 3497 3498 3499 3500 3501 3502 3503 3504 3505 3506 3507 3508 3509 3510 3511 3512 3513 3514 3515 3516 3517 3518 3519 3520 3521 3522 3523 3524 3525 3526 3527 3528 3529 3530 3531 3532 3533 3534 3535 3536 3537 3538 3539 3540 3541 3542 3543 3544 3545 3546 3547 3548 3549 3550 3551 3552 3553 3554 3555 3556 3557 3558 3559 3560 3561 3562 3563 3564 3565 3566 3567 3568 3569 3570 3571 3572 3573 3574 3575 3576 3577 3578 3579 3580 3581 3582 3583 3584 3585 3586 3587 3588 3589 3590 3591 3592 3593 3594 3595 3596 3597 3598 3599 3600 3601 3602 3603 3604 3605 3606 3607 3608 3609 3610 3611 3612 3613 3614 3615 3616 3617 3618 3619 3620 3621 3622 3623 3624 3625 3626 3627 3628 3629 3630 3631 3632 3633 3634 3635 3636 3637 3638 3639 3640 3641 3642 3643 3644 3645 3646 3647 3648 3649 3650 3651 3652 3653 3654 3655 3656 3657 3658 3659 3660 3661 3662 3663 3664 3665 3666 3667 3668 3669 3670 3671 3672 3673 3674 3675 3676 3677 3678 3679 3680 3681 3682 3683 3684 3685 3686 3687 3688 3689 3690 3691 3692 3693 3694 3695 3696 3697 3698 3699 3700 3701 3702 3703 3704 3705 3706 3707 3708 3709 3710 3711 3712 3713 3714 3715 3716 3717 3718 3719 3720 3721 3722 3723 3724 3725 3726 3727 3728 3729 3730 3731 3732 3733 3734 3735 3736 3737 3738 3739 3740 3741 3742 3743 3744 3745 3746 3747 3748 3749 3750 3751 3752 3753 3754 3755 3756 3757 3758 3759 3760 3761 3762 3763 3764 3765 3766 3767 3768 3769 3770 3771 3772 3773 3774 3775 3776 3777 3778 3779 3780 3781 3782 3783 3784 3785 3786 3787 3788 3789 3790 3791 3792 3793 3794 3795 3796 3797 3798 3799 3800 3801 3802 3803 3804 3805 3806 3807 3808 3809 3810 3811 3812 3813 3814 3815 3816 3817 3818 3819 3820 3821 3822 3823 3824 3825 3826 3827 3828 3829 3830 3831 3832 3833 3834 3835 3836 3837 3838 3839 3840 3841 3842 3843 3844 3845 3846 3847 3848 3849 3850 3851 3852 3853 3854 3855 3856 3857 3858 3859 3860 3861 3862 3863 3864 3865 3866 3867 3868 3869 3870 3871 3872 3873 3874 3875 3876 3877 3878 3879 3880 3881 3882 3883 3884 3885 3886 3887 3888 3889 3890 3891 3892 3893 3894 3895 3896 3897 3898 3899 3900 3901 3902 3903 3904 3905 3906 3907 3908 3909 3910 3911 3912 3913 3914 3915 3916 3917 3918 3919 3920 3921 3922 3923 3924 3925 3926 3927 3928 3929 3930 3931 3932 3933 3934 3935 3936 3937 3938 3939 3940 3941 3942 3943 3944 3945 3946 3947 3948 3949 3950 3951 3952 3953 3954 3955 3956 3957 3958 3959 3960 3961 3962 3963 3964 3965 3966 3967 3968 3969 3970 3971 3972 3973 3974 3975 3976 3977 3978 3979 3980 3981 3982 3983 3984 3985 3986 3987 3988 3989 3990 3991 3992 3993 3994 3995 3996 3997 3998 3999 4000 4001 4002 4003 4004 4005 4006 4007 4008 4009 4010 4011 4012 4013 4014 4015 4016 4017 4018 4019 4020 4021 4022 4023 4024 4025 4026 4027 4028 4029 4030 4031 4032 4033 4034 4035 4036 4037 4038 4039 4040 4041 4042 4043 4044 4045 4046 4047 4048 4049 4050 4051 4052 4053 4054 4055 4056 4057 4058 4059 4060 4061 4062 4063 4064 4065 4066 4067 4068 4069 4070 4071 4072 4073 4074 4075 4076 4077 4078 4079 4080 4081 4082 4083 4084 4085 4086 4087 4088 4089 4090 4091 4092 4093 4094 4095 4096 4097 4098 4099 4100 4101 4102 4103 4104 4105 4106 4107 4108 4109 4110 4111 4112 4113 4114 4115 4116 4117 4118 4119 4120 4121 4122 4123 4124 4125 4126 4127 4128 4129 4130 4131 4132 4133 4134 4135 4136 4137 4138 4139 4140 4141 4142 4143 4144 4145 4146 4147 4148 4149 4150 4151 4152 4153 4154 4155 4156 4157 4158 4159 4160 4161 4162 4163 4164 4165 4166 4167 4168 4169 4170 4171 4172 4173 4174 4175 4176 4177 4178 4179 4180 4181 4182 4183 4184 4185 4186 4187 4188 4189 4190 4191 4192 4193 4194 4195 4196 4197 4198 4199 4200 4201 4202 4203 4204 4205 4206 4207 4208 4209 4210 4211 4212 4213 4214 4215 4216 4217 4218 4219 4220 4221 4222 4223 4224 4225 4226 4227 4228 4229 4230 4231 4232 4233 4234 4235 4236 4237 4238 4239 4240 4241 4242 4243 4244 4245 4246 4247 4248 4249 4250 4251 4252 4253 4254 4255 4256 4257 4258 4259 4260 4261 4262 4263 4264 4265 4266 4267 4268 4269 4270 4271 4272 4273 4274 4275 4276 4277 4278 4279 4280 4281 4282 4283 4284 4285 4286 4287 4288 4289 4290 4291 4292 4293 4294 4295 4296 4297 4298 4299 4300 4301 4302 4303 4304 4305 4306 4307 4308 4309 4310 4311 4312 4313 4314 4315 4316 4317 4318 4319 4320 4321 4322 4323 4324 4325 4326 4327 4328 4329 4330 4331 4332 4333 4334 4335 4336 4337 4338 4339 4340 4341 4342 4343 4344 4345 4346 4347 4348 4349 4350 4351 4352 4353 4354 4355 4356 4357 4358 4359 4360 4361 4362 4363 4364 4365 4366 4367 4368 4369 4370 4371 4372 4373 4374 4375 4376 4377 4378 4379 4380 4381 4382 4383 4384 4385 4386 4387 4388 4389 4390 4391 4392 4393 4394 4395 4396 4397 4398 4399 4400 4401 4402 4403 4404 4405 4406 4407 4408 4409 4410 4411 4412 4413 4414 4415 4416 4417 4418 4419 4420 4421 4422 4423 4424 4425 4426 4427 4428 4429 4430 4431 4432 4433 4434 4435 4436 4437 4438 4439 4440 4441 4442 4443 4444 4445 4446 4447 4448 4449 4450 4451 4452 4453 4454 4455 4456 4457 4458 4459 4460 4461 4462 4463 4464 4465 4466 4467 4468 4469 4470 4471 4472 4473 4474 4475 4476 4477 4478 4479 4480 4481 4482 4483 4484 4485 4486 4487 4488 4489 4490 4491 4492 4493 4494 4495 4496 4497 4498 4499 4500 4501 4502 4503 4504 4505 4506 4507 4508 4509 4510 4511 4512 4513 4514 4515 4516 4517 4518 4519 4520 4521 4522 4523 4524 4525 4526 4527 4528 4529 4530 4531 4532 4533 4534 4535 4536 4537 4538 4539 4540 4541 4542 4543 4544 4545 4546 4547 4548 4549 4550 4551 4552 4553 4554 4555 4556 4557 4558 4559 4560 4561 4562 4563 4564 4565 4566 4567 4568 4569 4570 4571 4572 4573 4574 4575 4576 4577 4578 4579 4580 4581 4582 4583 4584 4585 4586 4587 4588 4589 4590 4591 4592 4593 4594 4595 4596 4597 4598 4599 4600 4601 4602 4603 4604 4605 4606 4607 4608 4609 4610 4611 4612 4613 4614 4615 4616 4617 4618 4619 4620 4621 4622 4623 4624 4625 4626 4627 4628 4629 4630 4631 4632 4633 4634 4635 4636 4637 4638 4639 4640 4641 4642 4643 4644 4645 4646 4647 4648 4649 4650 4651 4652 4653 4654 4655 4656 4657 4658 4659 4660 4661 4662 4663 4664 4665 4666 4667 4668 4669 4670 4671 4672 4673 4674 4675 4676 4677 4678 4679 4680 4681 4682 4683 4684 4685 4686 4687 4688 4689 4690 4691 4692 4693 4694 4695 4696 4697 4698 4699 4700 4701 4702 4703 4704 4705 4706 4707 4708 4709 4710 4711 4712 4713 4714 4715 4716 4717 4718 4719 4720 4721 4722 4723 4724 4725 4726 4727 4728 4729 4730 4731 4732 4733 4734 4735 4736 4737 4738 4739 4740 4741 4742 4743 4744 4745 4746 4747 4748 4749 4750 4751 4752 4753 4754 4755 4756 4757 4758 4759 4760 4761 4762 4763 4764 4765 4766 4767 4768 4769 4770 4771 4772 4773 4774 4775 4776 4777 4778 4779 4780 4781 4782 4783 4784 4785 4786 4787 4788 4789 4790 4791 4792 4793 4794 4795 4796 4797 4798 4799 4800 4801 4802 4803 4804 4805 4806 4807 4808 4809 4810 4811 4812 4813 4814 4815 4816 4817 4818 4819 4820 4821 4822 4823 4824 4825 4826 4827 4828 4829 4830 4831 4832 4833 4834 4835 4836 4837 4838 4839 4840 4841 4842 4843 4844 4845 4846 4847 4848 4849 4850 4851 4852 4853 4854 4855 4856 4857 4858 4859 4860 4861 4862 4863 4864 4865 4866 4867 4868 4869 4870 4871 4872 4873 4874 4875 4876 4877 4878 4879 4880 4881 4882 4883 4884 4885 4886 4887 4888 4889 4890 4891 4892 4893 4894 4895 4896 4897 4898 4899 4900 4901 4902 4903 4904 4905 4906 4907 4908 4909 4910 4911 4912 4913 4914 4915 4916 4917 4918 4919 4920 4921 4922 4923 4924 4925 4926 4927 4928 4929 4930 4931 4932 4933 4934 4935 4936 4937 4938 4939 4940 4941 4942 4943 4944 4945 4946 4947 4948 4949 4950 4951 4952 4953 4954 4955 4956 4957 4958 4959 4960 4961 4962 4963 4964 4965 4966 4967 4968 4969 4970 4971 4972 4973 4974 4975 4976 4977 4978 4979 4980 4981 4982 4983 4984 4985 4986 4987 4988 4989 4990 4991 4992 4993 4994 4995 4996 4997 4998 4999 5000 
        </DataArray>
      </Verts>
    </Piece>
  </PolyData>
</VTKFile>
